STAFF NO,TITLE,FIRST NAME,MIDDLE NAME,LAST NAME,GENDER,CADRE,NATURE OF APPOINTMENT,DATE OF 1ST APPOINTMENT,DATE OF PRESENT APPOINTMENT,PRESENT RANK,SALARY STRUCTURE,GRADE LEVEL,STEP,QUALIFICATION,D.O.B,E-MAIL,PHONE NUMBER
SP/R/008,PROF., ABUBAKAR,MUSA,KUNDIRI,M,ACADEMIC,PERMANENT,6/10/1905,24/11/2011,PROFESSOR,CONUASS,7,10,PH.D SOIL & WATER MANAGEMENT,20/03/1964,amkundiri@yahoo.com,8031326547
SP/R/062,,SANUSI,,GARBA,M,ACADEMIC,PERMANENT,1/2/2012,1/10/2019,LECTURER I,CONUASS,4,1,M.SC ACCOUNTING,25/04/1985,khalifasunusi@yahoo.com,8034165529
SP/R/064,,HASSAN,MURITALA,BABATUNDE,M,ACADEMIC,PERMANENT,1/2/2012,1/10/2016,LECTURER I,CONUASS,4,3,M.SC POLITICAL SCIENCE,11/11/1983,hassan.m@fud.edu.ng,8036217558
SP/R/091,,AISHA,MUHAMMAD,ABDULLAHI,F,ACADEMIC,PERMANENT,4/4/2012,1/10/2019,LECTURER II,CONUASS,3,1,M.SC COMPUTER SCIENCE,27/05/1985,am.abdullahi@fud.edu.ng,8030488699
SP/R/134,DR., LAMIDI,KAMAL,OLANIYI,M,ACADEMIC,PERMANENT,1/4/2012,1/10/2019,SENIOR LECTURER ,CONUASS,5,1,M.SC POLITICAL SCIENCE,21/02/1978,kamaldeenlam2001@yahoo.com,8034615526
SP/R/135,,BELLO,GAFARU,OLADELE,M,ACADEMIC,PERMANENT,1/4/2012,1/10/2016,LECTURER I,CONUASS,4,3,M.SC AGRIC EXTENSION,26/05/1974,bellogafar.o@fud.edu.ng,8039662556
SP/R/136,PROF., ABUBAKAR,MUHAMMAD,MUSTAPHA,M,ACADEMIC,PERMANENT,1/7/2012,1/10/2015,PROFESSOR,CONUASS,7,3,PH.D BIOLOGY,17/04/1967,mmabubakar2005@gmail.com,8036165319
SP/R/137,DR., BABANGIDA,BABURA,IBRAHIM,M,ACADEMIC,PERMANENT,7/5/2012,1/10/2019,SENIOR LECTURER,CONUASS,5,1,Ph.D STATISTICS,7/12/1975,bibabura@gmail.com,8024041571
SP/R/138,DR., YUSUF,,BASHIR,M,ACADEMIC,PERMANENT,1/4/2012,1/10/2013,SENIOR LECTURER ,CONUASS,5,1,Ph.D MATHEMATICS,10/12/1971,bashir.yusuf40@yahoo.com,8099480898
SP/R/139,DR., TASIU,,ZINGINA,M,ACADEMIC,PERMANENT,1/4/2012,1/10/2019,SENIOR LECTURER,CONUASS,5,1,Ph.D PHYSICS,14/03/1968,tasiuzangina@gmail.com,8032136356
SP/R/141,DR., ALI,ADO,SIRO,M,ACADEMIC,PERMANENT,1/4/2012,1/10/2017,SENIOR LECTURER ,CONUASS,5,2,MS.C SOCIOLOGY,3/4/1974,aasiro2003@yahoo.com,8024697824
SP/R/142,,ALIYU,SAMBO,ALHASSAN,M,ACADEMIC,PERMANENT,2/4/2012,1/10/2017,LECTURER I,CONUASS,4,2,M.A ENGLISH,15/01/1970,nayankari2019@hotmail.com,8065454988
SP/R/143,,UCHEGBU,C,CHINYERE,F,ACADEMIC,PERMANENT,1/4/2012,1/10/2017,LECTURER I,CONUASS,4,2,PH.D ENGLISH,26/08/1979,chiuchegbu247@gmail.com,8137509111
SP/R/145,DR., MOHAMMAD,DAMAMISAU,SANI,M,ACADEMIC,PERMANENT,1/4/2012,1/10/2018,LECTURER I,CONUASS,4,1,MS.C OIL & GAS,3/2/1972,sdmshira86@yahoo.com,8032921734
SP/R/146,PROF., SANI,MUHAMMAD ,NURA,M,ACADEMIC,PERMANENT,1/4/2012,1/10/2019,PROFESSOR,CONUASS,7,1,PH.D MICROBIOLOGY,4/9/1966,nuramujahid@yahoo.com,8023811279
SP/R/147,PROF., ABDULLAHI,,MUSTAPHA,M,ACADEMIC,PERMANENT,1/4/2012,1/10/2014,PROFESSOR,CONUASS,7,5,PH.D ORGANIC CHEMISTRY,1/1/1973,abdullahi.mustapha@fud.edu.ng,7068741150
SP/R/148,DR., EGUDA,FELIX,YAKUBU,M,ACADEMIC,PERMANENT,1/5/2012,1/10/2017,SENIOR LECTURER ,CONUASS,5,2,PH.D APPLIED MATHEMATICS,13/07/1979,felyak-e@yahoo.co.uk,8160559365
SP/R/150,DR., SAMINU,MURTALA,YAKASAI,M,ACADEMIC,PERMANENT,8/5/2012,1/10/2019,READER,CONUASS,6,1,PH.D COLOUR CHEMISTRY,10/7/1968,saminum@yahoo.co.uk,8034016200
SP/R/151,,KARIK,NAMIJI,OLUBUKOLA,F,ACADEMIC,PERMANENT,1/4/2012,1/10/2017,LECTURER I,CONUASS,4,2,M.A ENGLISH,22/03/1977,kibisworld@gmail.com,8036044508
SP/R/152,,HAJARAH,,MOMOH,F,ACADEMIC,PERMANENT,8/5/2012,1/10/2019,SENIOR LECTURER ,CONUASS,5,1,M.SC ORGANIC CHEMISTRY,11/11/1977,momohhajara@yahoo.com,8036377784
SP/R/153,,HUSSAINI,INUWA,MUSA,M,ACADEMIC,PERMANENT,12/4/2012,1/10/2017,LECTURER I,CONUASS,4,2,PH.D ARABIC,13/08/1975,hussaini.m@fud.edu.ng,8036308411
SP/R/155,,YAKUBU,,HARUNA,M,ACADEMIC,PERMANENT,1/4/2012,1/10/2014,LECTURER I,CONUASS,4,4,MS.C AGRONOMY,6/10/1978,hyakubu2@gmail.com,8036828215
SP/R/156,DR., MOHAMMAD,IBRAHIM,ADAM,M,ACADEMIC,PERMANENT,23/04/2012,1/10/2018,SENIOR LECTURER ,CONUASS,5,1,Ph.D ECONOMICS,27/06/1975,ibraheemabulele1@gmail.com,8033625683
SP/R/157,DR., SHUAIBU,,LAWAN,M,ACADEMIC,PERMANENT,10/5/2012,1/10/2019,PROFESSOR,CONUASS,7,2,PH.D ENGLISH,1/10/1960,lashuaib@yahoo.com,8034532035
SP/R/158,DR., ISYAKU,MOHAMMAD,SANI,M,ACADEMIC,PERMANENT,5/3/2012,1/10/2017,SENIIOR LECTURER ,CONUASS,5,2,PH.D AGRONOMY,20/05/1969,msbbr2010@yahoo.com,8069199000
SP/R/159,PROF., UMAR,MOHAMMAD,BELLO,M,ACADEMIC,PERMANENT,2/5/2012,1/10/2018,PROFESSOR,CONUASS,7,1,PH.D PUBLIC ADMINISTRATION,22/03/1961,dr.mbumar@yahoo.com,8065539848
SP/R/161,,ISYAKU,,SABO,M,ACADEMIC,PERMANENT,5/3/2012,1/10/2018,LECTURER I,CONUASS,4,4,MS.C PHYSICS,28/12/1961,saboisyaku11@gmail.com,8066143532
SP/R/162,PROF., ADAMU,USMAN,IZGE,M,ACADEMIC,PERMANENT,1/7/2013,1/10/2014,PROFESSOR,CONUASS,7,7,PH.D CROP BREEDING,16/12/1966,bamsyizge@yahoo.com,8030636782
SP/R/164,PROF., CHIFU,EBENEZER,NDIKILAR,M,ACADEMIC,CONTRACT,1/5/2012,1/10/2014,PROFESSOR,CONUASS,7,3,PH.D THEORETICAL PHYSICS,21/09/1979,ebenechifu@yahoo.com,8069553173
SP/R/166,PROF., MUHAMMAD,NASIRU,YARO,M,ACADEMIC,PERMANENT,1/5/2012,1/10/2019,PROFESSOR,CONUASS,7,1,PH.D APPLIED PHYSICAL CHEMISTRY,26/12/1971,yaro_n@yahoo.com,7032863036
SP/R/167,,NICHOLAS,OSITA,OKOLIE,M,ACADEMIC,PERMANENT,1/5/2012,1/10/2016,LECTURER II,CONUASS,3,4,M.A FRENCH STUDIES,12/3/1979,osilangs@hotmail.com,8036254629
SP/R/168,,SADIQ,MOHAMMAD,TAJUDEEN,M,ACADEMIC,PERMANENT,19/05/2012,1/10/2016,LECTURER I,CONUASS,4,3,M.A ENGLISH,27/09/1959,tajusadiq2005@yahoo.com,8028573479
SP/R/170,,MARCELLA,,BAGLA,F,ACADEMIC,CONTRACT,23/08/2012,1/10/2014,LECTURER I,CONUASS,4,5,MS.C ECONOMICS,21/12/1967,marcella_bagla@yahoo.com,8060805927
SP/R/171,DR., AHMED,,ALIYU,M,ACADEMIC,PERMANENT,2/4/2012,1/10/2017,LECTURER I,CONUASS,4,2,PH.D STRATEGY & SECURITY STUDIES,27/07/1963,ahmedaliyu2007@yahoo.com,8033498999
SP/R/173,DR., SHIAKA,GIMBA,PETER,M,ACADEMIC,PERMANENT,9/5/2012,1/10/2019,SENIOR LECTURER,CONUASS,5,1,MS.C MICROBIOLOGY,30/01/1971,gimpet1971@gmail.com,8036436065
SP/R/175,DR., BANAKE,E,SAMBO,M,ACADEMIC,PERMANENT,27/06/2012,1/10/2013,SENIOR LECTURER,CONUASS,5,1,PH.D AGRONOMY,13/04/1964,banelisam@yahoo.com,8023308577
SP/R/182,,MUBARAK,MOHAMMAD,HUSSAIN,M,ACADEMIC,PERMANENT,18/07/2012,1/10/2017,LECTURER I,CONUASS,4,2,M.A SOCIOLOGY,2/11/1979,mubarakmuhammad2011@gmail.com,8069482320
SP/R/184,,YAHAYA,A,ADAMU,M,ACADEMIC,PERMANENT,1/5/2012,1/10/2017,LECTURER I,CONUASS,4,2,PH.D,1/5/1975,husymama@yahoo.com,8037120275
SP/R/189,,TAKIM,AJOM,OKONGOR,F,ACADEMIC,PERMANENT,1/5/2012,1/10/2017,LECTURER I,CONUASS,4,2,M.A ENGLISH,3/5/1964,takinajomokorgor@gmail.com,8137945071
SP/R/252,,SAFIYANU,,SULE,M,ACADEMIC,PERMANENT,2/7/2012,1/10/2015,LECTURER I,CONNUASS,4,2,"Ph.D ACCOUNTING, M SC. ACCOUNTING",19/06/1982,safidut@yahoo.com,8034981341
SP/R/276,,SALISU,MUHAMMAD,KHALIL,M,ACADEMIC,PERMANENT,2/7/2012,1/12/2015,LECTURER I,CONUASS,4,1,MS.C GEOGRAPHY,22/12/1985,muhammadskhaleel@yahoo.com,9039459841
SP/R/288,,YAHAYA,,ABUBAKAR,M,ACADEMIC,PERMANENT,3/7/2012,1/10/2019,LECTURER I,CONUASS,4,1,M.A INTERNATIONAL RELATION,12/4/1986,abbakaryahaya@gmail.com,8099446121
SP/R/300,,AISHA,WADA,ABUBAKAR,F,ACADEMIC,PERMANENT,2/7/2012,1/10/2016,LECTURER I,CONUASS,4,3,MS.C NOTANY,26/03/1978,aishawada99@gmail.com,8033192401
SP/R/301,,BABA,YERIMA,MAMMAN,M,ACADEMIC,PERMANENT,2/7/2012,1/10/2017,LECTURER II,CONUASS,3,2,MS.C AGRIC ECONOMICS,8/3/1985,mamman.by@fud.edu.ng,8037919656
SP/R/302,,IBRAHIM,KASSIM,SULEIMAN,M,ACADEMIC,PERMANENT,26/06/2012,14/09/2018,LECTURER II,CONUASS,3,2,M.Sc MANAGEMENT,15/08/1986,suleibk66@yahoo.com,8054551061
SP/R/310,,ABDUL-AZEEZ,,HUDU,M,ACADEMIC,PERMANENT,2/7/2012,1/10/2019,LECTURER I,CONUASS,4,1,MS.C AGRIC ECONOMICS & EXTENSION,10/12/1980,azeezhud4real@gmail.com,8066036772
SP/R/317,,MAUNDE,MOHAMMED,MUSA,M,ACADEMIC,PERMANENT,2/7/2012,2/23/2019,LECTURER II,CONUASS,3,1,M.TECH SOIL SCIENCE,4/5/1970,maude4musa@gmail.com,8067570100
SP/R/377,,PATIENCE,E,IDOGA,F,ACADEMIC,PERMANENT,1/8/2012,3/8/2015,ASSISTANT LECTURER,CONUASS,2,5,MS.C COMPUTER ENGINEERING,24/08/1985,patbeant@yahoo.com,8166744812
SP/R/383,PROF., SHAFIU,,JIBRIN,M,ACADEMIC,PERMANENT,9/7/2015,9/7/2015,PROFESSOR,CONUASS,7,6,PH.D MATHEMATICS,25/10/1964,shafiuj@yahoo.com,7034957055
SP/R/401,DR., IDRIS,MUSA,OKPANACHI,M,ACADEMIC,PERMANENT,28/08/2012,28/08/2012,READER,CONUASS,6,7,PH.D ENGLISH,23/12/1956,idrisokpana@yahoo.com,7034246543
SP/R/431,,FAI’ZAH,MUKHTAR,AD’HAMA,F,ACADEMIC,PERMANENT,18/12/2012,1/10/2019,LECTURER I,CONUASS,4,1,MS.C ECONOMICS,9/2/1979,faiadhama@yahoo.com,8024225737
SP/R/445,PROF., AMINA,ABUBAKAR,BASHIR,F,ACADEMIC,PERMANENT,2/1/2013,2/1/2013,PROFESSOR,CONUASS,7,10,PH.D ENGLISH,8/6/1960,amina.b@fud.edu.ng,8036285504
SP/R/454,,AMINU ,AHMED,BUBA,M,ACADEMIC,PERMANENT ,1/11/2012,1/11/2012,LIBRARIAN II,CONUASS,2,2,B. LIBRARY & INFORMATION SCI.,12/11/1983,amah556@gmail.com,8035711900
SP/R/456,,ADAMU,SA’AD,MADAKI,M,ACADEMIC,PERMANENT,1/11/2012,1/5/2018,LIBRARIAN II,CONUASS,2, ,M.SC LIBRARY INFORMATION SCIENCE,15/08/1981,asmadaki@yahoo.com,8065568482
SP/R/468,DR., SADIQ,ISMAILA,SHINA,M,ACADEMIC,PERMANENT,3/12/2012,1/10/2019,SENIOR LECTURER ,CONUASS,5,1,PH.D APPLIED CHEMISTRY,30/10/1976,shinasadiq2015@gmail.com,7035511295
SP/R/469,,TAHIR,MUSA,TAHIR,M,ACADEMIC,PERMANENT,2/4/2013,1/10/2019,LECTURER I,CONUASS,4,1,MS.C ANALYTICAL CHEMISTRY,9/2/1969,ttahir251@gmail.com,7035503496
SP/R/472,DR., BALOGUN,JOSHUA,BABALOLA,M,ACADEMIC,PERMANENT,3/12/2012,1/10/2019,SENIOR LECTURER ,CONUASS,5,1,PH.D BIOLOGY,13/06/1981,joshufeli@gmail.com,8068607137
SP/R/475,DR., MOHAMMED,ISA,AUYO,M,ACADEMIC,PERMANENT,14/11/2012,1/10/2019,SENIOR LECTURER ,CONUASS,5,1,M.SC BOTANY,1/5/1966,isaauyo@gmail.com,8032079336
SP/R/476,DR., DANMAIGORO,,OLAREWAJU,M,ACADEMIC,PERMANENT,3/12/2012,1/10/2019,SENIOR LECTURER,CONUASS,5,1,MS.C AGRONOMY,6/10/1971,Danmaigorosalihu@yahoo.com,7057669013
SP/R/477,DR., FLORENCE,OBADIRE,OLUWAKEMI,F,ACADEMIC,PERMANENT,3/12/2012,1/10/2017,SENIOR LECTURER ,CONUASS,5,2,M.A AGRIC,29/08/1979,florenceobadire@gmail.com,8036316394
SP/R/478,DR., MUKTAR,BASHIR,GARBA,M,ACADEMIC,PERMANENT,3/12/2012,1/10/2019,SENIOR LECTURER,CONUASS,5,2,MS.C AGRI ECONOMICS,24/09/1979,bashgumel@yahoo.com,8034183266
SP/R/479,,SALISU,,MUSA,M,ACADEMIC,PERMANENT,3/12/2012,1/10/2016,LECTURER I,CONUASS,4,1,PH.D AGRICULTURAL ECONOMICS,16/09/1974,bappa.girei@gmail.com,8023378322
SP/R/480,,UMAR,DA’U,ABBA,M,ACADEMIC,PERMANENT,3/12/2012,1/10/2017,LECTURER I,CONUASS,4,2,MS.C ENVIRONMENTAL MGT.,17/12/1976,abbaumardau@yahoo.com,8034419075
SP/R/481,DR., ABDULLAHI,ALI,IBRAHIM,M,ACADEMIC,PERMANENT,1/3/2013,1/10/2019,READER,CONUASS,6,2,Ph.D ANIMAL SCIENCE/MS.C ANIMAL BREEDING & GENETICS,1/1/1978,tall2aai@yahoo.com,8038946187
SP/R/482,,SIMON,WILSON,OKWOLI,M,ACADEMIC,PERMANENT,8/1/2013,1/10/2017,LECTURER I,CONUASS,4,2,MS.C POLITICAL ECONOMY & DEVELOPMENT STUDIES,2/10/1976,wilsmario011@gmail.com,8187082600
SP/R/485,,NASIR,MUHAMMAD,UMAR,M,ACADEMIC,PERMANENT,10/12/2012,6/12/2019,SENIOR LECTURER,CONUASS,5,2,M.A LITERATURE IN ENGLISH,16/11/1971,umarmuhammadnasir@yahoo.com,8032775440
SP/R/486,,HADI,ALI,KOKI,M,ACADEMIC,PERMANENT,6/12/2012,6/12/2019,LECTURER II,CONUASS,3,1,B.A ENGLISH,15/10/1973,hadialikoki@gmail.com,7035894056
SP/R/487,,LAWAL,,MURTALA,M,ACADEMIC,PERMANENT,10/12/2012,10/12/2019,LECTURER II,CONUASS,3,1,B.A ENGLISH,15/10/1980,murtalalawal60@gmail.com,8166144950
SP/R/488,,ISMAILA,ANAS,MUSA,M,ACADEMIC,PERMANENT,7/12/2012,1/10/2017,LECTURER II,CONUASS,3,2,M.A ENGLISH,1/2/1989,manasmusa@gmail.com,8034698763
SP/R/489,DR., MUSTAPHA,DANJUMA,HUSSEIN,M,ACADEMIC,PERMANENT,6/12/2012,1/10/2019,READER,CONUASS,6,1,PH.D SOCIOLOGY,6/4/1973,mustaphahussayn@gmail.com,8031324813
SP/R/490,,MUHAMMAD,ZAKARIYYA,SARKI,M,ACADEMIC,PERMANENT,10/12/2012,1/10/2017,LECTURER I,CONUASS,4,2,MS.C SOCIOLOGY,29/12/1976,zakariyyasarki2005@yahoo.com,8059638769
SP/R/491,,USMAN,SULEIMAN,SARKI,M,ACADEMIC,PERMANENT,10/12/2012,10/12/2019,LECTURER II,CONUASS,3,1,BS.C SOCIOLOGY,22/05/1985,sarkiusmansuleiman@gmail.com,8058330007
SP/R/493,,MAHARAZ,MOHAMMED,NASIR,M,ACADEMIC,PERMANENT,4/4/2013,1/10/2017,LECTURER I,CONUASS,4,2,MS.C PHYSICS,21/03/1979,nmaharaz@gmail.com,8065726196
SP/R/499,,SALIHU,,SULEIMAN,M,ACADEMIC,PERMANENT,28/02/2013,1/10/2014,LECTURER I,CONUASS,4,5,M.TECH,31/12/1968,salibinsule@gmail.com,8060032934
SP/R/500,,NASIR,,SALISU,M,ACADEMIC,PERMANENT,17/01/2013,1/10/2015,LECTURER I,CONUASS,4,1,MS.C PETROLEUM GEOCHEMISTRY,24/06/1984,nasir.salisu@fud.edu.ng,8036024680
SP/R/501,,SA’ADATU,ABBA,YUSUF,F,ACADEMIC,PERMANENT,18/12/2013,9/3/2019,LECTURER II,CONUASS,3,1,MS.C BIOTECHNOLOGY,11/9/1987,saadatuabba@ymail.com,8038760667
SP/R/502,,IDRIS,ADAMU,,M,ACADEMIC,PERMANENT,10/12/2012,1/10/2017,LECTURER II,CONUASS,3,2,M.Sc MICROBIOLOGY (INDUSTRIAL),30/10/1987,adbakof@gmail.com,7039763237
SP/R/505,,MUNIR,,GARBA,M,ACADEMIC,PERMANENT,28/01/2013,1/10/2019,LECTURER I,CONUASS,4,1,MS.C MEDICAL LABORATORY,27/01/1987,garbamunir@yahoo.com,7038401263
SP/R/507,,SHU’AIBU,,TASI’U,M,ACADEMIC,PERMANENT,2/1/2013,2/1/2013,ASSISTANT LECTURER,CONUASS,2,1,BS.C ZOOLOGY,1/8/1979,elgwaramee@yahoo.com,8068402408
SP/R/508,,SARATU,BELLO,SADIQ,M,ACADEMIC,PERMANENT,21/01/2013,1/10/2017,LECTURER II,CONUASS,3,2,MS.C BOTANY,9/9/1983,sara13t@live.com,8099811788
SP/R/510,,USMAN,,SANI,M,ACADEMIC,PERMANENT,9/1/2013,1/10/2019,LECTURER I,CONUASS,4,1,MS.C MATHEMATICS,9/9/1982,princemagee@yahoo.com,8068610183
SP/R/512,,BADAMASI,,HAMZA,M,ACADEMIC,PERMANENT,20/12/2012,20/12/2012,LECTURER II,CONUASS,3,1,B.SC INDUSTRIAL CHEMISTRY,3/2/1983,hamza.badamasi@fud.edu.ng,7051761992
SP/R/513,,ABDULLAHI,KHALIL,SULEIMAN,M,ACADEMIC,PERMANENT,12/12/2012,11/1/2019,LECTURER II,CONUASS,3,1,M.SC INORGANIC CHEMISTRY,17/12/1986,khalilsuleiman22@gmail.com,8037554656
SP/R/515,,HAFEEZ,YUSUF,HAFEEZ,M,ACADEMIC,PERMANENT,12/12/2012,1/10/2017,LECTURER I,CONUASS,4,2,MS.C THEORETICAL PHYSICS,1/6/1986,hafeezyusufhafeez@yahoo.com,8064706870
SP/R/516,,RAKIYA,ABDULSALAM,YAKUBU,F,ACADEMIC,PERMANENT,27/12/2012,1/10/2016,LECTURER I,CONUASS,4,3,MS.C AGRIC ECONOMICS,16/02/1981,rakiyay@gmail.com,8034945833
SP/R/517,,YA’U,NUHU,KATANGA,M,ACADEMIC,PERMANENT,11/12/2012,1/10/2017,LECTURER I,CONUASS,4,2,PH.D AGRIC ECONOMICS,10/11/1973,yaunuhu@yahoo.com,8065574282
SP/R/518,,ABDULLAHI,MUHAMMAD,AUWAL,M,ACADEMIC,PERMANENT,7/12/2012,1/10/2016,LECTURER II,CONUASS,3,4,MS.C AGRIC ECONOMICS,5/5/1979,muhammad.auwal@fud.edu.ng,8030458150
SP/R/522,,TERNENENGE,AHUNGWA,GABRIEL,M,ACADEMIC,PERMANENT,11/12/2012,1/10/2016,LECTURER I,CONUASS,4,3,MS.C AGRIC ECONOMICS,21/09/1975,gabriel.a@fud.edu.ng,7036819123
SP/R/524,,MOHAMMAD,IBRAHIM,ALIYU,M,ACADEMIC,PERMANENT,13/12/2012,1/10/2017,LECTURER  I,CONUASS,4,2,MS.C ANIMAL SCIENCE,8/6/1985,aliyudambam@gmail.com,8033700652
SP/R/525,,ABUBAKAR,GIREI,HALILU,M,ACADEMIC,PERMANENT,6/12/2012,1/10/2019,LECTURER I,CONUASS,4,1,MS.C SOIL SCIENCE,26/04/1987,gireihalilu@yahoo.com,8027945347
SP/R/526,,ABBA,,NABAYI,M,ACADEMIC,PERMANENT,7/12/2012,1/10/2017,LECTURER II,CONUASS,3,2,MS.C SOIL SCIENCE,3/2/1986,abba.nabayi@fud.edu.ng,7031068906
SP/R/527,,MARYAM,,YUSUF ,M,ACADEMIC,PERMANENT,7/12/2012,1/10/2017,LECTURER II,CONUASS,3,2,MS.C AGRIC ECONOMICS,13/08/1977,m.yusuf88@yahoo.com,8064991560
SP/R/528,,ABDULMUMIN,AMIN,BABA,M,ACADEMIC,PERMANENT,17/12/2012,1/10/2017,LECTURER II,CONUASS,3,2,MS.C ANIMAL PRODUCTION,11/5/1986,aminu271@gmail.com,8035667761
SP/R/529,,IBRAHIM,ABDULLAHI,GUMEL,M,ACADEMIC,PERMANENT,11/12/2012,7/12/2016,LECTURER II,CONUASS,3,1,M.SC ANIMAL SCIENCE,7/7/1977,ia.gumel@fud.edu.ng,8034695413
SP/R/530,,SANTURAKI,HASSAN,ALIYU,M,ACADEMIC,PERMANENT,10/12/2012,10/12/2019,LECTURER II,CONUASS,3,1,B. AGRIC,13/07/1987,santurakihassan@gmail.com,8027259037
SP/R/532,,MMADUABUCHI,CHIKA,OZIM,M,ACADEMIC,PERMANENT,8/1/2013,8/1/2013,ASSISTANT LECTURER,CONUASS,2,1,B.A ENGLISH,9/1/1981,chikaozim@yahoo.com,8138617138
SP/R/533,,AHMED,KAZAURE,SANI,M,ACADEMIC,PERMANENT,10/12/2012,1/10/2016,LECTURER I,CONUASS,4,3,MS.C IT,4/4/1982,askazaure@fud.edu.ng,7032879532
SP/R/534,,SA’ADATU,MOHAMMED,SERI,F,ACADEMIC,PERMANENT,10/12/2012,1/10/2016,LECTURER II,CONUASS,3,3,MS.C ANALYTICAL CHEMISTRY ,2/12/1978,saadatueri78@gmail.com,8036475114
SP/R/550,PROF., BAITA,GARKO,AHMED,M,ACADEMIC,PERMANENT,1/3/2013,1/10/2018,PROFESSOR,CONUASS,7,2,PH.D COMPUTER SCIENCE,2/1/1973,abgarko@fud.edu.ng,8064980045
SP/R/556,PROF., AHMAD,SHEHU,KUTAMA,M,ACADEMIC,PERMANENT,1/3/2013,1/10/2016,PROFESSOR,CONUASS,7,3,PH.D BOTANY,22/08/1970,kutamasak@yahoo.com,7067371893
SP/R/560,,MURJANATU,ILIYASU,ADO,F,ACADEMIC,PERMANENT,3/1/2013,3/1/2013,ASSISTAN LECTURER ,CONUASS,2,2,M.Sc BIOLOGICAL SCIENCE,22/05/1983,murjairtel@gmail.com,7069447537
SP/R/592,,MUHAMMAD,FAGGE,AMINU,M,ACADEMIC,PERMANENT,2/4/2013,2/4/2013,SENIOR LECTURER ,CONUASS,5,1,PH.D ECONOMICS ,26/08/1971,aminu-fagge@yahoo.com,8036847575
SP/R/593,,ABBA,BELLO,AHMED,M,ACADEMIC,PERMANENT,8/3/2013,1/10/2014,LECTURER I,CONUASS,4,3,MS.C ECONOMICS,9/10/1974,bello.abba@fud.edu.ng,8032327195
SP/R/594,,MUHAMMAD,,BADAMASI,M,ACADEMIC,PERMANENT,13/02/2013,1/10/2019,LECTURER I,CONUASS,4,1,MS.C ECONOMICS,3/11/1974,mbadamasi74@yahoo.com,7037716252
SP/R/595,,ALI,,NURA,M,ACADEMIC,PERMANENT,13/02/2013,1/10/2016,LECTURER I,CONUASS,4,2,MS.C ECONOMICS,22/02/1975,nuradangoro@gmail.com,8036908775
SP/R/597,,KABIRU,,GAMBO,M,ACADEMIC,PERMANENT,2/4/2013,1/10/2016,LECTURER I,CONUASS,4,3,MS.C POLITICAL SCIENCE,25/11/1970,kabirugambo@fud.ng,8028368800
SP/R/598,,INUWA,DUTSE,BALARABE,M,ACADEMIC,PERMANENT,26/03/2013,1/10/2014,LECTURER II,CONUASS,3,5,MS.C ECONOMICS,15/01/1975,baladutse75@yahoo.co.uk,8032869008
SP/R/600,,MUHAMMAD,RILWAN,AKILU,M,ACADEMIC,PERMANENT,17/05/2013,1/10/2017,LECTURER I,CONUASS,4,2,MS.C SOFTWARE ENGINEERING,8/9/1980,akilrilwan@gmail.com,7034223331
SP/R/609,,MUHAMMAD,,SANI,M,ACADEMIC,PERMANENT,19/04/2013,27/04/2016,ASSISTANT LECTURER,CONUASS,2,4,MS.C MATHEMATICS,12/9/1982,lamidanjani@yahoo.com,8033242465
SP/R/612,,AISHATU,ABDULLAHI,ADAMU,M,ACADEMIC,PERMANENT,20/03/2013,9/9/2014,GRADUATE ASSISTANT,CONUASS,1,6,BS.C INFORMATION & INFORMATION TECHNOLOGY,7/4/1985,aaishatu@rocketmail.com,8032798611
SP/R/613,,ABUBAKAR,RINGIM,SURAJO,M,ACADEMIC,PERMANENT,1/3/2013,1/10/2017,LECTURER II,CONUASS,3,1,M.SC BIODIVERSITY CONSERVATION,14/07/1986,asringiim@gmail.com,8020605060
SP/R/616,,NAFISA,,BAITA,F,ACADEMIC,PERMANENT,1/3/2013,1/5/2018,ASSISTANT LECTURER,CONUASS,2,2,M.SC INDUSTRIAL MICROBIOLOGY,27/08/1987,baitanafisa@gmail.com,8065348381
SP/R/620,PROF., YERIMA,MUHAMMAD,BELLO,M,ACADEMIC,PERMANENT,3/4/2013,3/4/2013,PROFESSOR,CONUASS,7,3,PH.D APPLIED MICROBIOLOGY,21/08/1971,belyerima@gmail.com,8035052930
SP/R/621,,IBRAHIM,,SA’ADU,M,ACADEMIC,PERMANENT,18/03/2013,11/1/2019,LECTURER II,CONUASS,3,1,M.SC PHYSICS,16/11/1983,ibrahimsaadu64@yahoo.com,8035904003
SP/R/628,,JIBRIN,MUHAMMAD,ADAM,M,ACADEMIC,PERMANENT,25/03/2013,1/10/2017,LECTURER II,CONUASS,3,2,MS.C COMPUTER SCIENCE,22/06/1985,jibriladam85@yahoo.com,8063313496
SP/R/631,,SAMINU,,ISMAIL,M,ACADEMIC,PERMANENT,18/03/2013,1/10/2017,LECTURER II,CONUASS,3,2,MS.C POLITICAL SCIENCE,20/05/1976,saminu770@gmail.com,8038488012
SP/R/633,,MUHAMMAD,MUHAMMAD,SALLAHU,M,ACADEMIC,PERMANENT,2/4/2013,2/4/2013, ASSISTANT LECTURER,CONUASS,2,2,BS.C ACCOUNTING,3/2/1982,mmsallau@gmail.com,8065158440
SP/R/634,,USMAN,,SABO,M,ACADEMIC,PERMANENT,2/4/2013,2/4/2019,LECTURER II,CONUASS,3,1,BS.C ACCOUNTING,2/8/1978,usmansabo99@gmail.com,7061909011
SP/R/635,,ARMAYA’U,ALHAJI,SANI,M,ACADEMIC,PERMANENT,2/4/2013,1/10/2019,LECTURER I,CONUASS,4,1,MS.C ACCOUNTING,22/02/1984,armadisina@gmail.com,8067349977
SP/R/636,,RABI’U,,SALIHU,M,ACADEMIC,PERMANENT,2/5/2013,1/10/2017,LECTURER II,CONUASS,3,2,MS.C BIOTECHNOLOGY,23/07/1980,garkonallisak@yahoo.com,8035943472
SP/R/637,,ABDULLAHI,ALIYU,AMINU,M,ACADEMIC,PERMANENT,2/4/2013,1/10/2016,LECTURER II,CONUASS,3,3,MS.C COMPUTER SCIENCE,21/03/1988,alamindental1@gmail.com,803714145
SP/R/638,,DAUDA,,MU’AZU,M,ACADEMIC,PERMANENT,5/4/2013,5/4/2019,LECTURER II,CONUASS,3,1,BS.C COMPUTING,1/1/1968,muazudauda@fud.edu.ng,7061190138
SP/R/639,,AISHATU,MUHAMMAD,ABUBAKAR,M,ACADEMIC,PERMANENT,25/03/2013,25/03/2013,GRADUATE ASSISTANT ,CONUASS,1,6,B.TECH COMPUTER,6/4/1905,ummebaba@yahoo.com,8039395068
SP/R/640,,BASHIR,SALIM,FARUK,M,ACADEMIC,PERMANENT,30/05/2013,6/25/2019,LECTURER I,CONUASS,4,1,MS.C MICROBIOLOGY,9/5/1986,salimfbashir@yahoo.com,8069128829
SP/R/641,,HASSAN,MUHAMMAD,MUSA,M,ACADEMIC,PERMANENT,4/4/2013,23/02/2015,LECTURER II,CONUASS,3,3,MS.C MEDICAL LAB,11/11/1986,musa.hassan@fud.edu.ng,8068823187
SP/R/642,,BASHIR,SA’AD,IBRAHIM,M,ACADEMIC,PERMANENT,4/4/2013,1/10/2019,LECTURER I,CONUASS,4,1,MS.C POLITICAL SCIENCE,15/05/1978,bashirsaad@fud.edu.ng,8038558038
SP/R/643,,IBRAHIM,,AMADU,M,ACADEMIC,PERMANENT,8/4/2013,8/4/2013,GRADUATE ASSISTANT,CONUASS,1,6,BS.C POLITICAL SCIENCE,1/2/1980,amaduibrahim2222@gmail.com,8133729831
SP/R/644,,BATE,GARBA,BARDE,M,ACADEMIC,PERMANENT,7/5/2013,1/10/2017,LECTURER II,CONUASS,3,2,MS.C ENVIRONMENTAL POLLUTION & TOXICOLOGY,3/1/1982,bategarba@yahoo.com,7030474158
SP/R/645,, HASSAN,GARBA,ABDULLAHI,M,ACADEMIC,PERMANENT,8/4/2013,9/25/2019,LECTURER II,CONUASS,3,1,MASTERS OF ENVIRONMENTAL MANAGEMENT,12/8/1969,ghassanabdullahi@gmail.com,8032207710
SP/R/647,,DAHIRU,KAZAURE,MUSA,M,ACADEMIC,PERMANENT,16/04/2013,1/10/2017,LECTURER II,CONUASS,3,2,MS.C ENVIRONMENTAL SCIENCE,20/08/1980,musadahirukazaure@gmail.com,8147840035
SP/R/648,,MUSTAPHA,NASIRU,ABBA,M,ACADEMIC,PERMANENT,24/04/2013,22/06/2016,ASSISTANT LECTURER,CONUASS,2,4,M.ENG ENVIRONMENTAL SCIENCE,26/06/1981,nasiruabba@yahoo.co.uk,8095865554
SP/R/649,,MUSTAPHA,MUHAMMAD,AMINU,M,ACADEMIC,PERMANENT,2/4/2013,1/10/2016,LECTURER I,CONUASS,4,1,MS.C ECONOMICS,5/5/1981,143aminu@gmail.com,8060306031
SP/R/650,,MURTALA,,ABDU,M,ACADEMIC,PERMANENT,2/4/2013,1/10/2019,LECTURER I,CONUASS,4,1,MS.C ECONOMETRICS,10/10/1983,murtala.abdu@fud.edu.ng,7035880655
SP/R/651,,ZUBAIRU,MUSTAPHA,ADAMU,M,ACADEMIC,PERMANENT,2/4/2013,1/10/2019,LECTURER I,CONUASS,4,1,MS.C ECONOMICS,9/4/1982,burtalifud@gmail.com,8069174477
SP/R/653,,ALIYU,ISA,ALIYU,M,ACADEMIC,PERMANENT,21/03/2013,16/06/2014,LECTURER I,CONUASS,4,1,MS.C MATHEMATICS,9/9/1984,abbaisaaliyu@yahoo.com,8038335557
SP/R/654,,SULEIMAN,ABDULKADIR,TUKUR,M,ACADEMIC,PERMANENT,21/03/2013,8/8/2014,LECTURER I,CONUASS,4,1,Ph.D MATHEMATICS,3/4/1986,mtukur47@hotmail.com,8027476391
SP/R/655,,NURUDDEEN,RAHMATULLAH,IBRAHIM,M,ACADEMIC,PERMANENT,11/4/2013,1/10/2017,LECTURER II,CONUASS,3,2,MS.C MATHEMATICS,4/8/1988,muhammad975@hotmail.com,8154595790
SP/R/658,,ABUBAKAR,BASHIR,RIBADU,M,ACADEMIC,PERMANENT,29/04/2013,29/04/2013,ASSISTANT LECTURER,CONUASS,2,2,BS.C POLITICAL SCIENCE,3/4/1985,abubakar.br@fud.edu.ng,7035366508
SP/R/659,PROF., USMAN,,HARUNA,M,ACADEMIC,PERMANENT,1/10/2009,1/10/2009,PROFESSOR,CONUASS,7,7,PH.D AGRIC ECONOMICS,21/05/1965,usmanhrn@yahoo.com,8053138370
2995,DR., LAWAL,,DANJUMA,M,ACADEMIC,PERMANENT,2/4/2013,1/10/2015,SENIOR LECTURER ,CONUASS,5,1,PhD. MEDICAL MICROBIOLOGY (STEM CELL THERAPY) ,3/12/1978,lawaldanjuma@yahoo.com,8039711982
SP/R/674,PROF., IBRAHIM ,KIYAWA,AHMED,M,ACADEMIC,CONTRACT,8/4/2013,8/4/2019,PROFESSOR,CONUASS,7,10,PH.D DEVELOPMENT ECONOMICS,20/07/1946,iakiyawa@yahoo.com,8035991135
SP/R/675,,AMALI,SADIQ,EWAODA,M,ACADEMIC,PERMANENT,15/04/2013,1/10/2015,LECTURER I,CONUASS,4,1,MS.C SOCIOLOGY,18/09/1984,sadimali2007@yahoo.com,8030642942
SP/R/677,DR., SA’IDU,BELLO,MALAM,M,ACADEMIC,PERMANENT,2/4/2013,1/10/2019,PROFESSOR,CONUASS,7,1,PH.D ECONOMICS,1/3/1970,bellomalami@gmail.com,7054952675
SP/R/681,,ZAINAB,,ABUBAKAR,M,ACADEMIC,PERMANENT,10/4/2013,10/4/2019,LECTURER II,CONUASS,3,1,MS.C ECONOMICS,24/11/1978,modestzee@gmail.com,8035656014
SP/R/688,,ABUBAKAR,,HASSAN,M,ACADEMIC,PERMANENT,22/10/2013,1/10/2019,LECTURER I,CONUASS,4,1,MS.C ECONOMICS,9/1/1987,ahassansml@gmail.com,8030676264
SP/R/694,,ABDULLAHI,MUHAMMAD,UWAISU,M,ACADEMIC,PERMANENT,15/04/2013,1/10/2017,LECTURER II,CONUASS,3,2,M.TECH COMPUTER SCIENCE,20/07/1985,uwaisabdullahi87@gmail.com,8065884781
SP/R/695,,DURUMIN,NASEER ,INUWA,M,ACADEMIC,PERMANENT,9/5/2013,1/10/2016,LECTURER II,CONUASS,3,5,MS.C ANALYTICAL CHEMISTRY,21/01/1967,nasduruminiya@yahoo.com,8028586987
SP/R/701,,ADAMU,ABDULLAHI,MUHAMMED,M,ACADEMIC,PERMANENT,1/5/2013,1/5/2019,LIBRARIAN II,CONUASS,2,1,B SC LIBRARY SCIENCE/ ECONOMICS,10/5/1981,muhaa25@gmail.com,8061619625
SP/R/702,,HUSSAINI,MOHAMMED ,MAIRIGA,M,ACADEMIC,PERMANENT,2/5/2013,16/08/2017,LIBRARIAN II,CONUASS,2,2,M.SC LIBRARY INFORMATION SCIENCE,19/03/1986,hussaynmrg@gmail.com,8036765677
SP/R/722,,SUNUSI,,MUSTAPHA,M,ACADEMIC,PERMANENT,22/04/2013,1/10/2019,LECTURER I,CONUASS,4,1,MS.C CROP BIOTECHNOLOGY,2/8/1984,musunusi@fud.edu.ng,8067428472
SP/R/723,,TIJJANI,,ABBA,M,ACADEMIC,PERMANENT,22/04/2013,1/10/2017,LECTURER II,CONUASS,3,2,MS.C ANIMAL SCIENCE,30/08/1974,abbatijjani252@gmail.com,8061622017
SP/R/724,,SULEIMAN,ABDULLAHI,SULEIMAN,M,ACADEMIC,PERMANENT,22/04/2013,2/21/2019,LECTURER II,CONUASS,3,1,MS.C PLANT PATHOLOGY,3/5/1985,solani98@yahoo.co.uk,7034629576
SP/R/725,,HABU,,MUSA,M,ACADEMIC,PERMANENT,22/04/2013,6/1/2019,LECTURER II,CONUASS,3,1,M.SC PLANT PATHOLOGY,23/02/1983,habumusa@yahoo.com,7067977217
SP/R/726,,SALISU,IBRAHIM,BALA,M,ACADEMIC,PERMANENT,30/05/2013,1/10/2019,LECTURER I,CONUASS,4,1,Ph.D MOLECULAR BIOLOGYMS.C AGRIC BIOTECHNOLOGY,9/9/1986,abuyasir212@gmail.com,7066006080
SP/R/727,,UMAR,,MUKHTAR,M,ACADEMIC,PERMANENT,3/6/2013,1/10/2019,SENIOR LECTURER,CONUASS,5,2,MS.C AGRIC ECONOMICS,26/04/1977,umar.mukhtar@fud.edu.ng,8065503835
SP/R/730,,ADO,UMAR,LALU,M,ACADEMIC,PERMANENT,2/5/2013,1/10/2017,LECTURER II,CONUASS,3,3,BS.C LAW,25/10/1974,adoumarlalu57@gmail.com,8060306089
SP/R/754,DR., SULEIMAN,MUHAMMAD,INUWA,M,ACADEMIC,PERMANENT,1/7/2013,1/10/2019,SENIOR LECTURER ,CONUASS,5,1,MS.C,13/03/1983,sulaimanmd06@yahoo.com,8033239823
SP/R/767,,ONOKEBHAGBE,ODIAMECHI,VICTOR,M,ACADEMIC,PERMANENT,1/8/2013,1/10/2017,LECTURER I,CONUASS,4,2,MS.C SOIL SCIENCE,16/02/1980,victor.onokebhagbe@gmail.com,8029880771
SP/R/769,,ADO,,NASIRU,M,ACADEMIC,PERMANENT,17/06/2013,1/10/2019,LECTURER I,CONUASS,4,1,Ph.D AGRICULTURAL EXTENSION,12/9/1965,adonasiru2018@gmail.com,7036923872
SP/R/770,,SULEIMAN,,IBRAHIM,M,ACADEMIC,PERMANENT,4/8/2013,1/10/2017,LECTURER I,CONUASS,4,2,MS.C BUSINESS COMPUTING,8/8/1987,suleiman.adam@gmail.com,8036203203
SP/R/771,,SALIM,,AHMAD,M,ACADEMIC,PERMANENT,10/6/2013,1/10/2015,LECTURER I,CONUASS,4,1,MS.C BUSINESS INFORMATION,16/08/1987,salim_mgr@yahoo.com,8068011519
SP/R/772,PROF., SANI,ALI,AUDU,M,ACADEMIC,PERMANENT,10/9/2013,1/10/2016,PROFESSOR,CONUASS,7,3,PH.D PHARMACEUTICAL & MEDICINAL CHEMISTRY,4/3/1969,aliaudusani@fud.edu.ng,8035890984
SP/R/776,DR., ABDURRAHMAN,SALIM,LAWAL,M,ACADEMIC,PERMANENT,2/8/2013,1/10/2019,SENIOR LECTURER,CONUASS,5,1,PH.D  ANIMAL SCIENCE,29/08/1982,slabdurrahman@gmail.com,8039236296
SP/R/777,,MANSIR,,NASAR,M,ACADEMIC,PERMANENT,10/6/2013,1/10/2017,LECTURER I,CONUASS,4,2,MS.C PETROLEUM GEOCHEMISTRY,13/10/1979,nmansir09@yahoo.com,8068076307
SP/R/796,,UMAR,,MAKINTA,M,ACADEMIC,PERMANENT,20/06/2013,3/29/2019,LECTURER II,CONUASS,3,1,M.SC AGRICULTURAL EXTENSION,2/9/1983,ummakin83@gmail.com,7033035256
SP/R/797,,JAMILU,IBRAHIM,MUKHTAR,M,ACADEMIC,PERMANENT,17/06/2013,2/22/2019,LECTURER II,CONUASS,3,1,M.SC SOCIOLOGY,10/2/1984,jimukhtar01@gmail.com,7033115873
SP/R/798,,UMAR,TASIU,MUSTAPHA,M,ACADEMIC,PERMANENT,24/06/2013,1/10/2017,LECTURER II,CONUASS,3,2,MS.C MATHEMATICS,19/10/1986,umartasiumustapha@yahoo.com,7055825177
SP/R/800,,NADIRA,MADAKI,ILIYASU,M,ACADEMIC,PERMANENT,9/7/2013,26/03/2014,LECTURER I,CONUASS,4,1,MS.C ECONOMICS,10/1/1984,nadee10j@yahoo.com,7069204439
SP/R/803,,HAFIZ,AMINU,UMAR,M,ACADEMIC,PERMANENT,3/7/2013,1/10/2017,LECTURER II,CONUASS,3,2,MS.C GEOINFORMATICS,13/03/1983,abdulhafizamin@yahoo.com,9027202029
SP/R/817,,SANI,,SALISU,M,ACADEMIC,PERMANENT,10/7/2013,1/10/2017,LECTURER II,CONUASS,3,2,MS.C BUSINESS INFORMATION TECHNOLOGY,6/8/1972,san.salisu@fud.edu.ng,8060363763
SP/R/850,,FAROUK,LAWAN,GAMBO,M,ACADEMIC,PERMANENT,5/8/2013,1/10/2018,LECTURER I,CONUASS,4,2,MS.C COMPUTER SCIENCE,27/04/1986,faok.gambo@fud.edu.ng,8036302831
SP/R/858,PROF., ALI,SANUSI,HASSAN,M,ACADEMIC,PERMANENT,20/08/2013,1/2/2016,PROFESSOR,CONUASS,7,10,PH.D BIOLOGY,19/10/1957,danmasaniashres@yahoo.com,8055563137
SP/R/874,,UJIH,UMAR,OSU,M,ACADEMIC,PERMANENT,10/9/2013,1/10/2017,LECTURER I,CONUASS,4,2,MS.C LAND RESOURCES,23/04/1963,ujih.u@fud.edu.ng,8036291532
SP/R/875,,ABDULRASHID,,ISMAIL,M,ACADEMIC,PERMANENT,10/9/2013,10/9/2019,LECTURER II,CONUASS,3,2,MS.C MATHEMATICS,29/11/1988,ismelabdul@yahoo.com,7035242473
SP/R/876,,IBRAHIM,SANUSI,CHINADE,M,ACADEMIC,PERMANENT,30/09/2013,1/10/2019,SENIOR LECTURER,CONUASS,5,2,M.A LITERATURE IN ENGLISH,21/05/1978,sanchinade@gmail.com,8035925563
SP/R/883,,DALHATU,YOLA,SANI,M,ACADEMIC,PERMANENT,3/10/2013,1/10/2018,LECTURER I,CONUASS,4,1,PH.D POLITICAL SCIENCE,29/01/1965,sarkinshanu@gmail.com,8094739283
SP/R/886,,SANI,UMAR,DABAI,M,ACADEMIC,PERMANENT,16/09/2013,1/10/2017,LECTURER II,CONUASS,3,2,MS.C INFORMATION SYSTEMS,4/9/1986,usdabai@yahoo.com,8065526292
SP/R/887,,ABALI,MOHAMMED,ALIYU,M,ACADEMIC,PERMANENT,4/11/2013,4/11/2013,LECTURER II,CONUASS,3,1,MS.C COMPUTER SCIENCE,4/4/1980,aliyuabaligmail.com,8060688982
SP/R/890,,SANI,,TAJUDEEN,M,ACADEMIC,PERMANENT,3/10/2013,1/10/2019,LECTURER I,CONUASS,4,1,MS.C COMPUTER SCIENCE,23/10/1989,tajudeen.sani@fud.edu.ng,7030538959
SP/R/891,,MUAZU,,ABUBAKAR,M,ACADEMIC,PERMANENT,1/11/2013,1/10/2017,LECTURER I,CONUASS,4,2,MS.C GEOGRAPHY,14/05/1967,muazu.a@fud.edu.ng,8035819826
SP/R/903,DR., MOHAMMAD,MOHAMMAD,HASSAN,M,ACADEMIC,PERMANENT,1/11/2013,1/11/2013,READER,CONUASS,6,3,PH.D ARABIC,7/10/1962,mohadpullo@gmail.com,8075399361
SP/R/905,PROF., ABDUSSALAM,BALARABE,SULEIMAN,M,ACADEMIC,PERMANENT,7/11/2013,1/10/2019,PROFESSOR,CONUASS,7,1,PH.D PHYSICS,29/11/1967,bsuleimana@gmail.com,8039644595
SP/R/917,,MOHAMMED,,JIBRIN,M,ACADEMIC,PERMANENT,30/10/2013,4/8/2019,LECTURER II,CONUASS,3,1,MS.C PHYSICS,13/10/1983,jibrinm56@yahoo.com,8034423777
SP/R/918,,MARMARA,ABDULLAHI,DAIYABU,M,ACADEMIC,PERMANENT,31/10/2013,1/10/2019,LECTURER II,CONUASS,3,3,MS.C ECONOMICS,10/2/1987,admarmara@yahoo.com,9032978611
SP/R/920,,USMAN,MOHAMMED,ISAH,M,ACADEMIC,PERMANENT,25/11/2013,01/10/20219,SENIOR LECTURER ,CONUASS,5,1,MS.C ZOOLOGY,22/04/1973,usmanisah40@gmail.com,8036184073
SP/R/922,,IRO,ZAHARADDEEN,SALELE,M,ACADEMIC,PERMANENT,8/10/2013,1/10/2019,LECTURER I,CONUASS,4,1,MS.C ELECTRONIC COMM. & COMPUTER ENGR.,10/10/1985,zs.iro@fud.edu.ng,8033666175
SP/R/923,,MUHAMMAD,ALI,DIKWA,M,ACADEMIC,PERMANENT,24/10/2013,1/10/2019,LECTURER I,CONUASS,4,1,MS.C BIOTECH,17/09/1985,mohammed_alidikwa@yahoo.com,8037335266
SP/R/924,,AMINU,ALIYU,SAFANA,M,ACADEMIC,PERMANENT,10/10/2013,1/10/2015,LECTURER I,CONUASS,4,1,MS.C PHYSICS,1/1/1982,babanfaisaal@yahoo.com,8036303307
SP/R/925,,HARUNA,,MUSA,M,ACADEMIC,PERMANENT,6/11/2013,1/10/2016,LECTURER I,CONUASS,4,3,MS.C SOFTWARE ENGINEERING,1/1/1980,hgarko@gmail.com,7030540343
SP/R/931,,ABDULRAHAMAN,SULEIMAN,LAWAL,M,ACADEMIC,PERMANENT,28/11/2013,1/10/2019,LECTURER I,CONUASS,4,1,MS.C MATHEMATICS,11/11/1980,sabdulrahamanlawal@yahoo.com,8034518405
SP/R/932,,AHMED,RUFA’I,USMAN,M,ACADEMIC,PERMANENT,22/10/2013,3/13/2019,LECTURER II,CONUASS,3,1,MS.C SOCIOLOGY,15/12/1981,arusman2015@gmail.com,7033075170
SP/R/945,DR., BABANDI,GUMEL,GAMBO,M,ACADEMIC,PERMANENT,8/10/2013,1/10/2019,READER,CONUASS,6,1,PH.D ISLAMIC BANKING & FINANCE,25/04/1975,gambo.gumel@fud.edu.ng,8032499763
SP/R/946,,MUHAMMAD,,SERI,M,ACADEMIC,PERMANENT,1/11/2013,1/10/2018,LECTURER I,CONUASS,4,1,MS.C ECONOMICS,13/03/1970,serigaringabas@yahoo.com,8032242490
SP/R/948,PROF.,PROF HABU,,MOHD,M,ACADEMIC,VISITING,1/6/2015,1/6/2015,PROFESSOR,CONUASS,7,7,,22/05/1967,,
SP/R/950,,ZAYNAB,,ANGO,M,ACADEMIC,PERMANENT,4/11/2013,1/10/2017,LECTURER I,CONUASS,4,2,M.A LITERATURE,31/10/1977,zaynabango@gmail.com,8099694814
SP/R/985,,DAHIRU,MOHAMMED,MUSA,M,ACADEMIC,PERMANENT,2/12/2013,1/10/2017,LECTURER I,CONUASS,4,2,MS.C ENVIRONMENTAL RESOURCE MGT.,25/08/1979,dahirumusa@fud.edu.ng,8028823540
SP/R/1032,,ABDULHAMID,ALIYU,ARDO,M,ACADEMIC,PERMANENT,12/12/2013,1/10/2018, LECTURER II,CONUASS,3,1,M.SC COMPUTER SCIENCE,22/09/1989,abdulhamiduardo@aun.edu.ng,8077455015
SP/R/1040,,NGBEDE,JOHN,OYISHOMA,M,ACADEMIC,PERMANENT,3/1/2014,1/10/2016,LECTURER II,CONUASS,3,3,M.A ENGLISH,3/2/1980,ngbedeoyishoma2003@gmail.com,8038295032
SP/R/1041,,RABIATU,,LAWAL,F,ACADEMIC,PERMANENT,3/1/2014,1/10/2019,LECTURER I,CONUASS,4,1,M.A ENGLISH,5/8/1976,rabiatulawal2006@gmail.com,7033393277
SP/R/1071,,HADIZA,LAWAN,ISMAIL,F,ACADEMIC,PERMANENT,3/3/2014,1/10/2019,LECTURER I,CONUASS,4,1,M.A ENGLISH,18/03/1986,hlawanismail@gmail.com,8037211884
SP/R/1072,,BASHIR,MUHAMMAD,ABDULLAHI,M,ACADEMIC,PERMANENT,3/3/2014,1/10/2019,LECTURER I,CONUASS,4,1,M.A ENGLISH,25/03/1980,bashirmuhd1@gmail.com,8036429650
SP/R/1073,,OSABUOHEIN,OMORODION,GODMOST,M,ACADEMIC,PERMANENT,5/3/2014,1/10/2019,LECTURER I,CONUASS,4,1,M.A PHILOSOPHY,9/5/1981,godmust2003@yahoo.com,7032064185
SP/R/1076,,MAJE ,ALHAJI,HARUNA,M,ACADEMIC,PERMANENT,1/4/2014,11/19/2019,LECTURER II,CONUASS,3,1,M.SC CHEMICAL ENGENEERING,9/3/1989,majeharuna@gmail.com,8065579976
SP/R/1079,,MUHAMMAD,,UMAR,M,ACADEMIC,PERMANENT,7/4/2014,7/4/2019,LECTURER II,CONUASS,3,1,B.A ENGLISH,11/8/1984,mmumaru@gmail.com,8033161114
SP/R/1080,,IBRAHIM,MURTALA,MUSA,M,ACADEMIC,PERMANENT,7/4/2014,1/10/2017,LECTURER II,CONUASS,3,2,M.SC PHYSICS,15/12/1985,baffapet@yahoo.com,8032597357
SP/R/1081,,AMINU,,DAUDA,M,ACADEMIC,PERMANENT,7/4/2014,7/7/2019,LECTURER II,CONUASS,3,1,M.SC INORGANIC CHEMISTRY,27/12/1986,tasekkur@gmail.com,9030246175
SP/R/1084,,RAMATU,,AUDU,F,ACADEMIC,PERMANENT,8/4/2014,1/10/2017,LECTURER II,CONUASS,3,2,M.SC ANIMAL SCIENCE,28/06/1982,`rhmpretty@yahoo.com,8063595401
SP/R/1089,,MARTINS,OLUSEGUN,ORIFAH,M,ACADEMIC,PERMANENT,18/04/2014,1/10/2019,LECTURER I,CONUASS,4,1,M.SC AGRIC. ECONS & EXTENSION,18/01/1982,martinsorifah@gmail.com,8036976320
SP/R/1090,DR., USMAN,,AHMED,M,ACADEMIC,PERMANENT,1/4/2014,1/4/2014,READER,CONUASS,6,4,"M.A MEDICINE, LAW & ETHICS",16/05/1961,karuahmed@yahoo.com,7088827289
SP/R/1092,,ONSANYA,GBOLABO,OLAITAN,M,ACADEMIC,PERMANENT,15/04/2014,1/10/2017,LECTURER I,CONUASS,4,2,Ph.D ANIMAL BIOTECHNOLOGY,22/04/1979,onasanya.gbolabo@gmail.com,7069209207
SP/R/1093,,ABDULMALIK,,SHEHU,M,ACADEMIC,PERMANENT,7/4/2014,7/4/2019,LECTURER II,CONUASS,3,1,B.SC CHEMISTRY,2/7/1987,shehuabdulmalik9@gmail.com,8069845979
SP/R/1095,,MUHAMMED,ABUBAKAR,ALHASSAN,M,ACADEMIC,PERMANENT,22/04/2014,1/10/2017,LECTURER I,CONUASS,4,2,M.SC COMPUTER SCIENCE,25/07/1985,mahanajeeb66@yahoo.com,8030664695
SP/R/1096,,INUWA,ISA,DUTSE,M,ACADEMIC,PERMANENT,22/04/2014,1/10/2019,LECTURER I,CONUASS,4,1,Ph.D DETECTION OF MICROCOSM ON TWITTER ,18/07/1984,isadutse91@gmail.com,7066349990
SP/R/1097,,AMINU,MUHAMMAD,ADAM,M,ACADEMIC,PERMANENT,22/04/2014,19/05/2014,ASSISTANT LECTURER,CONUASS,2,2,B.A ARABIC,12/4/1976,aminumuhammad430@gmail.com,8062069474
SP/R/1098,,SABIU,SAID,ABDULLAHI,M,ACADEMIC,PERMANENT,22/04/2014,1/10/2017,LECTURER I,CONUASS,4,2,M.SC PHYSICS,10/4/1987,sabiusaid1@yahoo.com,8092430331
SP/R/1099,,PAUL,TERSOO,APEVERGA,M,ACADEMIC,PERMANENT,22/04/2014,1/10/2019,LECTURER I,CONUASS,4,1,M.SC CONSERVATION BIOLOGY,23/04/1981,apevergapaul@yahoo.com,7035900255
SP/R/1100,,SOTAYO,FALILAT,OLATORO,M,ACADEMIC,PERMANENT,29/04/2014,29/04/2014, ASSISTANT LECTURER,CONUASS,2,2,B.SC ENVIRONMENTAL BIOLOGY,7/4/1985,falilat.50@fud.edu.ng,8064996052
SP/R/1101,,IBRAHIM,ISA,DANGORA,M,ACADEMIC,PERMANENT,23/04/2014,1/10/2015,LECTURER II,CONUASS,3,4,M.SC BOTANY,27/04/1963,isaibrahimdangora@rocketmail.com,8039701673
SP/R/1106,,YUSUF,ABDULLAHI,MANU,M,ACADEMIC,PERMANENT,29/04/2014,1/10/2017,LECTURER I,CONUASS,4,2,M.SC DEFENCE & STRATEGIC,2/8/1979,ymanugella@gmail.com,8033497725
SP/R/1107,,ALIYU,UTHMAN,BELLO,M,ACADEMIC,PERMANENT,30/04/2014,1/10/2019,LECTURER I,CONUASS,4,1,M.SC NETWORK SECURITY,14/03/1982,alibel082@yahoo.com,8034205180
SP/R/1108,PROF.,PROF GARBA,SHEHU,MUSA,M,ACADEMIC,VISITING,2/5/2014,31/03/2019,PROFESSOR,CONUASS,7,5,PH.D PHYSICS,20/01/1966,,
SP/R/1110,,MAGAJI,,YUSUF,M,ACADEMIC,PERMANENT,5/5/2014,1/10/2019,LECTURER I,CONUASS,4,1,M.SC COMPUTER SECURITY/RESILIEN,2/3/1979,magaji.yusuf@fud.edu.ng,7065542697
SP/R/1113,,ZAKARI,,MOH’D,M,ACADEMIC,PERMANENT,12/5/2014,1/10/2017,LECTURER II,CONUASS,3,2,M.SC ANALYTICAL CHEMISTRY,15/03/1977,muhd.zakar@gmail.com,8036957112
SP/R/1114,,SA’ADAT,MUKHTAR,ISMAIL,F,ACADEMIC,PERMANENT,13/05/2014,2/22/2019,LECTURER II,CONUASS,3,1,M.SC MICROBIOLOGY,6/6/1989,elnurgaji@gmail.com,8030484077
SP/R/1119,,ABDULLAHI,,AMINU,M,ACADEMIC,PERMANENT,14/05/2014,2/22/2019,LECTURER II,CONUASS,3,1,M.SC SOCIOLOGY,13/02/1976,anatariwa@gmail.com,7061381773
SP/R/1121,,MUHAMMED,,ALIYU,M,ACADEMIC,PERMANENT,3/6/2014,3/6/2014,GRADUATE ASSISTANT,CONUASS,1,5,B. TECH. APPLIED ECOLOGY,8/8/1984,aliyumkezo@gmail.com,8037526952
SP/R/1122,DR., NASIRUDEEN,IBRAHIM,AHMED,M,ACADEMIC,PERMANENT,14/05/2014,1/10/2019,SENIOR LECTURER,CONUASS,5,2,P.HD ARABIC,15/05/1977,inasiruddeen@yahoo.com,8039449833
SP/R/1125,,UMAR,,MODIBBO,M,ACADEMIC,PERMANENT,20/05/2014,1/10/2017,LECTURER II,CONUASS,3,2,MS.C FISHERIES,29/12/1980,umar.modi@fud.edu.ng,8034893028
SP/R/1127,,IBRAHIM,KABIR,ABDULLAHI,M,ACADEMIC,PERMANENT,20/05/2014,1/10/2015,LECTURER I,CONUASS,4,1,M.A GEOGRAPHY,4/8/1984,ikabdullahika@gmail.com,08/039093486
SP/R/1128,,YUNUSA,IBRAHIM,ADOKE,M,ACADEMIC,PERMANENT,20/05/2014,5/20/2019,LECTURER II,CONUASS,3,1,B.SC FISHERIES,11/11/1984,ibrahim.adoke@gmail.com,8137243055
SP/R/1129,,IBRAHIM,,ABDULLAHI,M,ACADEMIC,PERMANENT,20/05/2014,1/10/2016,LECTURER I,CONUASS,4,1,M.SC MATHEMATICS,1/4/1984,iabdullahi94@gmail.com,8065929043
SP/R/1130,,IDRIS,MUHAMMAD,ADAMU,M,ACADEMIC,PERMANENT,20/05/2014,5/20/2019,LECTURER II,CONUASS,3,1,B.SC MATHEMATICS,15/12/1986,idreesmuhammadadam@gmail.com,7067720843
SP/R/1143,,ABBA,,LAWAN,M,ACADEMIC,PERMANENT,21/05/2014,1/10/2018, LECTURER II,CONUASS,3,3,M.SC INFORMATION TECHNOLOGY,15/07/1983,abbalawal2002@gmail.com,9032199750
SP/R/1145,,MICHAEL,EDET,NKEREUWEM,M,ACADEMIC,PERMANENT,27/05/2014,1/10/2017,LECTURER I,CONUASS,4,2,M.SC SOIL MICROBIOLOGY,27/08/1979,mikenkereuwem@yahoo.com,8032368482
SP/R/1146,,ADAMU,BALA,ISMAIL,M,ACADEMIC,PERMANENT,27/05/2014,1/10/2017,LECTURER II,CONUASS,3,2,M.SC PHYSICS,12/12/1988,alhayath4sure@yahoo.com,8066021679
SP/R/1147,,BELLO,,AHMED,M,ACADEMIC,PERMANENT,1/6/2014,1/6/2014,GRADUATE ASSISTANT,CONUASS,1,6,B. TECH FORESTRY,31/10/1979,bellowithu@gmail.com,7030100415
SP/R/1152,,RABIU,MUHAMMAD,ABBAS,M,ACADEMIC,PERMANENT,30/05/2014,2/22/2019,LECTURER II,CONUASS,3,1,M.SC COMPUTER SCIENCE,1/1/1986,mambas86@yahoo.com,8036408434
SP/R/1153,,PASCHAL,DADA,OMAGE,M,ACADEMIC,PERMANENT,30/05/2014,1/10/2019,LECTURER I,CONUASS,4,1,M.A FRENCH STUDIES,6/2/1973,pascalomage2010@yahoo.com,8066411322
SP/R/1156,,SHAMSU,,AHMAD,M,ACADEMIC,PERMANENT,2/6/2014,1/10/2017,LECTURER I,CONUASS,4,2,M.SC POLYMER CHEMISTRY,27/10/1986,shamfaz007@yahoo.com,7038775154
SP/R/1158,,YAHUZA,,SALIHU,M,ACADEMIC,PERMANENT,2/6/2014,1/10/2016,LECTURER II,CONUASS,3,3,M.SC GENETICS & BIOENGINEERING,30/05/1983,salihuyahuza66@gmail.com,8036542809
SP/R/1163,,IDRIS,ABDULQADIR,ABDULLAHI,M,ACADEMIC,PERMANENT,2/6/2014,1/10/2019,LECTURER I,CONUASS,4,1,M.SC ECONOMICS,23/09/1976,abdulqadiridris@yahoo.com,8033645002
SP/R/1168,,SHEHU,MUHAMMAD,NURUDDEEN,M,ACADEMIC,PERMANENT,3/6/2014,1/10/2015,LECTURER I,CONUASS,4,1,M.SC GEOGRAPHY,6/6/1983,otels2000@yahoo.com,8036232874
SP/R/1175,,IBRAHIM,ABUBAKAR,MUSTAPHA,M,ACADEMIC,PERMANENT,6/6/2014,1/10/2019,LECTURER I,CONUASS,4,1,Ph.D IN ARABIC LITERATURE AND LITERARY,17/09/1975,yurema03@gmail.com,8025413690
SP/R/1178,,JAMES,KEHINDE,OMIFOLAJI,M,ACADEMIC,PERMANENT,9/6/2014,1/10/2015,LECTURER I,CONUASS,4,1,M.SC WILDLIFE,16/06/1986,h2ofolaji@gmail.com,8032614217
SP/R/1181,,ABDULAZEEZ,,YUSUF,M,ACADEMIC,PERMANENT,11/6/2014,11/6/2014,ASSISTANT LECTURER,CONUASS,2,1,B.SC COMPUTER SCIENCE,10/8/1986,ludbaw23@gmail.com,7064491326
SP/R/1183,,HASSAN,,ISYAKU,M,ACADEMIC,PERMANENT,16/06/2014,9/3/2019,LECTURER II,CONUASS,3,1,M.SC LINGUISTICS,2/11/1989,hassan.isyaku@yahoo.com,8033508959
SP/R/1185,,MU’AZU,ABDULLAHI,ISHAQ,M,ACADEMIC,PERMANENT,16/06/2014,1/10/2017,LECTURER II,CONUASS,3,2,MS.C SOCIOLOGY,02//10/1980,muazuabdullahi29@gmail.com,8038981655
SP/R/1186,,SULEIMAN,MUHAMMAD,ISYAKU,M,ACADEMIC,PERMANENT,16/06/2014,1/10/2019,LECTURER I,CONUASS,4,1,M.SC SOCIOLOGY,12/2/1982,suhan201272@gmail.cm,8060444491
SP/R/1192,,ALI,,DANLADI,M,ACADEMIC,PERMANENT,18/06/2014,18/06/2014,ASSISTANT LECTURER,CONUASS,2,2,B.SC MATHEMATICS,6/3/1985,alidanladi14@gmail.com,8033889436
SP/R/1196,DR., MUHAMMAD,AUWAL,HARUNA,M,ACADEMIC,PERMANENT,18/06/2014,18/06/2014,SENIOR LECTURER ,CONUASS,5,1,P.HD FISHERIES MGT & AQUACULTURE,15/12/1968,a4globalfisheries@gmail.com,8037031981
SP/R/1197,,JAMILU,,HALIDU,M,ACADEMIC,PERMANENT,19/06/2014,1/10/2017,LECTURER I,CONUASS,4,2,M.SC CROP BREEDING & GENETICS,27/11/1968,jamiluhalidu@gmail.com,8032317287
SP/R/1198,,MUHAMMAD,MUHAMMAD,INUWA,M,ACADEMIC,PERMANENT,19/06/2014,19/06/2014,ASSISTANT LECTURER,CONUASS,2,2,B.SC COMPUTER SCIENCE,11/8/1982,bature04764@gmail.com,8036439780
SP/R/1199,,HAMIDU,MUHAMMAD,USMAN,M,ACADEMIC,PERMANENT,23/06/2014,23/06/2014,GRADUATE ASSISTANT,CONUASS,1,6,M.B.A FINANCE,27/05/1983,mohammed.hu@fud.edu.ng,8037556019
SP/R/1200,,HADIZA,USMAN,ABDULLAHI,F,ACADEMIC,PERMANENT,30/06/2014,12/5/2016,ASSISTANT LECTURER,CONUASS,2,4,M.SC INORGANIC CHEMISTRY,14/10/1988,hadiza4893@yahoo.com,8053545062
SP/R/1203,,SHEHU,,YA’U,M,ACADEMIC,PERMANENT,24/06/2014,6/24/2019,LECTURER II,CONUASS,3,1,M.SC ECONOMICS,7/1/1981,shehuy10@gmail.com,8037893770
SP/R/1209,,MUHAMMAD,,AUWAL,M,ACADEMIC,PERMANENT,27/06/2014,27/06/2014,GRADUATE ASSISTANT,CONUASS,1,6,B.SC COMPUTER SCIENCE,20/01/1990,coloradoratred@yahoo.co.uk,8036460515
SP/R/1210,,ABDULRAZAK,RILWAN,ITARI,M,ACADEMIC,PERMANENT,1/7/2014,1/7/2014, ASSISTANT LECTURER,CONUASS,2,1,M.SC ECONOMICS,12/12/1985,abdul854u@gmail.com,8065396021
SP/R/1211,,HUSSAINI,,AHMADU,M,ACADEMIC,PERMANENT,30/06/2014,30/06/2014,ASSISTANT LECTURER,CONUASS,2,1,B. AGRIC. ECONS & EXTENSION,13/03/1984,ahmaduhussaini1@gmail.com,8133481780
SP/R/1213,,UMAR,ALIYU,ABDULLAHI,M,ACADEMIC,PERMANENT,30/06/2014,1/10/2019,LECTURER I,CONUASS,4,1,MSC BIOMEDICAL ENGINEERING,13/03/1982,umaraa46@yahoo.com,8037036611
SP/R/1214,,EMMANUEL,CHUKWUDI,IBOBOR,M,ACADEMIC,PERMANENT,1/7/2014,1/10/2019,LECTURER I,CONUASS,4,1,M. A PHILOSOPHY,26/09/1980,ecibobor@gmail.com,8060856957
SP/R/1215,,AISHA,,IDRIS,F,ACADEMIC,PERMANENT,30/06/2014,5/10/2016,LECTURER II,CONUASS,3,1,M.SC MICROBIOLOGY,24/10/1990,idrisaisha24@gmail.com,8032934246
SP/R/1218,,UMAR,IBRAHIM,YAKUBU,M,ACADEMIC,PERMANENT,1/7/2014,1/10/2019,LECTURER I,CONUASS,4,1,M.SC POLITICAL SCIENCE,25/05/1980,umibr@yahoo.com,8061584532
SP/R/1220,,IBRAHIM,ABBA,BAKARI,M,ACADEMIC,PERMANENT,2/7/2014,1/10/2017,LECTURER I,CONUASS,4,2,M.SC MATHEMATICS,2/2/1975,albasco@yahoo.com,8134910855
SP/R/1225,,IBRAHIM,HAMZA,BUKAR,M,ACADEMIC,PERMANENT,3/7/2014,1/10/2019,LECTURER I,CONUASS,4,1,M.SC ARABIC,11/1/1975,barnawi50@gmail.com,8027356868
SP/R/1226,,AYUBA,,JOHN,M,ACADEMIC,PERMANENT,4/7/2014,4/7/2019,LECTURER II,CONUASS,3,1,B. COMPUTER ENGINEERING,25/05/1985,ayuba.john@fud.edu.ng,8060486709
SP/R/1227,,EGHOBOR,,SUNDAY,M,ACADEMIC,PERMANENT,4/7/2014,1/10/2019,LECTURER I,CONUASS,4,1,MSC. PLANT BREEDING,26/06/1979,sunnilur4real@yahoo.com,8025239475
SP/R/1235,,BEATRICE,,ONUOHA,F,ACADEMIC,PERMANENT,9/7/2014,1/10/2019,LECTURER I,CONUASS,4,1,M.A ENGLISH,29/11/1978,beatriceonuoha921@yahoo.com,8039648969
SP/R/1256,,ABDULLAHI,,YUSUF,M,ACADEMIC,PERMANENT,15/07/2014,1/10/2015,LECTURER I,CONUASS,4,1,M.SC MATHEMATICS,12/3/1985,yusufabdullahi32@yahoo.com,7037744244
SP/R/1257,,MUSTAPHA,,YAHAYA,M,ACADEMIC,PERMANENT,15/07/2014,15/07/2014, ASSISTANT LECTURER,CONUASS,2,1,B.SC MATHEMATICS,6/6/1985,ymustapha830@fud.edu.ng,8037676861
SP/R/1262,,KAUNA,,USMAN,F,ACADEMIC,PERMANENT,7/7/2014,11/10/2019,LECTURER I,CONUASS,4,1,M.SC PHARMACOLOGY,22/04/1988,kaunau92@gmail.com,8059498995
SP/R/1265,,SANI,BALA,ABBA,M,ACADEMIC,PERMANENT,2/7/2014,2/7/2014,LECTURER I,CONUASS,4,9,M.SC FOREST BIOLOGY,12/12/1965,sanibalaabba@gmail.com,7068316927
SP/R/1267,,YAKUBU,SANI,WUDIL,M,ACADEMIC,PERMANENT,22/07/2014,1/24/2019,LECTURER II,CONUASS,3,1,M.SC PHYSICS,21/07/1991,yaljashiz@ymail.com,7034373844
SP/R/1274,,MAGAJI,,SALEH,M,ACADEMIC,PERMANENT,22/07/2014,1/10/2017,LECTURER II,CONUASS,3,2,M.SC SOCIOLOGY,8/3/1985,magajihardawa@gmail.com,8036402183
SP/R/1280,,JAMES,,ANDRAWUS,M,ACADEMIC,PERMANENT,31/07/2014,21/12/2016,LECTURER II,CONUASS,3,1,M.SC MATHEMATICS,17/12/1987,jamesandy@gmail.com,8067836348
SP/R/1287,,SHEHU,,HABIBU,M,ACADEMIC,PERMANENT,7/5/1905,1/10/2017,LECTURER I,CONUASS,4,2,M.SC COLOUR CHEMISTRY,16/05/1982,s.habibu@fud.edu.ng,8069384214
SP/R/1299,,DAUDA,USMAN,JAMIL,M,ACADEMIC,PERMANENT,11/8/2014,1/10/2019,LECTURER I,CONUASS,4,1,M.SC PHYSIOLOGY,13/09/1985,jamso85@yahoo.com,8030801260
SP/R/1301,,IBRAHIM,BUKAR,MAI-SIYAMA,M,ACADEMIC,PERMANENT,11/8/2014,11/8/2014,GRADUATE ASSISTANT,CONUASS,1,6,B.SC ANATOMY,18/09/1982,drbukar@gmail.com,7089889070
SP/R/1303,,AUWALU,,ALIYU,M,ACADEMIC,PERMANENT,13/08/2014,3/8/2019,LECTURER II,CONUASS,3,1,M.SC BIOTECHNOLOGY,5/6/1988,auwalyalo@gmail.com,8060147772
SP/R/1307,,ABDULLAHI,HASSAN,BIRNIN KUDU,M,ACADEMIC,PERMANENT,14/08/2014,14/08/2014,LECTURER II,CONUASS,3,6,M.SC COMPUTER SCIENCE,19/11/1965,chiromo1965@gmail.com,8036713585
SP/R/1313,,AMINU,LAWAN,HUSSEIN,M,ACADEMIC,PERMANENT,18/08/2014,22/04/2016,LECTURER II,CONUASS,3,1,M.SC INFORMATION TECHNOLOGY,6/10/1986,aminu.hussein@fud.edu.ng,7039212757
SP/R/1314,,MUKHTAR,DANLADI,GALADIMA,M,ACADEMIC,PERMANENT,18/08/2014,26/09/2018,ASSISTANT LECTURER,CONUASS,2,1,B.SC ECONOMICS,4/3/1985,mukhtargaladima@gmail.com,8170492727
SP/R/1315,,NAFI’U,,ZAKARI,M,ACADEMIC,PERMANENT,20/08/2014,20/08/2014,LECTURER I,CONUASS,4,1,M.SC GEOGRAPHY,4/3/1985,nafiufagge@gmail.com,7039817374
SP/R/1321,,MUHAMMAD,HASSAN,NGADA,M,ACADEMIC,PERMANENT,21/08/2014,8/21/2019,LECTURER II,CONUASS,3,1,B.SC ECONOMICS,6/10/1986,muhdngada@gmail.com,7066492424
SP/R/1322,,MUHAMMAD,SAGIR,DUTSIN-MA,M,ACADEMIC,PERMANENT,21/08/2014,21/08/2014,ASSISTANT LECTURER,CONUASS,2,1,B.SC ECONOMICS,12/11/1972,muhammadsagirdutsinma@gmail.com,8037150291
SP/R/1327,,IDRIS,YUSHA’U,M,M,ACADEMIC,PERMANENT,25/08/2014,1/10/2018,LECTURER II,CONUASS,3,1,M.SC ECONOMICS,23/06/1989,idrisyushau@yahoo.com,8062438335
SP/R/1328,,MUHAMMAD,GARBA,DAYA,M,ACADEMIC,PERMANENT,28/08/2014,28/08/2014,GRADUATE ASSISTANT,CONUASS,1,5,B.SC ENVIRONMENTAL BIOLOGY,17/06/1989,mgdaya274@mail.com,8066489976
SP/R/1329,,AFOLABI,LUKMAN,OLALEKAN,M,ACADEMIC,PERMANENT,1/9/2014,1/10/2016,LECTURER II,CONUASS,3,3,M.SC BIOCHEMISTRY,1/7/1985,afolabi.lukman@fud.edu.ng,8036635350
SP/R/1331,,MURTALA,,SALISU,M,ACADEMIC,PERMANENT,26/08/2014,1/10/2019,LECTURER I,CONUASS,4,1,M.SC MATHEMATICS,10/8/1980,salisumurtala@yahoo.com,8062327272
SP/R/1333,,HAUWA,ONOZASI,UMAR,F,ACADEMIC,PERMANENT,1/9/2014,30/07/2018,ASSISTANT LECTURER,CONUASS,2,1,B.SC HUMAN ANATOMY,26/06/1988,umaronozasihauwa@yahoo.com,8036464530
SP/R/1336,,MOHAMMED,SANUSI,SHIRU,M,ACADEMIC,PERMANENT,1/9/2014,1/10/2019,LECTURER I,CONUASS,4,1,M.SC HYDROGEOLOGY & ENVIRONMENTAL GEOSCIENCES,18/03/1982,shiru.sanusi@gmail.com,9032109033
SP/R/1337,,MAHMOUD,,SARKI,M,ACADEMIC,PERMANENT,1/9/2014,1/10/2019,LECTURER II,CONUASS,3,8,PHD EDUCATIONAL PSYCHOLOGY,22/08/1969,sarkimahmoud@yahoo.com,8038275775
SP/R/1339,,ADAM,ABDULLAHI,ADAM,M,ACADEMIC,PERMANENT,2/9/2014,1/10/2019,LECTURER I,CONUASS,4,1,M.SC CHEMISTRY,16/03/1980,adam.a@fud.edu.ng,8064812384
SP/R/1344,,ASMA’U,MUHAMMAD,SHEHU,F,ACADEMIC,PERMANENT,04/092014,31/10/2016,ASSISTANT LECTURER ,CONUASS,2,3,MB.SC ANATOMY,1/10/1981,asamry@yahoo.com,8033125419
SP/R/1345,,MOHAMMED,SHETTIMA,YUGUDA D.,M,ACADEMIC,PERMANENT,5/9/2014,5/9/2014,GRADUATE ASSISTANT,CONUASS,1,6,BS.C PUBLIC ADMIN.,27/09/1974,omedyuguda94@gmail.com,8032600092
SP/R/1347,DR., AUWAL,ABDULHAMID,,M,ACADEMIC,PERMANENT,8/9/2014,1/10/2016,READER,CONUASS,6,3,P.HD AGRIC EDUCATION,3/11/1972,abdulhamidauwal@yahoo.com,8028712901
SP/R/1348,,ATIKU,IBRAHIM,AHMAD,M,ACADEMIC,PERMANENT,15/09/2014,9/15/2019,LECTURER II,CONUASS,3,1,B.SC ANATOMY,12/6/1980,khaleelu80@gmail.com,807771009
SP/R/1355,DR.,NAFISATU,,KABIR,F,ACADEMIC,PERMANENT,11/9/2014,11/9/2017,SENIOR LECTURER ,CONUASS,5,2,P.HD BIOCHEMISTRY,6/6/1979,kabirnafise@yahoo.com,8036085853
SP/R/1357,,ABDUL NASIR,YOLA,TURAWA,M,ACADEMIC,PERMANENT,16/09/2014,1/10/2019,LECTURER I,CONUASS,4,1,M.SC ECONOMICS,27/01/1983,abtyola@yahoo.com,8032388669
SP/R/1361,,MUSA,ABBA,JATO,M,ACADEMIC,PERMANENT,29/09/2014,1/10/2017,LECTURER II,CONUASS,3,2,M.SC ENVIRONMENTAL GEOLOGY,20/08/1987,b234@yahoo.com,8034421620
SP/R/1362,,ASMAU,,MAHE,F,ACADEMIC,PERMANENT,22/09/2014,9/22/2019,LECTURER II,CONUASS,3,1,B.SC BIOCHEMISTRY,29/04/1982,maheasmau@gmail.com,8036010772
SP/R/1366,,ISA,MAGAJI,AZARE,M,ACADEMIC,PERMANENT,30/09/2014,1/10/2017,LECTURER I,CONUASS,4,2,M.SC GEOGRAPHY,24/12/1978,isamagajiazare@gmail.com,8065951446
SP/R/1370,PROF., UBA,AHMAD,ALI,M,ACADEMIC,PERMANENT,2/10/2014,2/10/2014,PROFESSOR,CONUASS,7,5,PH.D MATHEMATICS,7/3/1905,ubaahmad@yahoo.co.uk,8067426921
SP/R/1381,DR., SHU’AIBU,MAIUNGUWA,ALI,M,ACADEMIC,PERMANENT,8/10/2014,8/10/2019,READER,CONUASS,6,1,PH.D MATHEMATICS,14/12/1998,shuaibuali16@gmail.com,8069628448
SP/R/1389,,AHMED,,ABUBAKAR,M,ACADEMIC,PERMANENT,1/10/2014,1/10/2016,LECTURER II,CONUASS,3,3,MS.C ENVIRONMENTAL ANALYSIS,17/09/1970,ahmad.a@fud.edu.ng,8065972750
SP/R/1395,,ASMAU,ISHIAKU,DUTSE,F,ACADEMIC,PERMANENT,13/10/2014,13/10/2014,GRADUATE ASSISTANT,CONUASS,1,6,MASTERS IN PUBLIC POLICY & ADMIN.,13/11/1977,amadutse@yahoo.com,8033282259
SP/R/1454,,SALIHU,IBRAHIM,NAFISA,M,ACADEMIC,PERMANENT,30/10/2014,30/10/2017,LECTURER  I,CONUASS,4,6,MS.C BIOCHEMISTRY,10/12/1982,salihu.ibrahim@fud.edu.ng,8036316108
SP/R/1457,DR., MUSA,MUSTAPHA,NAFISA,M,ACADEMIC,PERMANENT,3/11/2014,3/11/2014,READER,CONUASS,6,2,PH.D ZOOLOGY,18/03/1962,mmdogara@yahoo.com,8062772420
SP/R/1460,,ABUBAKAR ,BISHIR,,M,ACADEMIC,PERMANENT,3/11/2014,11/1/2019,LECTUER I,CONUASS,4,1,M.SC HUMAN PHYSIOLOGY,26/07/1987,abdaku2@yahoo.com,8036070418
SP/R/1461,,ABBA,TIJJANI,MAHMUD,M,ACADEMIC,PERMANENT,4/11/2014,5/22/2019,LECTURER II,CONUASS,3,1,M.SC SOIL SCIENCE,10/5/1987,mahmudtijani@gmail.com,8035153403
SP/R/1469,,AHMAD,GARBA ,KHALIL,M,ACADEMIC,PERMANENT,3/11/2014,3/11/2019,LECTURER I,CONUASS,4,1,MS.C ECONOMICS,19/10/1979,ag.khaleel@umyu.edu.ng,8032075973
SP/R/1470,,SALE,,ALI,M,ACADEMIC,PERMANENT,12/11/2014,12/11/2014,LECTURER II,CONUASS,3,4,MS.C MATHEMATICS,13/04/1965,salenkudai@gmail.com,8036228784
SP/R/1473,,USMAN,MUHAMMAD,TUKUR,M,ACADEMIC,PERMANENT,19/11/2014,1/10/2019,LECTURER I,CONUASS,4,1,MS.C COMPUTER SCIENCE,9/5/1977,mtusman@fud.edu.ng,8030943373
SP/R/1477,,MUHAMMAD,SANI,MUSBAHU,M,ACADEMIC,PERMANENT,1/12/2014,1/10/2019,LECTURER I,CONUASS,4,1,MS.C BIOCHEMISTRY,1/11/1989,almusby@yahoo.com,8067372160
SP/R/1483,,LABARAN,,IBRAHIM,M,ACADEMIC,PERMANENT,16/11/2014,1/10/2016,LECTURER I,CONUASS,4,3,MS.C BIOCHEMISTRY,19/09/1980,labaranibrahim@gmail.com,7063484583
SP/R/1485,DR., YAMUNA,AMINU,KANI,F,ACADEMIC,PERMANENT,6/1/2015,1/10/2017,SENIOR LECTURER,CONUASS,5,2,MBBS,18/08/1979,yamunakani4@gmail.com,8034457903
SP/R/1486,,AHMED ,IBRAHIM,KIYAWA,M,ACADEMIC,PERMANENT,6/1/2015,1/10/2016,LECTURER II,CONUASS,3,3,M.SC EMBEDED MICROELECTRONICS & WIRELESS SYSTEM,27/04/1983,ai.kiyawa@fud.edu.ng,7030169013
SP/R/1496,,IMAM,BUBA,CHEKENE,M,ACADEMIC,PERMANENT,10/2/2015,10/2/2015,ASSISTANT LECTURER,CONUASS,2,3,M.SC MANAGEMENT,7/5/1972,imam0123@gmail.com,7030210021
SP/R/1500,DR., BELLO,AMINU,BELLO,M,ACADEMIC,PERMANENT,3/3/2015,1/10/2019,READER,CONUASS,6,1,PH.D BIOCHEMISTRY,26/03/1980,belloaminubello@fud.edu.ng,8065283248
SP/R/1501,DR., NDUBUEZE,PHILIP,NNAMEZIRI,M,ACADEMIC,PERMANENT,2/3/2015,2/3/2019,SENIOR LECTURER,CONUASS,5,1,M.SC CRIMINOLOGY,22/08/1974,philipndubueze@yahoo.com,8030964383
SP/R/1510,PROF., AWAISU,MOHD,HARUNA,M,ACADEMIC,VISITING,11/3/2019,11/3/2019,PROFESSOR,CONUASS,7,2,PH.D SOCIOLOGY,3/3/1958,,
SP/R/1511,,ABUBAKAR,MOHAMMED,SALE,M,ACADEMIC,PERMANENT,2/2/2015,1/10/2016,LECTURER I,CONUASS,4,3,M.ENG FARM POWER & MACHINERY,1/1/1972,mabubakar46@gmail.com,8061590089
SP/R/1514,DR., MUHAMMAD,,BELLO,M,ACADEMIC,CONTRACT,7/4/1905,4/5/2015,LECTURER I,CONUASS,4,2,PH.D INTERNATIONAL RELATION,5/18/1905,muhammadsbell1965@gmail.com,8034501520
SP/R/1528,,MUKKAFA,,SHEHU,M,ACADEMIC,PERMANENT,3/7/2015,3/7/2015,GRADUATE ASSISTANT,CONUASS,1,5,BS.C GEOLOGY,22/02/1988,ababio1011@gmail.com,8122576958
SP/R/1534,DR., MUHAMMAD,LAWAN,KAURANGINI,M,ACADEMIC,VISITING,2/10/2019,2/10/2019,READER,CONUASS,6,3,PH.D MATHEMATICS,7/4/1972,kaurangini@yahoo.com,8034528577
SP/R/1537,PROF., FATIMA,IBRAHIM,OYINE,F,ACADEMIC,VISITING,11/3/2019,11/3/2019,PROFESSOR,CONUASS,7,,PH.D SOCIOLOGY,16/07/1962,,
SP/R/1538,PROF., AISHA,ABDUL,ISMAIL,F,ACADEMIC,VISITING,11/3/2019,11/3/2019,PROFESSOR,CONUASS,7,,PH.D POLITICAL SCIENCE,4/10/1966,,
SP/R/1539,,BOUKARI,,SOULEY,M,ACADEMIC,VISITING,22/06/2019,9/11/2019,PROFESSOR,CONUASS,7,1,PH.D COMPUTER SCIENCE,1/1/1968,,
SP/R/1540,DR., RASHID,,HUSAIN,M,ACADEMIC,VISITING,16/10/2017,1/8/2019,READER,CONUASS,6,10,PH.D COMPUTER SCIENCE,28/12/1986,,
SP/R/1544,,SHADARACH,TERHEMBA,BEM,M,ACADEMIC,PERMANENT,21/07/2015,1/10/2017,LECTURER II,CONUASS,3,2,MS.C PHYSICS,20/11/1989,bemshadrach@yahoo.com,8067641608
SP/R/1547,DR., ABUBAKAR,MUHAMMAD,MIYIM,M,ACADEMIC,PERMANENT,27/07/2015,1/10/2018,READER,CONUASS,6,1,PH.D PHILOSOPHY,28/10/1964,abubakar.miyim@fud.edu.ng,8189348023
SP/R/1548,PROF., LAWAN ,SANI,TAURA,M,ACADEMIC,VISITING,28/07/2015,27/02/2017,PROFESSOR,CONUASS,7,10,PH.D PHYSICS,,,
SP/R/1553,,USMAN,,SULEIMAN,M,ACADEMIC,PERMANENT,30/07/2015,1/10/2019,LECTURER I,CONUASS,4,1,MS.C PLANT HEALTH,15/11/1980,labboallugu@yahoo.com,7034233241
SP/R/1555,,BASIRU,ISMAIL,SANUSI,M,ACADEMIC,PERMANENT,3/8/2015,3/8/2015,ASSISTANT LECTURER,CONUASS,2,4,M.SC COMPUTER SCIENCE,3/10/1985,ibm_sanusi@yahoo.com,8033665583
SP/R/1556,,AHIJO,MOHAMMED,TUKURE,M,ACADEMIC,PERMANENT,3/8/2015,1/10/2017,LECTURER II,CONUASS,3,2,MS.C ENVIRONMENTAL PLANNING,29/04/1982,mahijo@yahoo.com,8065806003
SP/R/1565,DR., AHMAD,MUHAMMAD,GUMEL,M,ACADEMIC,PERMANENT,4/8/2015,4/8/2015,READER,CONUASS,6,3,PH.D BIOTECHNOLOGY,10/4/1976,dr.gumel@fud.edu.ng,8161101920
SP/R/1566,,IDRIS,MUHAMMAD,ALIYU,M,ACADEMIC,PERMANENT,4/8/2015,1/10/2016,LECTURER II,CONUASS,3,3,MS.C ORGANIC CHEMISTRY,1/1/1989,maulidz@gmail.com,7064588171
SP/R/1568,,ABDULRAHMAN,,TUKUR,M,ACADEMIC,PERMANENT,6/8/2015,6/8/2015,GRADUATE ASSISTANT,CONUASS,1,5,BS.C APPLIED CHEMISTRY,11/7/1986,tukurabdulrahman@fud.edu.ng,8061291515
SP/R/1569,,IBRAHIM,ISMAIL,IDOWU,M,ACADEMIC,PERMANENT,7/8/2015,1/10/2019,LECTURER I,CONUASS,4,1,MS.C PHYSICS,3/3/1980,idowuaraba@gmail.com,8036826053
SP/R/1573,,ABBA,GANA,SADIQ,M,ACADEMIC,PERMANENT,7/8/2015,1/10/2017,LECTURER II,CONUASS,3,2,MS.C ENVIRONMENTAL ENERGY,27/10/1988,65229abba@gmail.com,8038976658
SP/R/1574,DR., IBRAHIM,,MALLAM,M,ACADEMIC,PERMANENT,24/06/2015,1/10/2016,LECTURER I,CONUASS,4,3,PH.D GEOGRAPHY,23/03/1972,imallamwaliyyu@yahoo.co m,8036892056
SP/R/1578,,AHMAD,DANJUMA,SUFI,M,ACADEMIC,PERMANENT,29/07/2015,1/10/2017,LECTURER II,CONUASS,3,2,MS.C ZOOLOGY,17/08/1984,sufi2020@yahoo.com,7039215471
SP/R/1584,,ILIYASU,ALIYU,BASHIR,M,ACADEMIC,PERMANENT,4/8/2015,1/10/2019,LECTURER I,CONUASS,4,1,MS.C ORGANIC CHEMISTRY,3/1/1988,iliyasualiyubashir@fud.edu.ng,8036785928
SP/R/1596,,USMAN ,S.,MUHAMMED,M,ACADEMIC,PERMANENT,18/08/2015,18/08/2015,ASSISTANT LIBRARIAN,CONUASS,1,5,B.A LIBRARY AND INFORMATIO,8/9/1982,usmansong330@gmail.com,8035671947
SP/R/1597,,MEDINA,,MUHAMMAD,F,ACADEMIC,PERMANENT,18/08/2015,1/10/2017,LECTURER II,CONUASS,3,2,MASTER OF LIBRARY SCIENCE,30/12/1976,mediluck60@gmail.com,8036138637
SP/R/1598,,HAMMAN,ABUBAKAR,BASHIR,M,ACADEMIC,PERMANENT,17/08/2015,8/17/2019,LECTURER II,CONUASS,3,2,B.A POLITICAL SCIENCE,24/01/1992,yerimahamman@hotmail.com,8092222747
SP/R/1602,,MADINATU,,RAJI,F,ACADEMIC,PERMANENT,20/08/2015,1/10/2017,LECTURER II,CONUASS,3,2,MS.C MEDICAL MICROBIOLOGY,25/05/1981,madinat_raji@yahoo.com,8036375599
SP/R/1618,DR., MAIKANO,,MADAKI,M,ACADEMIC,VISITING,23/04/2018,11/3/2019,READER,CONUASS,6,1,PH.D SOCIOLOGY (CRIMINOLOGY),23/11/1970,,
SP/R/1624,,ABGA,MAINA,MACKSON,M,ACADEMIC,PERMANENT,28/09/2015,1/10/2017,LECTURER II,CONUASS,3,2,MS.C PUBLIC ADMINISTRATION,15/01/1964,abgamainamakson@gmail.com,7035665501
SP/R/1627,,ABUBAKAR ,,SANUSI,M,ACADEMIC,PERMANENT,10/9/2015,10/9/2015,ASSISTANT LIBRARIAN,CONUASS,1,5,BS.C LIBRARY AND INFORMATION,11/6/1988,abubakarsunusi15@gmail.com,8153369209
SP/R/1633,DR., EHIEN,ALFRED,EHIZUA,M,ACADEMIC,PERMANENT,10/9/2015,10/9/2012,LECTURER I,CONUASS,5,2,PH.D AGRICULTURAL EXTENSION & RURAL DEVT.,27/08/1961,dralfredeheina@yahoo.com,8060600978
SP/R/1640,,MUHAMMAD,,MUHAMAD,M,ACADEMIC,PERMANENT,10/9/2015,1/10/2017,LECTURER II,CONUASS,3,2,MS.C BIOTECHNOLOGY,16/01/1987,muhaMMADKW89@gmail.com,8033257654
SP/R/1650,DR., GAMA,EMMANUEL,NKWI,M,ACADEMIC,CONTRACT,14/09/2015,1/10/2016,LECTURER I,CONUASS,4,3,PH.D AGRIC ECONOMICS,6/7/1967,gamaemmanuel@fud.edu.ng,8145005143
SP/R/1656,DR., SUNDAY,,BABUBA,M,ACADEMIC,PERMANENT,22/09/2015,9/22/2019,SENIOR LECTURER ,CONUASS,5,1,PH.D MATHEMATICS,1/10/1970,sundaydzupu@yahoo.com,8039282881
SP/R/1658,,OLALEYE,ABDUL,ADEMOLA,M,ACADEMIC,PERMANENT,29/09/2015,1/10/2016,LECTURER I,CONUASS,4,1,MS.C CHEMISTRY,5/2/1978,lebdul@fud.edu.ng,8038977393
SP/R/1662,,ADELEYE,ADENIYI,OLAREWAJU,M,ACADEMIC,PERMANENT,1/3/2015,1/10/2017,LECTURER II,CONUASS,3,2,MS.C ENVIRONMENTAL SCIENCE,1/3/1976,adeniyi.adeleyo@fud.edu.ng,8162784457
SP/R/1665,,UBA,YUSUF,MAGAJI,M,ACADEMIC,PERMANENT,30/09/2015,30/09/2015, ASSISTANT LECTURER,CONUASS,2,2,BS.C COMPUTER SCIENCE,2/5/1991,ubayusuf33@gmail.com,8068483004
SP/R/1669,,NURA,UMAR,KURA,M,ACADEMIC,PERMANENT,9/11/2015,1/10/2016,LECTURER I,CONUASS,4,3,PH.D ENVIRONMENTAL MODELLING & ANALYSIS,12/10/1978,nuraumar@gmail.com,8063728226
SP/R/1671,,MAHMOUD,ABDULMAJEED,AMINU,M,ACADEMIC,PERMANENT,6/10/2015,1/10/2017,LECTURER II,CONUASS,3,2,M.A INTERNATIONAL RELATION,10/6/1985,abdulmajeedu@gmail.com,8130437476
SP/R/1672,,ANAS,,ABDU,M,ACADEMIC,PERMANENT,6/10/2015,1/10/2017,LECTURER II,CONUASS,3,2,BS.C ELECTRONICS,20/03/1986,aanasabdu@gmail.com,8037968320
SP/R/1673,,ZAINAB,SANUSI,UMAR,F,ACADEMIC,PERMANENT,8/10/2015,8/10/2015,ASSISTANT LECTURER,CONUASS,2,1,MS.C POLITICAL SCIENCE,13/05/1990,zeefula@gmail.com,8033659514
SP/R/1674,DR., ABDULHAKEEM,,ADEJUMO,M,ACADEMIC,PERMANENT,12/10/2015,1/10/2017,LECTURER I,CONUASS,4,2,PH.D POLITICAL SCIENCE,29/09/1973,hakeemadejumo@yahoo.com,8037017747
SP/R/1687,,ABDULRAHMAN,,UMAR,M,ACADEMIC,PERMANENT,23/10/2015,23/10/2015,ASSISTANT LECTURER,CONUASS,2,4,MS.C MANAGEMENT,4/2/1981,baba.umar14@gmail.com,8063898305
SP/R/1696,PROF., ABDULHAMEED,ADAMU,IBRAHIM,M,ACADEMIC,PERMANENT,1/11/2015,1/10/2017,PROFESSOR,CONUASS,7,2,PH.D GEOGRAPHY,16/02/1967,abdulhamid2@yahoo.com,8036525267
SP/R/1704,DR., JIBRIN,,ALIYU,M,ACADEMIC,VISITING,18/10/2018,2/10/2018,READER,CONUASS,6,,PH.D ANIMAL SCIENCE,17/06/1971,,
SP/R/1705,,MOHAMMED,INUWA,ALIYU,M,ACADEMIC,PERMANENT,17/11/2015,17/11/2015,GRADUATE ASSISTANT,CONUASS,1,5,B.ENG CIVIL ENGINEERING,2/5/1988,engraliyuinuwa88@gmail.com,8036421176
SP/R/1712,,AMINU,NASIRU,IBRAHIM,M,ACADEMIC,PERMANENT,18/11/2015,11/18/2019,LECTURER,CONUASS,3,1,MS.C INTERNATIONAL BUSINESS MANAGEMENT,11/4/1983,nasirringim@yahoo.com,8036865880
SP/R/1714,PROF., GHAJI,ABUBAKAR,BADAWI,F,ACADEMIC,TENURE,1/12/2015,1/12/2015,PROFESSOR,CONUASS,CONSOLIDATED,,PH.D LIBRARY & INFORMATION SCIENCE,18/04/1957,aa.badawi@yahoo.com,7037960066
SP/R/1725,,GARBA,IBRAHIM,MUSTAPHA,M,ACADEMIC,PERMANENT,30/11/2015,11/30/2019,LECTURER I,CONUASS,4,1,M.A ENGLISH,17/04/1976,igmustaphasays@gmail.com,8065951233
SP/R/1729,,BALA,ABBA,ALHAJI,M,ACADEMIC,PERMANENT,10/2/2016,1/10/2017,LECTURER II,CONUASS,3,2,MS.C PHYSICS,22/04/1984,abkabuga@yahoo.com,8130709998
SP/R/1730,,GLORIA,OMOKHUDU,ISI,F,ACADEMIC,PERMANENT,1/12/2015,1/10/2017,LECTURER II,CONUASS,3,2,MS.C ENERGY & ENVIRONMENTAL MANAGEMENT,10/5/1988,gloriaisi18@gmail.com,7031932930
SP/R/1734,,IBRAHIM,MUBARAK,ZAMFARA,M,ACADEMIC,PERMANENT,1/12/2015,1/10/2017,LECTURER II,CONUASS,3,2,MS.C AGRONOMY,25/06/1987,mubarakzamfara@mail.com,7030940785
SP/R/1736,,ADEPOJU,,MALIK,M,ACADEMIC,PERMANENT,3/12/2015,3/12/2015,GRADUATE ASSISTANT,CONUASS,1,5,B.SC BIOCHEMISTRY,22/01/1990,abdulmaliklolakan@gmail.com,7066548229
SP/R/1738,,AFEEZ,OLADEJI,AMOO,M,ACADEMIC,PERMANENT,9/12/2015,1/10/2017,LECTURER II,CONUASS,3,2,M. CIVIL ENGINEERING,5/10/1987,amooafeez415@gmail.com,8062315520
SP/R/1745,DR., ADAM,IBRAHIM,KHALIL,M,ACADEMIC,PERMANENT,14/12/2015,1/10/2018,READER,CONUASS,6,2,PH.D RESEACH IN LABORATORY,20/06/1981,ibrahimkhalil_adam@yahoo.com,7063455543
SP/R/1756,DR., MUSA,YUSUF,TAMBAI,M,ACADEMIC,PERMANENT,4/1/2016,1/10/2017,SENIOR LECTURER ,CONUASS,5,2,P.HD,15/05/1981,musangwarzo@yahoo.com,8034418207
SP/R/1757,,ADELEKE,EMMANUEL,ADETAYO,M,ACADEMIC,PERMANENT,4/1/2016,22/05/2019,ASSISTANT LECTURER,CONUASS,2,1,M.A AGRIC ECONOMICS,1/7/1988,manleke4real@gmail.com,8034756368
SP/R/1758,,ABDUL-AZEEZ,,ABUBAKAR,M,ACADEMIC,PERMANENT,5/1/2016,5/1/2016,GRADUATE ASSISTANT,CONUASS,1,4,B.SC ECONOMICS,2/12/1986,meandazeez@gmail.om,8031863040
SP/R/1760,,UBA ,ISYAKU,HARUNA,M,ACADEMIC,PERMANENT,11/1/2016,11/1/2019,LECTURER II,CONUASS,3,1,BS.C SOFTWARE ENGINEERING,2/4/1990,isaqkiyawa@gmail.com,8069586337
SP/R/1767,,JAKADA,AMINU,HASSAN,M,ACADEMIC,PERMANENT,14/10/2016,1/10/2017,LECTURER II,CONUASS,3,2,MS.C ECONOMICS,28/09/1986,aminu.jakada@fud.edu.ng,8061309649
SP/R/1768,DR., AHMAD ,SARKINDORI,NASIR,M,ACADEMIC,PERMANENT,13/01/2016,13/01/2016,LECTURER I,CONUASS,4,1,PH.D POLITICAL SCIENCE,23/12/1970,nhasir2003@yahoo.com,8037032235
SP/R/1769,,ABDULAZEEZ,,IDRIS,M,ACADEMIC,PERMANENT,19/01/2016,19/01/2016,GRADUATE ASSISTANT,CONUASS,1,4,B.A AGRIC,8/8/1980,abdulazizidris22@gmail.com,7034581838
SP/R/1774,,YUSUF,IBRAHIM,MUSA,M,ACADEMIC,PERMANENT,26/01/2016,26/01/2016,GRADUATE ASSISTANT,CONUASS,1,3,BS.C MICROBIOLOGY,27/11/1988,yusufmoma114@gmail.com,8099004308
SP/R/1787,,EMMANUEL,IJANU,MADU,M,ACADEMIC,PERMANENT,9/2/2016,1/10/2017,LECTURER II,CONUASS,3,2,MS.C ENVIRONMENTAL SCIENCE,28/12/1989,ijanuyadzama@fud.edu.ng,7036164226
SP/R/1799,,ABDULKARIM,SALIHU,AISH,M,ACADEMIC,PERMANENT,10/2/2016,1/10/2019,SENIOR LECTURER,CONUASS,5,2,PH.D COMPUTER SCIENCE,21/12/1979,sakwami@fud.edu.ng,8037713775
SP/R/1800,PROF., SHUAIBU,YAHYA,JAURO,M,ACADEMIC,VISITING,17/09/2018,1/9/2019,PROFESSOR,CONUASS,7,10,MEMCPH,15/06/1962,,
SP/R/1810,PROF., FATIMA,BATULU,MUKTAR,F,ACADEMIC,TENURE,11/2/2016,11/2/2016,PROFESSOR,CONUASS,CONSOLIDATED,,PH.D BIOLOGY,23/05/1963,mukhtarfb@yahoo.co.uk,8033116067
SP/R/1811,,ABDULLAHI,LAWAL,DANGIWA,M,ACADEMIC,PERMANENT,5/4/2016,1/10/2017,LECTURER II,CONUASS,3,2,MS.C SOCIOLOGY,6/8/1984,abdullahidangiwa@gmail.com,8035209222
SP/R/1813,DR., SODANGI,MUHAMMAD,MUSA,M,ACADEMIC,PERMANENT,12/4/2016,12/4/2019,SENIOR LECTURER,CONUASS,5,1,PH.D ARABIC,1/1/1966,muhammadmsodangi@gmail.com,8069285726
SP/R/1834,PROF., ABDULKARIM,SABO,MOHAMMED,M,ACADEMIC,PERMANENT,2/5/2017,2/5/2017,PROFESSOR,CONUASS,7,10,PROF. FOOD BIOTECHNOLOGY,15/03/1969,abdulkarim@fud.edu.ng,7086186694
SP/R/1854,DR., ABDULKADIR,S.,GIDADO,M,ACADEMIC,VISITING,14/10/2014,2/10/2018,LECTURER I,CONUASS,4,2,PH.D PHYSICS,5/1/1974,,
SP/R/1855,DR., ZAHRADDEEN,,SUFYANU,M,ACADEMIC,PERMANENT,18/10/2016,10/18/2019,SENIOR LECTURER,CONUASS,5,1,PH.D COMPUTER SCIENCE,26/05/1986,sufyanzzzzz@gmail.com,8165963458
SP/R/1858,DR., INUWA,ALIYU ,FARAGAI,M,ACADEMIC,VISITING,14/10/2016,21/10/2018,SENIOR LECTURER,CONUASS,5,2,PH.D PHYSICS,17/07/1973,,
SP/R/1859,PROF., AMINU,FAGGE,UMAR,M,ACADEMIC,VISITING,17/10/2016,16/10/2019,READER,CONUASS,6,2,PH.D FOREST ECONOMICS,6/4/1965,,
SP/R/1861,,HAMISU,IDRIS,MIGA,M,ACADEMIC,PERMANENT,27/10/2016,27/10/2016, LECTURER II,CONUASS,3,1,MS.C ZOOLOGY (FISHERIES),15/05/1985,hameesmiga@gmail.com,8030821259
SP/R/1872,PROF., ABDULHAMEED,,AHMAD,M,ACADEMIC,VISITING,11/3/2019,11/3/2019,PROFESSOR,CONUASS,7,7,PH.D ECOLOGY,31/12/1968,,
SP/R/1885,,MUKHTAR,ZAINAB,YUSUF,F,ACADEMIC,PERMANENT,1/2/2017,1/2/2017,ASSISTANT LIBRARIAN ,CONUASS,1,2,B.A LIBRARY AND INFORMATION SCIENCE,26/01/1992,zainabmeemukhtar@gmail.com,8136838169
SP/R/1887,,MUSA,YUSRA,MUHAMMAD,F,ACADEMIC,PERMANENT,1/2/2017,10/15/2019,ASSISTANT LECTURER,CONUASS,2,1,LL.B(HONS)/BL,15/01/1987,amzubairu@yahoo.com,8038214240
SP/R/1893,,RAYYAN,MUHAMMAD,KABIR,M,ACADEMIC,PERMANENT,6/2/2017,6/2/2019,LECTURER II,CONUASS,3,1,M.SC HUMAN ANATOMY,6/4/1982,freerayyan77@gmail.com,8034848484
SP/R/1894,,MUSTAPHA,,SAEED,M,ACADEMIC,PERMANENT,1/3/2017,1/10/2018,LECTURER II,CONUASS,3,1,M.SC HUMAN PHYSIOLOGY,28/08/1987,almustaeed2@gmail.com,8062608288
SP/R/1901,,ADO,AHMAD,BASHIR,M,ACADEMIC,PERMANENT,6/3/2017,6/3/2017,LECTURER II,CONUASS,3,1,M.SC MEDICAL BIOCHEMISTRY,10/3/1987,dambash01190@gmail.com,7030165303
SP/R/1903,,AMINATU,HALILU,GIDADO,F,ACADEMIC,PERMANENT,7/3/2017,7/3/2019,LECTURER II,CONUASS,3,1,M.SC LAND RESOURCES,30/01/1987,aminatuhalilu@gmail.com,8060259767
SP/R/1906,,LAWAL,ABDULHAKEEM,AHMAD,M,ACADEMIC,PERMANENT,8/3/2017,8/3/2019,LECTURER II,CONUASS,3,1,M.SC FOREST ECONOMIC & MANAGEMENT,26/01/1985,lawal.abdulhakeem@fud.edu.ng,7067881013
SP/R/1907,PROF., IDRIS,SULEMAN,HADEJIA,M,ACADEMIC,VISITING,10/3/2017,1/9/2019,PROFESSOR,CONUASS,7,2,FWACP,1/1/1969,,
SP/R/1908,,RAMATU,SALISU,,M,ACADEMIC,PERMANENT,13/03/2017,3/13/2019,LECTURER II,CONUASS,3,1,MSC HUMAN ANATOMY,13/03/1987,rahmhsalisu@yahoo.com,8061603533
SP/R/2002,,MAIMUNA,SHEHU,RUFAI,F,ACADEMIC,PERMANENT,3/4/2017,3/4/2019,LECTURER II,CONUASS,3,1,MSC. CLINICAL MICROBIOLOGY,22/06/1986,munaree.ahmad07@gmail.com,9052029221
SP/R/2003,,YUSOOF,MOHAMMED,HASHEEM,M,ACADEMIC,PERMANENT,17/03/2017,17/03/2017,LECTURER 1,CONUASS,4,4,PHD INFORMATION TECHNOLOGY,15/05/1984,yusoofmiltom@gmail.com,8073200000
SP/R/2006,,ADAMU,ISAH,,M,ACADEMIC,PERMANENT,20/03/2017,20/03/2017,LECTURER 1,CONUASS,4,2,MPH,27/04/1970,draisah@hotmail.com,8063117710
SP/R/2007,DR., SALISU,AHMED,IBRAHIM,M,ACADEMIC,VISITING,21/03/2017,20/02/2019,READER,CONUASS,6,2,Ph.D PHYSIOLOGY ,6/11/1968,,
SP/R/2008,DR., ANAS,IBRAHIM,YAHAYA,M,ACADEMIC,VISITING,20/03/2017,11/3/2019,SENIOR LECTURER,CONUASS,5,4,PH.D BIOLOGY ANTHROPOLOGY,2/7/1969,,
SP/R/2009,DR., ISYAKU,UMAR,YARUBE,M,ACADEMIC,VISITING,20/03/2017,20/02/2019,PROFESSOR,CONUASS,7,1,PH.D HUMAN PHYSIOLOGY,15/05/1972,,
SP/R/2012,,MUSA,ABUBAKAR,TAHIR,M,ACADEMIC,PERMANENT,22/03/2017,2/20/2019,LECTURER II,CONUASS,3,1,MSC  FISHERIES AND AQUACULTURE,1/1/1966,musaabubakar494@gmail.com,8026672072
SP/R/2013,DR., SALAMI,HAMZA,ADEGOKE,M,ACADEMIC,VISITING,23/03/2017,5/9/2019,READER,CONUASS,6,1,Ph.D PHYSIOLOGY ,12/12/1960,,
SP/R/2014,,AISHA,AUWAL,UMAR,F,ACADEMIC,PERMANENT,23/03/2017,3/23/2019,LECTURER II,CONUASS,3,1,M.TECH BIOTHECNOLOGY,18/09/1984,aysharhauwal@gmail.com,8069588858
SP/R/2015,DR., MAGAJI,MUHAMMAD,GARBA,M,ACADEMIC,VISITING,30/07/2019,30/07/2019,READER,CONUASS,6,3,PH.D PHARMACOLOGY,3/3/1974,,
SP/R/2022,DR.,DR IBRAHIM,KABIRU,UBA,M,ACADEMIC,PERMANENT,23/06/2020,23/06/2020,LECTURER 1,CONUASS,4,2,PH.D ISLAMIC STUDIES,5/12/1963,kabiruubaibrahim@gmail.com,8023099173
SP/R/2036,,MUHAMMAD,SALISU,HIGHAB,M,ACADEMIC,PERMANENT,8/5/2017,8/5/2019,LECTURER II,CONUASS,3,1,M.SC PHARMACOLOGY,24/04/1985,smhighab@gmail.com,7036357517
SP/R/2038,PROF., SHUAIBU,BALA,ADAMU,M,ACADEMIC,VISITING,24/04/2017,24/04/2019,PROFESSOR,CONUASS,7,3,PH.D ANIMAL SCIENCE,6/6/1966,,
SP/R/2038,DR., MUHAMMAD,YAKUBU,DIYAWARE,M,ACADEMIC,VISITING,19/04/2018,2/5/2019,READER,CONUASS,6,3,PH.D AGRICULTURE AND FISHERIES MANAGEMENT,30/12/1968,,
SP/R/2041,,LAWI,ISA,ABDULLAHI,M,ACADEMIC,PERMANENT,6/4/2017,6/4/2019,LECTURER II,CONUASS,3,1,M.SC BIOTECHNOLOGY,30/10/1987,lawistit2@gmail.com,8037049846
SP/R/2043,PROF., MIJINYAWA,MUHAMMAD,SANI,M,ACADEMIC,PERMANENT,11/4/2017,11/4/2017,PROFESSOR,CONUASS,7,4,FWACP,27/02/1964,m.sanim2000@yahoo.com,8037872844
SP/R/2044,DR., BELLO,YUSUF,IDI,M,ACADEMIC,PERMANENT,11/4/2017,11/4/2017,READER,CONUASS,6,4,PH.D GEOMATRIC ENGINEERING,24/11/1968,belyus2000.@gmail.com,8107951287
SP/R/2053,,MUSA,IBRAHIM,MOHAMMED,M,ACADEMIC,PERMANENT,26/04/2017,4/26/2019,LECTURER II,CONUASS,3,1,M.SC. ZOOLOGY (FISHERIES),10/11/1978,musafud01@gmail.com,8032729238
SP/R/2055,,SURAYYA ,MUSTAPHA,MUHAMMAD,F,ACADEMIC,PERMANENT,2/5/2017,2/5/2019,LECTURER II,CONUASS,3,1,M. TECH BIOTECHNOLOGY,9/10/1986,smustapha12@gmail.com,9035434132
SP/R/2056,,UMAR ,ABDULLAHI ,ZAKARIYYA,M,ACADEMIC,PERMANENT,2/5/2017,2/5/2019,LECTURER II,CONUASS,3,1,M.SC BIOCHEMISTRY,8/6/1987,usuwar2go@yahoo.com,8069610406
SP/R/2057,DR., MUSA,IBRAHIM,SAULAWA,M,ACADEMIC,PERMANENT,2/5/2017,2/5/2017,LECTURER II,CONUASS,3,2,MS.C PUBLIC HEALTH,28/10/1987,musaibrahim995@gmail.com,7063149928
SP/R/2058,DR., MIKAIL,UMAR ,ISYAKU,M,ACADEMIC,PERMANENT,2/5/2017,2/5/2017,SENIOR LECTURER,CONUASS,5,7,PHD. HUMAN ANATOMY,15/08/1968,mikaumar.muk@gmail.com,8034520566
SP/R/2061,PROF., ALI,ABDULAZIZ,UMAR,M,ACADEMIC,VISITING,3/5/2017,1/9/2019,PROFESSOR,CONUASS,7,10,Ph.D PHYSIOLOGY ,10/10/1954,,
SP/R/2062,,ABUBAKAR ,,NURUDDEEN,M,ACADEMIC,PERMANENT,4/5/2017,4/5/2019,LECTURER II,CONUASS,3,1,MS.C BIOCHEMISTRY,15/03/1982,nuraddeen.a@fud.edu.ng,8069693917
SP/R/2063,,SANI ,USMAN,UMAR,M,ACADEMIC,PERMANENT,3/4/2017,3/4/2017,LECTURER I,CONUASS,4,4,PHD. GEOGRAPHY,4/1/1971,saniuusman@gmail.com,8067996739
SP/R/2067,DR., ILIYA,ABDULLAHI,IBRAHIM,M,ACADEMIC,PERMANENT,9/5/2017,9/5/2017,SENIOR LECTURER,CONUASS,5,2,PH.D ANATOMY,7/3/1975,anatomist700@gmail.com,8036707978
SP/R/2074,DR.,DR MOHAMMED,YUSUF ,WAZIRI,M,ACADEMIC,VISITING,3/9/2018,3/9/2018,SENIOR LECTURER,CONUASS,5,3,PH.D APPLIED MATHEMATICS,30/09/1975,,
SP/R/2080,DR.,DR AMINA,SALIHI,BAYERO,F,ACADEMIC,VISITING,16/05/2017,17/04/2019,READER,CONUASS,6,8,PH.D ANALITICAL CHEMISTRY,11/6/1970,,
SP/R/2081,DR., MIENDA,BASHIR,SAJO,M,ACADEMIC,PERMANENT,18/05/2017,5/18/2019,READER,CONUASS,6,1,PH.D BIOSCIENCE ,20/01/1983,bsmienda@gmail.com,8030522701
SP/R/2088,DR., HAJARA,,HARUNA,F,ACADEMIC,VISITING,1/6/2017,28/10/2018,SENIOR LECTURER,CONUASS,5,2,PH.D BOTANY,6/1/1975,,
SP/R/2089,DR., AUWAL,ALHASSAN,BARDE,M,ACADEMIC,VISITING,26/11/2018,26/11/2018,SENIOR LECTURER,CONUASS,5,2,PH.D APPLIED ETOMOLGY,25/10/1962,,
SP/R/2090,PROF., NAYAYA,AHMAD,JIBRIL,M,ACADEMIC,VISITING,1/6/2017,3/7/2019,PROFESSOR,CONUASS,7,3,PH.D ECOLOGY,12/10/1967,,
SP/R/2095,DR., MUHAMMAD,YAYO,KARAGE,M,ACADEMIC,PERMANENT,21/06/2017,21/06/2017,SENIOR LECTURER,CONUASS,5,2,PH.D FOREST RESOURCE MGT.,26/09/1969,myayokarage.30@gmail.com,8039265558
SP/R/2098,DR., MARYAM ,,MUHAMMAD,F,ACADEMIC,PERMANENT,3/7/2017,3/7/2017,LECTURER I,CONUASS,4,9,PH.D BOTANY,15/02/1974,maryammohammed35@yahoo.com,8023778967
SP/R/2099,DR., RAJI,ISMAILA,ADEBAYO,M,ACADEMIC,PERMANENT,6/7/2017,6/7/2017,SENIOR LECTURER,CONUASS,5,13,PH.D PHARMACOLOGY,11/3/1976,ismailaraji@gmail.com,8149595879
SP/R/2101,,GWARZO,YAHAYA,SA’ID,M,ACADEMIC,PERMANENT,6/7/2017,6/7/2019,LECTURER II,CONUASS,3,1,MS.C PHARMACOLOGY,20/04/1970,yahaya.s@fud.edu.ng,7058899055
SP/R/2116,DR., ILU,KAWUWA,JAHUN,M,ACADEMIC,PERMANENT,3/10/2017,3/10/2017,SENIOR LECTURER,CONUASS,5,13,PH.D FORESTRY & RES. MGT,2/2/1964,ilukawuwa@gmail.com,8178584783
SP/R/2117,PROF., MUHAMMAD,AHMAD,SET’LE,M,ACADEMIC,PERMANENT,3/10/2017,1/10/2018,PROFESSOR,CONUASS,7,2,PH.D ANIMAL SCIENCE,21/02/1969,ahmadsetle@gmail.com,8027762413
SP/R/2118,,UMMA,,USSAINI,F,ACADEMIC,PERMANENT,4/10/2017,4/10/2017,ASSISTANT LECTURER,CONUASS,2,2,M.ED COMMUNITY DEVELOPMENT ,21/07/1976,asaliyu2010@yahoo.co.uk,7068752477
SP/R/2120,,SALAMI,KASEEM,DELE,M,ACADEMIC,PERMANENT,9/10/2017,9/10/2019,LECTURER I,CONUASS,4,1,PH.D FORESTRY,2/5/1981,salami.d@fud.edu.ng,7034294371
SP/R/2125,DR.,DR BABA ,GALADIMA,AGAIE,M,ACADEMIC,PERMANENT,23/10/2017,23/10/2017,SENIOR LECTURER,CONUASS,5,6,PH.D APPLIED MATHEMATICS,24/03/1980,babaagaie@yahoo.com,8034577170
SP/R/2128,DR., ONIMISI,HASSAN,UMARU,M,ACADEMIC,VISITING,8/11/2018,8/11/2018,SENIOR LECTURER,CONUASS,5,4,PH.D FISERIES MANAGEMENT AND NUTRIYION,30/09/1971,,
SP/R/2135,DR., JIBO,ABDULLAHI ,UMAR,M,ACADEMIC,PERMANENT,8/11/2017,8/11/2017,SENIOR LECTURER,CONUASS,5,3,PH.D FORESTRY MANAGEMENT,24/04/1974,jiboau@gmail.com,8036212419
SP/R/2137,DR., BOLANLE,,SULEIMAN,M,ACADEMIC,VISITING,11/3/2019,11/3/2019,SENIOR LECTURER,CONUASS,5,3,PH.D FISERIES ,10/4/1981,,
SP/R/2153,,ABUBAKAR ,,MUSA ,M,ACADEMIC,PERMANENT ,28/03/2018,28/03/2018,ASSISTANT LECTURER ,CONUASS,2,3,BSC. ACCOUNTING ,6/7/1988,sadeeqmusa2012@gmail.com,8066034537
SP/R/2154,, ALKASIM ,,HUSSAINI,M,ACADEMIC,PERMANENT,28/03/2018,28/03/2015,GRADUATE ASSISTANT,CONUASS,1,3,BSC BUSINESS ADMINISTRATION ,16/12/1979,alkasimhussain@yahoo.com,8141924113
SP/R/2155,,MARYAM,MOHAMMED,BABA YUSUF,F,ACADEMIC,PERMANENT,28/03/2018,28/03/2018,GRADUATE ASSISTANT,CONUASS,1,3,BSC. BUSNIESS ADMINISTRATION,25/02/1986,maryammaiha414@gmail.com,8068933537
SP/R/2156,,MUHAMMAD ,BELLO,JAKADA,M,ACADEMIC,PERMANENT,26/03/2018,3/26/2019,LECTURER II,CONUASS,3,1,MSC MANAGEMENT ,1/9/1984,jakadamuhammadb@yahoo.com,8065576882
SP/R/2157,DR., AHMED ,IBRAHIM,MOHD ,M,ACADEMIC,PERMANENT ,28/03/2018,3/28/2019,LECTURER I,CONUASS,4,1,PhD IN PHILOSOPHY,15/04/1973,ibrahim9610@gmail.com,8030473617
SP/R/2158,,HAYATUDDIN,HAMZA,SAFIYU,M,ACADEMIC,PERMANENT,28/03/2018,3/28/2019,LECTURER II,CONUASS,3,1,MSC. IN ECONOMICTRICS,18/09/1988,haysh01@gmail.com,8060322150
SP/R/2159,,ABDULRAHMAN ,ALI ,SHAAIBU ,M,ACADEMIC,PERMANENT,28/03/2018,28/03/2018,GRADUATE ASSISTANT ,CONUASS,1,3,BSC BUSINESS ADMINISTRATION ,3/9/1987,aliabdulrahman211@gmail.com,8038350358
SP/R/2160,,BASHIR ,MAHMOOD ,BAFFA,M,ACADEMIC,PERMANENT ,26/03/2018,26/03/2018,GRADUATE ASSISTANT,CONUASS,1,3,BSC BUSINESS ADMINISTRATION ,27/09/1990,bmahmood03@gmail.com,8096487458
SP/R/2162,,ALIYU ,IDRIS ,SAID ,M,ACADEMIC,PERMANENT ,28/03/2018,28/03/2018,GRADUATE ASSISTANT ,CONUASS,1,3,BSC ACCOUNTING ,21/03/1985,saididrisaliyu@gmail.com,7032636560
SP/R/2163,,AHMAD ,HASHIM,ABDULLAHI ,M,ACADEMIC,PERMANENT,28/03/2018,28/03/2018,GRADUATE ASSISTANT ,CONUASS,1,3,BSC. BANKING AND FINANCE ,11/11/1969,ahmadabdullahi@gmail.com,8132283293
SP/R/2164,,JAMILU ,,MADAKI,M,ACADEMIC,PERMANENT,28/03/2018,28/03/2018,LECTURER II,CONUASS,3,3,MSC ACCOUNTING,14/06/1987`,jamilumadaki51@yahoo.com,8065848001
SP/R/2165,,ADAMU,,IBRAHIM,M,ACADEMIC,PERMANENT,28/03/2018,28/03/2018, ASSISTANT LECTURER,CONUASS,2,2,BSC. ACCOUNTING,12/8/1985,ibrahim4good@yahoo.com,8038143114
SP/R/2166,,BASHIR ,ALIYU ,SULEIMAN ,M,ACADEMIC,PERMANENT ,28/03/2018,28/03/2018,GRADUATE ASSISTANT,CONUASS,1,3,BSC ACCOUNTING ,5/5/1993,bashiralisulaiman0@gmail.com,8099506375
SP/R/2167,,MAHMUD ,NURA,RINGIM,M,ACADEMIC,PERMANENT,29/03/2018,29/03/2018,GRADUTAE ASSISTANT,CONUASS,1,3,BCS BACHELOR OF SCIENCE ACCOUNTING,3/9/1983,mahmud.nr@fud.edu.ng,8035557908
SP/R/2168,,ABDULLAHI ,ZAHARADDEEN ,MUSA ,M,ACADEMIC,PERMANENT,29/03/2018,3/29/2019,LECTURER II,CONUASS,3,1,MASTERS OF COMMERCE IN ACCOUNTING & FINANCE,11/9/1983,zm.abdullahi@fud.edu.ng,8035579020
SP/R/2169,,SULEIMAN,SAJO,BASHIR,M,ACADEMIC,PERMANENT,28/03/2018,28/03/2018,GRADUATE ASSISSTANT,CONUASS,1,3,BSC. BANKING AND FIANACE,5/12/1978,suleiman.surajo@fud.edu.ng,8039786888
SP/R/2170,,ALIYU ,,RABIU,M,ACADEMIC,PERMANENT,28/03/2018,3/28/2019,LECTURER II,CONUASS,3,1,MSC MANAGEMENT,3/9/1983,rabiu2040@yahoo.co.uk,7035839895
SP/R/2171,,MUHAMMAD ,FARUK,ALIYU,M,ACADEMIC,PERMANENT,28/03/2018,28/03/2018,ASSISTANT LECTURER ,CONUASS,2,3,MSC IN INTERNATIONAL MANAGEMENT,31/05/1988,mfa_sma@yahoo.co.uk,8090765280
SP/R/2172,,AISHA ,DANJUMA ,ADAM,F,ACADEMIC,PERMANENT,28/03/2018,28/03/2018,GRADUATE ASSISTANT,CONUASS,1,3,BSC ACCOUNTING ,24/07/1989,aishaadam8081@gmail.com,8065914574
SP/R/2174,,BABAGANA,,ABBA,M,ACADEMIC,PERMANENT ,28/03/2018,3/28/2019,LECTURER II,CONUASS,3,1,MSC ACCOUNTING ,17/04/1979,babagana.abbabk@gmail.com,8035665834
SP/R/2176,,BASHIR ,MIKAIL,USMAN,M,ACADEMIC,PERMANENT ,28/03/2018,3/28/2019,ASSISTANT LECTURER,CONUASS,2,3,MASTERS IN FORENSIC ACCOUNTING ,5/4/1985,bashmikailkano@gmail.com,8065568800
SP/R/2177,DR., MAGAJI,ADAMU,ABUBAKAR,M,ACADEMIC,PERMANENT,5/4/2018,5/4/2018,SENIOR LECTURER,CONUASS,5,2,PH.D IN  BUSINESS ADMINISTRATION,14/08/1968,magajiaa@fud.edu.ng,8037021340
SP/R/2179,DR.,SANUSI,SA’AD,AHMAD,M,ACADEMIC,PERMANENT,4/4/2018,4/4/2018,SENIOR LECTURER,CONUASS,5,3,PHD. ACCOUNTING, 12/06/1978,ssjigirya@gmail.com,9039557979
SP/R/2180,,ZAHRADDEEN,IBRAHIM,RABIU,M,ACADEMIC,PERMANENT,10/4/2018,10/4/2018,GRADUATE ASSISTANT,CONUASS,1,3,BSC ACCOUNTING,29/03/1987,zdaenib@gmail.com,8038836186
SP/R/2181,,FARUK,UMAR,K/NA’ISA,M,ACADEMIC,PERMANENT,10/4/2018,10/4/2019,LECTURER II,CONUASS,3,1,MSC IN MANAGEMENT (STRAGETIC MANAGEMENT),26/06/1988,farouqomar345@gmail.com,9024726493
SP/R/2182,,MANSUR,,SA'ID,M,ACADEMIC,VISITING,18/06/2019,18/06/2019,LECTURER I,CONUASS,4,2,PH.D PHYSICS,2/7/1979,,
SP/R/2183,PROF., MAGASHI,AUWAL,IBRAHIM,M,ACADEMIC,VISITING,28/03/2018,7/6/2019,PROFESSOR,CONUASS,7,4,PH.D AGRICULTURE  ,25/12/1968,,
SP/R/2185,,YUSUF ,ABDU,GIMBA,M,ACADEMIC,PERMANENT ,17/04/2018,21/11/2018, ASSISTANT LECTURER,CONUASS,2,1,BSC ACCOUNTING,18/01/1995,gimba@yahoo.com,8033445774
SP/R/2186,PROF., FOLASHEDE,B,OKESHOLA,F,ACADEMIC,VISITING,16/04/2018,11/3/2019,PROFESSOR,CONUASS,7,5,PH.D SOCIOLOGY,5/12/1918,,
SP/R/2187,,MUJEEBAH ,K.,YAHAYA,F,ACADEMIC,PERMANENT,5/6/2018,5/6/2018,ASSISTANT LECTURER,CONUASS,2,2,MSC IN AGRIC ECONS ,15/09/1988,mujeebahkabeer@yahoo.com,8098150988
SP/R/2188,, KABIRU,,SHEHU,M,ACADEMIC,PERMANENT,1/6/2018,1/6/2018,LECTURER I ,CONUASS,4,5,PHD.IN EVIRONMENTAL RESOURCES MANAGEMENT,11/7/1976,kasaga36.ks@gmail.com,8036895118
SP/R/2189,,LAWAN ,,BABAGIDA,M,ACADEMIC,PERMANENT,4/6/2018,4/6/2018,GRADUATE ASSISTANT,CONUASS,1,2,B. AGRIC,4/11/1985,lawanbbgida@gmail.com,8038630843
SP/R/2201,,USMAN ,ABDU,GIMBA,M,ACADEMIC,PERMANENT,1/6/2018,28/11/2018,ASSISTANT LECTURER,CONUASS,2,1,M.Sc COMPUTER  NETYWORKS & NETWORK DESIGN,21/08/1992,usman_gimba@fud.edu.ng,8064941991
SP/R/2212,,MUHAMMAD,,HASHIM,M,ACADEMIC,PERMANENT,1/8/2018,1/8/2018,GRADUATE ASSISTANT,CONUASS,1,2,B.Sc BUSINESS ADMINISTRATION,28/04/1991,hmuhd0099gmail.com,8104705110
SP/R/2215,,NAJIB,SABO,KURAWA,M,ACADEMIC,PERMANENT,1/8/2018,1/8/2018,ASSISTANT LECTURER,CONUASS,2,2,M.Sc BUSINESS ADMINISTRATION`,18/01/1981,nskurawa@yahoo.com,8035902409
SP/R/2217,,AMINA,UMMI ,SHEHU,F,ACADEMIC,PERMANENT ,27/07/2018,27/04/2018,ASSISTANT LECTURER ,CONUASS,2,2,MSC ENVIRONMENTAL MANAGEMENT ,12/5/1989,aushehuado@gmail.com,7039035271
SP/R/2219,,ADAMU,ABDULKARIM,,M,ACADEMIC,PERMANENT,1/8/2018,1/8/2018,LECTURER II,CONUASS,3,2,M.Sc ANIMAL BIOTECHNOLOGY,7/7/1989,adamtilde@gmail.com,8039354746
SP/R/2220,,FATIMA,SAIDU,ZAKARI,F,ACADEMIC,PERMANENT,1/8/2018,1/8/2018,ASSISTANT LECTURER,CONUASS,2,1,BACHELOR OF AGRICULTURE,26/04/1992,lulu1zahara@yahoo.com,7035422663
SP/R/2221,,IBRAHIM,,YAKUBU,M,ACADEMIC,PERMANENT,2/8/2018,2/8/2018,GRADUATE ASSISTANT,CONUASS,1,2,B.TECH BANKING AND FINANCE,31/12/1984,ibrahimy@fud.edu.ng,7039662236
SP/R/2222,,RILWANU,YUSUF,BADAMASI,M,ACADEMIC,PERMANENT,1/8/2018,1/8/2018,GRADUATE ASSISTANT,CONUASS,1,2,B.TECH BANKING & FINANCE,21/04/1987,rilwauyusufbadamasi@gmail.com,8030962569
SP/R/2223,,BARA’ATU,BALA,ADAMU,F,ACADEMIC,PERMANENT,1/8/2018,1/8/2018,ASSISTANT LECTURER,CONUASS,2,2,M.Sc ISLAMIC BANKING,5/8/1985,baraatu.adam@gmail.com,8064780252
SP/R/2249,,HASSAN,ALIYU,HASSAN,M,ACADEMIC,PERMANENT,2/8/2018,2/8/2018,GRADUATE ASSISTANT,CONUASS,1,2,B.Sc BIOCHEMISTRY,17/03/1986,aliyuhassanhassan@gmail.com,7039216954
SP/R/2278,,NANA,AISHA  ,UMAR,F,ACADEMIC,PERMANENT,1/8/2018,1/8/2018,ASSISTANT LECTURER,CONUASS,2,1,M.Sc BUSINESS INFORMATION  SYSTEMS MANAGEMENT  ,23/11/1993,ayesher4@fud.edu.ng,8092785777
SP/R/2289,,IBRAHIM ,,BORNOMA,M,ACADEMIC,PERMANENT ,4/6/2018,4/6/2018,ASSISTANT LECTURER ,CONUASS,2,2,MSC ENERGY POLITICS & LAW ,9/1/1979,sbornoma7@fud.edu.ng,8055533233
SP/R/2290,,MUSLIM,MUSA,KURAWA,M,ACADEMIC,PERMANENT,2/8/2018,2/8/2018,ASSISTANT LECTURER,CONUASS,2,2,M.Sc PUBLIC HEALTH,26/12/1989,muslimmusakurawa@yahoo.com,7032457007
SP/R/2312,,GARBA,,YAKUBU,M,ACADEMIC,PERMANENT,5/6/2018,1/6/2019,ASSISTANT LECTURER,CONUASS,2,1,M. SC. ACCOUNTING,13/04/1980,garbayakubu50@yahoo.com,8062318788
SP/R/2350,DR., RAMLA,MUHAMMAD,KAMAL,F,ACADEMIC,PERMANENT,1/8/2018,1/8/2018,LECTURER II,CONUASS,3,2,M.Sc PHARMACOLOGY,30/08/1990,amlaamal1990@gmail.com,8065612909
SP/R/2351,,KABIRU,BILKISU,UMAR,M,ACADEMIC,PERMANENT,1/8/2018,2/10/2018,LECTURER II,CONUASS,3,2,M.Sc HUMAN ANATOMY,7/5/1985,kabirub.umar@yahoo.com,8135874401
SP/R/2352,,ABDULHALIM,A.,MUHAMMAD,M,ACADEMIC,PERMANENT,1/8/2018,1/8/2018,LECTURER II,CONUASS,3,2,MBBS,20/11/1986,haleem01@gmail.com,8036739523
SP/R/2355,,MUHAMMAD,ABDULKAREEM,UMAR,M,ACADEMIC,PERMANENT,2/8/2018,2/8/2018,LECTURER II,CONUASS,3,2,M.Sc MEDICAL PHYSOLOGY,27/07/1983,abdulliya@yahoo.com,7032694438
SP/R/2355,,OJO,JACOB,OLANREWAJU,M,ACADEMIC,PERMANENT,1/6/2018,1/6/2018,LIBRARIAN II ,CONUASS,2,1,MASTER IN LIBRARY AND INFORMATION SCIENCE,7/3/1982,ojac_educ@yahoo.com,8060988413
SP/R/2360,,MUKHTAR ,ALI,HUSSIEN,M,ACADEMIC,PERMANENT,1/8/2018,1/8/2018,ASSISTANT LECTURER,CONUASS,2,2,M.Sc BUSINESS ADMINISTRATION,4/11/1983,birkandi2006@gmail.com,9032162003
SP/R/2361,,KABIRU,TSOHO,,M,ACADEMIC,PERMANENT,1/8/2018,1/8/2018,LECTURER II,CONUASS,3,2,B.Sc BUSINESS ADMINISTRATION,6/6/1986,kabirutsohoguga@gmail.com,7032775182
SP/R/2363,,JAMILA,ABBA,IYA,F,ACADEMIC,SABBATICAL,3/9/2018,3/9/2018,PRINCIPAL LBRARIAN,CONUASS,5,13,M.L.S LIBRARY SCIENCE,9/10/1958,jamilatuaiya@gmail.com,8065533674
SP/R/2364,,MUHAMMAD,ABDURRAHMAN,M,M,ACADEMIC,PERMANENT,3/8/2018,3/8/2018,ASSISTANT LECTURER,CONUASS,2,2,B.Sc PHYSICS,25/08/1988,mashfirash@yahoo.com,8060783720
SP/R/2367,DR., SADIQ,MOHAMMED,SANUSI,M,ACADEMIC,PERMANENT,1/8/2018,1/8/2018,SENIOR LECTURER,CONUASS,5,2,Ph.D AGRICULTURAL ECONOMIC,27/04/1984,sadiqasanusi30@gmail.com,7037690123
SP/R/2368,,AUWAL,ADAM,BALA,M,ACADEMIC,PERMANENT,1/8/2018,1/8/2018,LECTURER II,CONUASS,3,3,M.Sc PHARMACOLOGY,1/5/1988,auwalubala30@gmail.com,8035362528
SP/R/2373,DR., SALWA,SHEHU,DAWAKI,F,ACADEMIC,PERMANENT,13/11/2018,13/11/2018,LECTURER II,CONUASS,3,2,Ph.D PARASITOLOGY,3/9/1973,salwadawaki@gmail.com,8033365710
SP/R/2375,,UMAR,SALIM,IBRAHIM,M,ACADEMIC,PERMANENT,1/8/2018,1/8/2018,GRADUATE ASSISTANT,CONUASS,1,2,B.Sc ACCOUNTING,1/10/1990,salimumar11@yahoo.com,8035977041
SP/R/2380,DR., FATIMA,MUHAMMAD,ABDULKARIM,F,ACADEMIC,PERMANENT,1/8/2018,1/8/2018,LECTURER II,CONUASS,3,2,Ph.D ISLAMIC FINANCE,28/12/1984,fatimaado1984@gmail.com,7016013063
SP/R/2401,,BILYAMINU,YUSUF,HANGA,M,ACADEMIC,SABBATICAL,28/08/2019,28/08/2019,SENIOR LECTURER,CONUASS,5,2,PH.D ACCOUNTING,21/07/1978,biliyahanga@gmail.com,8034274358
SP/R/2404,DR., NAFIU ,B,ABDULRAZAQ,M,ACADEMIC,PERMANENT ,5/9/2018,5/9/2018,SENIOR LECTURER ,CONUASS,5,2,Ph.D PHYSIOLOGY ,4/7/1979,nafiurazaq@gmail.com,8065056507
SP/R/2406,PROF., MUSTAPHA,MOSHOOD,KEKE,M,ACADEMIC,SABBATICAL,2/10/2019,2/10/2019,PROFESSOR,CONUASS,7,1,PH.D ZOOLOGY,19/08/1970,moonstapha@yahoo.com,8035797590
SP/R/2407,DR., HAUWA,,ABDULLAHI,F,ACADEMIC,SABBATICAL,2/10/2018,2/10/2018,READER,CONUASS,6,2,PH.D MICROBIOLOGY,17/06/1963,hauwasbello@yahoo.com,8165149238
SP/R/2410,,TIJJANI,RUFA'I,BABA,M,ACADEMIC,VISITING,2/11/2018,2/11/2018,SENIOR LECTURER,CONUASS,5,2,PH.D ECOTOXICOLOGY,1/7/1968,,
SP/R/2411,DR., BAKO,IBRAHIM,GAYA,M,ACADEMIC,SABBATICAL,30/10/2018,30/10/2018,SENIOR LECTURER,CONUASS,5,2,PH.D HUMAN PHYSIOLOGY,25/12/1969,gibako@abu.edu.ng,8036982739
SP/R/2413,DR., ORIRE,ABDULLAHI,MUHAMMAD,M,ACADEMIC,SABBATICAL,12/3/2019,12/3/2019,READER,CONUASS,6,3,PH.D AQUACULTURE NUTRITION,9/11/1968,abdullahiorire@gmail.com,7032552295
SP/R/2415,PROF., ABUBAKAR,SADIQ,ABDULLAHI,M,ACADEMIC,SABBATICAL,12/12/2018,12/12/2018,PROFESSOR,CONUASS,7,4,PH.D SOIL & WATER ENGINEERING,17/05/1968,abubakarsa3@gmail.com,8039121981
SP/R/2418,PROF., KABIRU,ISA,DANDAGO,M,ACADEMIC,VISITING,18/12/2018,18/12/2018,PROFESSOR,CONUASS,7,10,PH.D ECONOMICS,5/5/1963,,
SP/R/2424,DR., NAFIU ,,ABDU,M,ACADEMIC,VISITING,20/02/2019,20/02/2019,SENIOR LECTURER,CONUASS,5,2,PH.D AGRICULTURE (SOIL CHEMISTRY),17/11/1974,,
SP/R/2426,DR., ABDULLAHI ,MUHAMMAD,ADAMU,M,ACADEMIC,SABBATICAL,4/3/2019,4/3/2019,SENIOR LECTURER,CONUASS,5,1,PH.D ECONOMICS,25/05/1971,amakutama@yahoo.com,8034763352
SP/R/2427,,JAMILU,,AWWALU,M,ACADEMIC,PERMANENT,2/5/2019,2/5/2019,LECTURER II,CONUASS,3,7,M.Sc COMPUTER SCIENCE,23/11/1985,jamilu.awwalu@fud.edu.ng,8031139839
SP/R/2428,DR., MAS’UD,,ABDULLAHI,M,ACADEMIC,PERMANENT,30/05/2019,30/05/2019,LECTURER I,CONUASS,4,2,"PH,D  MICROBIOLOGY (MEDICAL BACTERIOLOGY)",12/8/1973,masudab24@yahoo.com,8036932499
SP/R/2429,,DAUDA ,SANI ,HAUWA,F,ACADEMIC,PERMANENT,11/6/2019,11/6/2019,ASSISTANT LECTURER,CONUASS,2,1,M.SC MEDICAL MICROBIOLOGY (PARASITOLOGY),25/05/1993,hauwasanid@gmail.com,7067711194
SP/R/2430,DR., BASHIR,AHMAD,DANEJI,M,ACADEMIC,SABBATICAL,11/6/2019,11/6/2019,SENIOR LECTURER,CONUASS,5,2,PH.D MANAGEMENT SCIENCE (FINANCE),8/6/1972,badaneji@yahoo.com,8065725700
SP/R/2431,,MUHAMMAD ,SALISU,ALI,M,ACADEMIC,PERMANENT,7/6/2019,7/6/2019,LECTURER II,CONUASS,3,2,M.Sc INFORMATION SYSTEM SECURITY,6/4/1979,salisu14@yahoo.com,7032499961
SP/R/2432,DR., ABUBAKAR,,BELLO,M,ACADEMIC,VISITING,24/06/2019,24/06/2019,SENIOR LECTURER,CONUASS,5,2,PH.D BOTANY,17/07/1982,,
SP/R/2433,DR., BILYAMINU,,ABUBAKAR,M,ACADEMIC,VISITING,28/06/2019,28/06/2019,LECTURER 1,CONUASS,4,3,PH.D PHARMACOLOGY & TOXICOLOGY,4/2/1982,,
SP/R/2434,DR., MUHAMMAD,BAKO,MUSA,M,ACADEMIC,PERMANENT,1/7/2019,1/7/2019,SENIOR LECTURER,CONUASS,5,2,Ph.D  AGRICULTURAL EXTENSION,18/06/1968,musa.bm@fud.edu.ng,8035871740
SP/R/2435,DR., ABUBAKAR,GWARZO,MUHAMMAD,M,ACADEMIC,PERMANENT,3/7/2019,3/7/2019,ASSISTANT LECTURER,CONUASS,2,2,MBBS ,5/11/1987,gwarzo21new@mail.com,7032856594
SP/R/2439,DR., MUHAMMAD,SIRAJO,ALIYU,M,ACADEMIC,PERMANENT,3/10/2019,3/10/2019,SENIOR LECTURER,CONUASS,5,2,,12/5/1977,muhammadsirajo@yahoo.com,8036110071
SP/R/2440,DR., MOHAMMED ,AMINU,ALIYU,M,ACADEMIC,VISITING,18/06/2019,18/06/2019,LECTURER I,CONUASS,4,1,PH.D ECONOMICS,15/10/1960,,
SP/R/2441,PROF., ARMAYA'U,BICHI,HAMISU,M,ACADEMIC,SABBATICAL,18/06/2019,18/06/2019,PROFESSOR,CONUASS,7,10,PH.D ZOOLOGY (FISHERIES),17/02/1969,,
SP/R/2442,PROF., ABDULLAHI,ABBAS,YAKUBU,M,ACADEMIC,SABBATICAL,1/8/2019,1/8/2019,PROFESSOR,CONUASS,7,2,PH.D AGRIC ECONOMICS,12/7/1966,,
SP/R/2443,DR., ADO,,GARBA,M,ACADEMIC,PERMANENT,19/08/2019,19/08/2019,SENIOR LECTURER,CONUASS,5,2,,18/07/1972,adogarba@gmail.com,8036448534
SP/R/2444,DR., ASKIRA,MUHD,SADDIQUI,M,ACADEMIC,SABBATICAL,26/08/2019,26/08/2019,READER,CONUASS,6,2,PH.D SOIL TESTING & FERTILIZER USE,21/01/1962,askirams@gmail.com,8033442113
SP/R/2449,PROF., YUSUF,Y.,DEENI,M,ACADEMIC,PERMANENT,28/10/2019,28/10/2019,PROFESSOR,CONUASS,7,7,Ph.D MOLECULAR BIOLOGY (PHARMACOLOGY/TOXICOLOGY,16/11/1959,,
SP/R/2450,DR., ZAFAR,,SULTAN,M,ACADEMIC,VISITING,29/10/2019,29/10/2019,READER,CONUASS,6,7,Ph.D BOTANY,2/1/1976,,
SP/R/2724,,ZAINAB,ALI,ADAMU,F,ACADEMIC,PERMANENT,12/11/2019,12/11/2019,ASSISTANT LECTURER,CONUASS,2,1,PH.D MEDICAL MICROBIOLOGY,5/13/1989,mamanhidaya89@gmail.com,7031167202
2725,,HALILU,,ZAHARADDIN,M,ACADEMIC,PERMANENT,12/16/2019,12/16/2019,ASSISTANT LECTURER,CONUASS,2,1,MSC BIOCHEMISTRY/ B.SC BIOCHEMISTRY ,9/19/1988,,
SP/R/2765,,NAZIRU,,BATURE,M,ACADEMIC,PERMANENT,12/18/2019,12/18/2019,ASSISTANT LECTURER,CONUASS,2,1,MASTER OF ANIMAL SCIENCE/ B. AGRICULTURE,3/12/1986,nazeerbatureabba@yahoo.com,7030924202
SP/R/2793,,KABIRU,GARBA,IBRAHIM,M,ACADEMIC,PERMANENT,12/12/2019,12/12/2019,ASSISTANT LECTURER,CONUASS,2,1,MSC COMPUTER AND COMPUTER SCIENCE,3/10/1985,kabirugibrahim4163@gmail.com,8036090847
SP/R/2800,DR.,DR HABIBU,AHMAD,ISA,M,ACADEMIC,PERMANENT,12/23/2019,12/23/2019,SENIOR LECTURER,CONUASS,5,6,PHD SOCIOLOGY/ MSC SOCIOLOGY/ B.SC SOCIOLOGY,9/28/1975,habsad2007@gmail.com,8034357750
SP/R/2810,,FATIMA,MUSTAPHA,GANA,F,ACADEMIC,PERMANENT,24/12/2019,24/12/2019,ASSISTANT LECTURER,CONUASS,2,1,B.SC ACCOUNTING ICAN,8/14/1993,xaahramusty@gmail.com,7032428008
SP/R/2844,,SHEHU,,MUSTAPHA,M,ACADEMIC,PERMANAENT,1/2/2020,1/2/2020,GRADUATE ASSISTANT,CONUASS,1,1,B. SC PHYSICS,8/24/1993,shehumustapha44@gmail.com,7062846858
SP/R/2883,,IIBRAHIM,AHMAD,KASSIM,M,ACADEMIC,PARMANENT,1/13/2020,1/13/2020,ASSISTANT LECTURER,CONUASS,2,2,M.SC ACCOUNTING AND FINANCIAL MANAGEMENT/ B.SC ACCOUNTING,10/10/1985,ibrahimahmad919@gmail.com,8038864256
2889,,MUSTAPHA ,,IBRAHIM,M,ACADEMIC,PERMANENT,2/3/2020,2/3/2020,LECTURER II,CONUASS,3,2,M.SC ACCOUNTING FINANCE / B.SC ACCOUNTING,4/13/1985,,
SP/R/2891,,RUKAYYA,TIJJANI,IBRAHIM,M,ACADEMIC,PARMANENT,1/2/2020,1/2/2020,LECTURER II,CONUASS,3,2,M.SC ACCOUNTING AND FINANCE/ PGD IN EDUCATION/ B.SC ACCOUNTING,12/3/1983,rukky005@gmail.com,8034516456
2895,,MA’ARU,AMINU,NASS,M,ACADEMIC,PERMANENT,2/20/2020,2/20/2020,SENIOR LECTURE,CONUASS,5,2,PHD APPLIED MATHEMATICS/ M.SC MATHEMATICSS/ B.SC MATHEMATICS,4/19/1987,,
2896,,ADEJUMO,LUKMAN,ADEKUNLE,M,ACADEMIC,PERMANENT,2/7/2020,2/7/2020,ASSISTANT LECTURER,CONUASS,2,2,M.ENG. AGRICULTURAL AND BIOSYSTEMS ENGINEERING SOIL AND WATER CONSAVATION; IRRIGATION AND DRAINAGE,5/6/1977,,
SP/R/2898,,BALOGUN,SADIYA,UFELI,F,ACADEMIC,PERMANENT,,,LECTURER I,CONUASS,4,2,Ph. D HUMAN ANATOMY,13/12/1982,sadiya.u.balogun@gmail.com,8036404882
SP/R/2901,PROF.,PROF NUHU,,SAMBO,M,ACADEMIC,PERMANENT,23/06/2020,23/06/2020,PROFESSOR,CONUASS,7,2,PH.D HUMAN PHYSIOLOGY,22/12/1964,nusambo@gmail.com,8060103768
SP/R/2908,DR., LABARAN,YUSUF,ABUBAKAR,M,ACADEMIC,PERMANENT,23/06/2020,23/06/2020,LECTURER I,CONUASS,4,2,"FMCP, MBBS ",1/1/1966,drabubakarly@yahoo.com,8033238779
SP/R/2910,DR.,DR HAMZA ,BABATUNDE,KOLAPO,M,ACADEMIC,PERMANENT,23/06/2020,23/06/2020,LECTURER I,CONUASS,4,2,FWACP & MBBS,26/05/1979,ridwankolapo@yahoo.com,8032686112
SP/R/2918,,SHUAIBU,MUHAMMAD,ADAMU,M,ACADEMIC,PERMANENT,23/06/2020,23/06/2020,LECTURER II,CONUASS,3,2,"FMCP, MBBS ",30/05/1979,muhammmashuaibu19@yahoo.com,7034529597
SP/R/2919,,SHERIFF,SHERIFAH,USMAN,F,ACADEMIC,PERMANENT,26/06/2020,26/06/2020,LECTURER I,CONUASS,4,2,"FMCP, MBBS",21/11/1983,drshereefer@yahoo.com,7033361619
SP/R/2921,,ALIYU ,ALIYU,FATE,M,ACADEMIC,PERMANENT,23/06/2020,23/06/2020,LECTURER II,CONUASS,3,2,MBBS,16/06/1978,aliyufateh9@gmail.com,7058541176
SP/R/2927,DR., USMAN,LAWAL,SHEHU,M,ACADEMIC,PERMANENT,23/06/2020,2/6/2020,LECTURER I,CONUASS,4,2,"FWACP, M. P. H & MBBS",4/1/1983,usmanlawalshehu@yahoo.com,8062649538
SP/R/2929,,SALIHI,AHMAD,AMIN,M,ACADEMIC,PERMANENT,23/06/2020,23/06/2020,LECTURER II,CONUASS,3,2,MA QURANIC SCIENCE,10/4/1985,ahmadsalihuamin@yahoo.com,8039710596
SP/R/2930,,EVANS,JUSTINA,ABBA,F,ACADEMIC,PERMANENT,23/06/2020,23/06/2020,ASSISTANT LECTURER,CONUASS,2,2,PH.D SOCIOLOGY (MEDICAL SOCIOLOGY/ANTHROPOLOGY),2/9/1983,teenah002@yahoo.com,8030721837
SP/R/2932,,AUWALU,UMAR,MALLAM MADORI,M,ACADEMIC,PERMANENT,23/06/2020,23/06/2020,SENIOR LECTURER,CONUASS,5,4,PH.D ANIMAL SCIENCE,20/05/1970,auw.umar@gmail.com,8027374654
SP/R/2933,,FAUZIYYA,TAHIR,MAHMOUD,F,ACADEMIC,PERMANENT,23/06/2020,23/06/2020,GRADUATE ASSISTANT,CONUASS,1,2,B.AGRICULTURE ANIMAL SCIENCE,31/07/1991,fauziyyahmahmoud@gmal.com,8135899799
SP/R/2934,,DALHA,,MUSLIM,M,ACADEMIC,PERMANENT,23/06/2020,23/06/2020,GRADUATE ASSISTANT,CONUASS,1,2,B. AGRIC (ANIMAL SCIENCE),8/6/1992,muslimdalha@gmail.com,7060909940
SP/R/2937,DR., ALIYU,,ABDULRAHMAN,M,ACADEMIC,PERMANENT,23/06/2020,23/06/2020,SENIOR LECTURER,CONUASS,5,2,PHD AGRICULTURAL ECONOMICS,4/7/1978,abdualiyu14@gmail.com,9027483682
SP/R/2938,,UZAIFA ,ADAMU,KARFI,M,ACADEMIC,PERMANENT,3/2/2020,3/2/2020,SENIOR  LECTURER,CONUASS,5,6,PH. D SOIL SCIENCE & LAND MANAGEMENT,7/4/1970,ukadamu@gmail.com,8035922583
SP/R/2940,,SUNUSI,ABDU,YUSUF,M,ACADEMIC,PERMANENT,1/5/2020,1/5/2020,LECTURER I,CONUASS,4,3,MSC AGRICULTURE SOIL MICROBIOLOGY,15/01/1979,yusifsunusiabdu@gmail.com,8068969633
SP/R/2941,,ABUBAKAR,,AUWALU,M,ACADEMIC,PERMANENT,23/06/2020,23/06/2020,GRADUATE ASSISTANT,CONUASS,1,2,B.AGRICULTURE (SOIL SCIENCE),12/9/1992,aakwalam@gmail.com,9030902727
SP/R/2942,,DAHIRU,WAKIL,HABIB,M,ACADEMIC,PERMANENT,23/06/2020,23/06/2020,GRADUATE ASSISTANT,CONUASS,1,2,B.AGRICULTURE (SOIL SCIENCE),8/4/1995,walkie24@yahoo.com,8031834716
SP/R/2943,,IBRAHIM,ALI,LASSA,M,ACADEMIC,PERMANENT,23/06/2020,23/06/2020,LECTURER,CONUASS,3,2,PHD (AGRONOMY),16/07/1966,ailassa1009@gmail.com,8066201908
SP/R/2944,,UMAR,ADAM,GAMBO,M,ACADEMIC,PERMANENT,23/06/2020,23/06/2020,GRADUATE ASSISTANT,CONUASS,1,2,B.AGRICULTURE (CROP PRODUCTION),7/1/1992,adamgamboumar@gmail.com,8062313959
SP/R/2945,,ABUBAKAR,,MANSUR,M,ACADEMIC,PERMANENT,23/06/2020,23/06/2020,GRADUATE ASSISTANT,CONUASS,1,2,B.AGRICULTURE CROP SCIENCE,25/03/1990,maikantimansur@gmail.com,7066490686
SP/R/2946,,MODU,,WAKIL,M,ACADEMIC,PERMANENT,23/06/2020,23/06/2020,ASSISTANT LECTURER,CONUASS,2,2,MSC TECHNOLOGY HYDROBIOLOGY & FISHERIES,18/04/1973,wakaimadu@gmail.com,7038302040
SP/R/2947,,UMAR,BABAGANA,ZANNAH,M,ACADEMIC,PERMANENT,23/06/2020,23/06/2020,GRADUATE ASSISTANT,CONUASS,1,2,B.FISHERIES AND AQUACULTURE,20/08/1995,umarzannah01@gmail.com,8165876031
SP/R/2948,,ABDULLATEEF,MUHAMMAD,MUKTHAR,M,ACADEMIC,PERMANENT,23/06/2020,23/06/2020,GRADUATE ASSISTANT,CONUASS,1,2,B.AGRICULTURE FISHERIES & ACQUACULTURE,28/09/1989,muhmuha1989@gmail.com,7061043005
SP/R/2950,,NASIRU,TUKUR,YAHUZA,M,ACADEMIC,PERMANENT,23/06/2020,23/06/2020,GRADUATE ASSISTANT,CONUASS,1,2,B. FORESTRY & WILD LIFE MANAGEMENT,22/04/1992,tukurynasiru@gmail.com,8135557708
SP/R/2950,,GARBA,,AUWALU,M,ACADEMIC,PERMANENT,23/06/2020,23/06/2020,LECTURER II,CONUASS,3,2,MBBS,27/01/1987,garbaauwalu500@gmail.com,8034094296
SP/R/2951,,IBRAHIM,KHALID,SULEIMAN,M,ACADEMIC,PERMANENT,23/06/2020,23/06/2020,GRADUATE ASSISTANT,CONUASS,1,2,B.AGRIC FORESTRY & WILDLIFE,4/6/1990,comki422566@gmail.com,7035041637
SP/R/2952,DR., FATIMA,BINTA,HARUNA,F,ACADEMIC,PERMANENT,23/06/2020,23/06/2020,SENIOR LECTURER,CONUASS,5,2,PHD ECONOMICS,12/3/1973,fatimabyusuf@gmail.com,8065874924
SP/R/2953,,USMAN,,SAAD,M,ACADEMIC,PERMANENT,23/06/2020,23/06/2020,GRADUATE ASSISTANT,CONUASS,1,2,B.SC ECONOMICS,22/02/1991,u.saadado@gmail.com,8095932499
SP/R/2957,,KARIBULLAHI,YUSUF,NASIDI,M,ACADEMIC,PERMANENT,23/06/2020,23/06/2020,GRADUATE ASSISTANT,CONUASS,1,2,B.A ARABIC,30/05/1983,kabjaira07@gmail.com,8081132339
SP/R/2958,DR., RAKIYA,MAIWADA,ABUBAKAR,F,ACADEMIC,PERMANENT,1/9/2020,1/9/2020,SENIOR LECTURER,CONUASS,5,2,PHD EDUCATIONAL PSYCHOLOGY,19/09/1970,rakiyamaiwada@yahoo.com,8037165966
SP/R/2959,,JALIGE,SANI,KUMO,M,ACADEMIC,PERMANENT,23/06/2020,23/06/2020,GRADUATE ASSISTANT,CONUASS,1,2,B.SC SOCIOLOGY,13/12/1991,skumojalige@gmail.com,8134561814
SP/R/2960,,AHMAD,SALISU,ABDULLAHI,M,ACADEMIC,PERMANENT,23/06/2020,23/06/2020,GRADUATE ASSISTANT,CONUASS,1,2,B.SC CRIMINOLOGY & SECURITY STUDIES,25/12/1997,ahmadskazaure1@gmail.com,9036888990
SP/R/2961,,UKASHA,,ISMAIL,M,ACADEMIC,PERMANENT,23/06/2020,23/06/2020,GRADUATE ASSISTANT,CONUASS,1,2,B.SC CRIMINOLOGY & SECURITY STUDIES,10/10/1990,ukashai17@gmail.com,7033842788
SP/R/2963,,AMINU,,MUSA,M,ACADEMIC,PERMANENT,23/06/2020,23/06/2020,GRADUATE ASSISTANT,CONUASS,1,2,B.SC COMPUTER SCIENCE,10/5/1992,amasayaya@gmail.com,7033120654
SP/R/2964,,IBRAHIM,,UMAR,M,ACADEMIC,PERMANENT,23/06/2020,23/06/2020,GRADUATE ASSISTANT,CONUASS,1,2,B.SC COMPUTER SCIENCE,18/10/1995,faruuk377@gmail.com,8067566817
SP/R/2965,,USMAN,ABDULLAHI,MUSA,M,ACADEMIC,PERMANENT,23/06/2020,23/06/2020,GRADUATE ASSISTANT,CONUASS,1,2,B.SC COMPUTER SCIENCE,31/03/1992,usmankamis1@gmail.com,8034398046
SP/R/2966,,FATIMA,MUHAMMAD,ADAM,F,ACADEMIC,PERMANENT,23/06/2020,23/06/2020,GRADUATE ASSISTANT,CONUASS,1,2,B.SC CPMPUTER SCIENCE,6/11/1994,fateemamohdadam2@gmail.com,7056702074
SP/R/2967,,HASSAN,MUHAMMAD,JALO,M,ACADEMIC,PERMANENT,23/06/2020,23/06/2020,GRADUATE ASSISTANT,CONUASS,1,2,B.SC COMPUTER SCIENCE,10/9/1995,hasmah.jalo@gmail.com,8160892556
SP/R/2970,,IBRAHIM,UMAR,SAID ,M,ACADEMIC,PERMANENT,23/06/2020,2/6/2020,ASSISTANT LECTURER,CONUASS,2,2,M.TECH COMPUTER SCIENCE & SOFTWARE ENGINEERING,18/02/1987,ibrahim.madigawa@gmail.com,7030928248
SP/R/2971,,ABDULBASIT,NUHU,MUSA,M,ACADEMIC,PERMANENT,23/06/2020,2/6/2020,ASSISTANT LECTURER,CONUASS,2,2,M.SC INFORMATION TECHNOLOGY,26/06/1984,abdulnm20@gmail.com,8144020301
SP/R/2972,,ZAHARADDEEN,,MUSTAPHA,M,ACADEMIC,PERMANENT,23/06/2020,23/06/2020,ASSISTANT LECTURER,CONUASS,2,2,M.SC NETWORK SECURITY ,22/08/1992,zamai08@gmail.com,8039437971
SP/R/2973,,NASIR,BALA,MUHAMMAD,M,ACADEMIC,PERMANENT,23/06/2020,2/6/2020,ASSISTANT LECTURER,CONUASS,2,2,M.SC COMPUTER & NETWORK SECURITY,22/10/1990,naziamuhd@yahoo.com,8039276577
SP/R/2974,,ADAMU,HABU,ADAMU,M,ACADEMIC,PERMANENT,,,ASSISTANT LECTURER,CONUASS,2,2,M.SC COMPUTING & INFORMATION TECHNOLOGY,4/11/1986,habuabba@yahoo.co.uk,8036977778
SP/R/2978,,NURA,SULEMAN,IBRAHIM,M,ACADEMIC,PERMANENT,23/06/2020,23/06/2020,ASSISTANT LECTURER,CONUASS,2,2,MSC BUSINESS ADMINISTRATION,11/9/1986,chilku03@yahoo.com,8130090064
SP/R/2980,DR., ALHASSAN,,HALADU,M,ACADEMIC,PERMANENT,23/06/2020,23/06/2020,SENIOR LECTURER,CONUASS,5,2,PH.D ACCOUNTING,23/11/1967,kirikichichi@gmail.com,7039234555
SP/R/2984,DR., SANI,,YAHAYA,M,ACADEMIC,PERMANENT,23/06/2020,23/06/2020,SENIOR LECTURER,CONUASS,5,2,PH.D ISLAMIC BANKING & FINANCE,1/10/1978,sanitm@yahoo.com,8069229731
SP/R/2986,DR., KURA,SHEHU,SHA'AIBU,M,ACADEMIC,PERMANENT,9/7/2020,9/7/2020,LECTURER I,CONUASS,4,2,PH.D BANKING & FINANCE,28/01/1972,skshehu@gmail.com,7038991585
SP/R/2987,,MUHAMMAD,,ABDULLAHI,M,ACADEMIC,PERMANENT,23/06/2020,23/06/2020,ASSISTANT LECTURER,CONUASS,2,2,M.SC ISLAMIC BANKING & FINANCE,10/11/1974,mmaigatari@gmail.com,8035085927
SP/R/2988,,LAWAN ,YUSUF,SALEH,M,ACADEMIC,PERMANENT,23/06/2020,23/06/2020,ASSISTANT LECTURER,CONUASS,2,2,MSC ECONOMICS,24/12/1974,malamigaya1@yahoo.com,8069128984
SP/R/2989,DR.,DR ABDULSALAM,,MAS'UD,M,ACADEMIC,PERMANENT,23/06/2020,6/23/2020,SENIOR LECTURER,CONUASS,5,2,PHD TAXATION,4/10/1982,masudabadussalam@yahoo.com,7036824625
SP/R/2990,DR., KARAYE,YUSUF,IBRAHIM,M,ACADEMIC,PERMANENT,11/12/2020,11/12/2020,SENIOR LECTURER,CONUASS,5,2,PHD. ACCOUNTING M.SC. ACCOUNTING B.SC ACCOUNTING,2/21/1980,karaye2000@gmail.com,8137443805
SP/R/2995,DR., HINDATU,,YUSUF,F,ACADEMIC,PERMANENT,23/06/2020,23/06/2020,SENIOR LECTURER,CONUASS,5,2,PHD BIOTECHNOLOGY,17/04/1984,yusufhindatu@yahoo.com,8069594199
SP/R/2996,,IBRAHIM,ZUBAIRU,WAZIRI,M,ACADEMIC,PERMANENT,23/06/2020,23/06/2020,GRADUATE ASSISTANT,CONUASS,1,2,B.SC BIOTECHNOLOGY,14/06/1992,biotechizwaziri@gmail.com,7039440052
SP/R/2997,,ZAINAB,ALI,DANDALMA,F,ACADEMIC,PERMANENT,23/06/2020,23/06/2020,GRADUATE ASSISTANT,CONUASS,1,2,B.SC BIOTECHNOLOGY,4/6/1992,zainabalidandalma92@gmail.com,8024683757
SP/R/2998,,AMADU,SALAU,KAYODE,M,ACADEMIC,PERMANENT,2/10/2021,2/10/2021,SENIOR LECTURER,CONUASS,5,2,PH.D BIOCHEMISTRY,11/9/1979,ka_salaudeen@yahoo.com,"08064810736, 08050745135"
SP/R/2999,DR., GARBA,MUHAMMAD,HARUNA,M,ACADEMIC,PERMANENT,23/06/2020,23/06/2020,SENIOR LECTURER,CONUASS,5,2,PHD BIOCHEMISTRY,1/5/1970,mharunagarba@gmail.com,8052532047
SP/R/3000,,NASIRU,,SALIHU,M,ACADEMIC,PERMANENT,23/06/2020,23/06/2020,GRADUATE ASSISTANT,CONUASS,1,2,MSC BIOCHEMISTRY,29/04/1993,salihu_nasiru@yahoo.com,8166785170
SP/R/3001,,SABIU,MURTALA,DAMDARAM,M,ACADEMIC,PERMANENT,23/06/2020,23/06/2020,ASSISTANT LECTURER,CONUASS,2,2,M.SC BIOCHEMISTRY,9/11/1986,sdambazau@gmail.com,8063628081
SP/R/3002,DR.,DR LAWAN,MOHAMMED,BULAMA,M,ACADEMIC,PERMANENT,23/06/2020,23/06/2020,SENIOR LECTURER,CONUASS,5,2,PH.D MATHEMATICS,24/09/1984,lawanbulama@gmail.com,8035256503
SP/R/3003,,UMAR,YAU,AHMAD,M,ACADEMIC,PERMANENT,23/06/2020,23/06/2020,GRADUATE ASSISTANT,CONUASS,1,2,B.SC MATHEMATICS,8/8/1993,yauumarahmad@gmail.com,8036825881
SP/R/3004,,ABDURRAHMAN,,ADO,M,ACADEMIC,PERMANENT,23/06/2020,23/06/2020,GRADUATE ASSISTANT,CONUASS,1,2,B.SC MATHEMATICS,16/11/1992,abdurrahmanado4@gmail.com,8167360854
SP/R/3005,DR., MUSTAPHA,BALARABE,IDRIS,M,ACADEMIC,PERMANENT,23/06/2020,23/06/2020,LECTURER II,CONUASS,3,2,Ph.D  MATERIAL ELECTROCHEMISTRY,20/03/1990,kademi97@gmail.com,8088556795
SP/R/3006,,SANNI,LAWAL,ENESI,M,ACADEMIC,PERMANENT,23/06/2020,23/06/2020,LECTURER,CONUASS,2,2,M.SC CHEMISTRY,21/05/1985,enesilawal@gmail.com,8099448254
SP/R/3007,,BILYAMINU,,MUSA,M,ACADEMIC,PERMANENT,23/06/2020,23/06/2020,GRADUATE ASSISTANT,CONUASS,1,2,B.SC CHEMISTRY,27/09/1988,bilyaminumusa@gmail.com,8164773377
SP/R/3009,,ADENIYI,KAMORU,ABDULAZEEZ,M,ACADEMIC,PERMANENT,23/06/2020,23/06/2020,SENIOR LECTURER,CONUASS,5,2,PHD ENTOMOLOGY AND PARASITOLOGY,26/02/1979,abukauthar2011@yahoo.com,7032985563
SP/R/3010,,ABUBAKAR,,ZAKARI,M,ACADEMIC,PERMANENT,6/10/2020,6/10/2020,GRADUATE ASSISTANT,CONUASS,1,2,B.SC ZOOLOGY,5/1/1994,abubakarzakari95@gmail.com,8065474174
SP/R/3011,,ABDULAZIZ,RABIU,ABDULKADIR,M,ACADEMIC,PERMANENT,23/06/2020,2/6/2020,ASSISTANT LECTURER,CONUASS,2,2,M.SC HERBAL SCIENCE,27/02/1988,abdulwarure@yahoo.com,"08133090984, 08188742772"
SP/R/3012,,MUHAMMAD,,ADAMU,M,ACADEMIC,PERMANENT,11/24/2020,11/24/2020,GRADUATE ASSISTANT,CONUASS,1,2,B.SC BOTANY,1/12/1995,muhammadgy43@gmail.com,"08065723232, 09054070398"
SP/R/3013,,JIBRIL,SANI,MOHAMMED,M,ACADEMIC,PERMANENT,23/06/2020,23/06/2020,GRADUATE ASSISTANT,CONUASS,1,2,B.SC BOTONY,1/1/1990,jibrilmohammedsani@gmail.com,8102748831
SP/R/3014,,MUZAMMIL,WADA,SALISU,M,ACADEMIC,PERMANENT,2/10/2020,2/10/2020,GRADUATE ASSISTANT,CONUASS,1,2,B.SC ZOOLOGY,5/1/1988,muzammeelwada@gmail.com,8162472737
SP/R/3014,,MUZAMMIL,BASHIR,MUSTAPHA,M,ACADEMIC,PERMANENT,11/10/2020,11/10/2020,GRADUATE ASSISTANT,CONUASS,1,2,B.SC ZOOLOGY,8/8/1993,muzammilbashirmustapha@gmail.com,7032729140
SP/R/3015,,MUJAHID,ADO,ABUBAKAR,M,ACADEMIC,PERMANENT,23/06/2020,23/06/2020,GRADUATE ASSISTANT,CONUASS,1,2,B.SC BOTONY,1/1/1994,mujahidddeen95@yahoo.com,8062582084
SP/R/3016,,SURAJ,,ABDULMALIK,M,ACADEMIC,PERMANENT,23/06/2020,23/06/2020,GRADUATE ASSISTANT,CONUASS,1,2,B.SC APPLIED BIOLOGY,12/6/1996,surajoabdulmalik@gmail.com,8100287488
SP/R/3017,,KAMILU,MUHAMMAD,JIBRIN,M,ACADEMIC,PERMANENT,23/06/2020,23/06/2020,GRADUATE ASSISTANT,CONUASS,1,2,B.ED BIOLOGY,2/3/1989,kmuhdjibril@gmail.com,8123496421
SP/R/3019,,NAFISA,USMAN,TAFIDA,F,ACADEMIC,PERMANENT,23/06/2020,23/06/2020,GRADUATE ASSISTANT,CONUASS,1,2,B.SC ENVIRONMENTAL MANAGEMENT AND TOXICOLOGY,25/08/1991,nutynshona@gmail.com,8067081020
SP/R/3020,,DEWU,MANSUR,MUHAMMAD,M,ACADEMIC,PERMANENT,23/06/2020,23/06/2020,ASSISTANT LECTURER,CONUASS,2,2,M. SC MICROBIOLOGY,31/07/1987,drmansoor25@gmail.com,9036584131
SP/R/3022,,HARUNA,,SADIQ,M,ACADEMIC,PERMANENT,23/06/2020,23/06/2020,GRADUATE ASSISTANT,CONUASS,1,2,B.SC MICROBILOGY,1/1/1990,sadiqharuna72@gmail.com,7060795879
SP/R/3023,,BUHARI,,SURAKA,M,ACADEMIC,PERMANENT,23/06/2020,23/06/2020,GRADUATE ASSISTANT,CONUASS,1,2,B.SC MICROBILOGY,1/2/1989,bsaujara@gmail.com,8066379649
SP/R/3024,,UMAR,UMAR,ABUBAKAR,M,ACADEMIC,PERMANENT,23/06/2020,23/06/2020,GRADUATE ASSISTANT,CONUASS,1,2,B.SC MICROBILOGY,27/04/1993,uaumar94@gmail.com,7035710592
SP/R/3025,,MUSLIM ,,ISMAIL,M,ACADEMIC,PERMANENT,11/24/2020,11/24/2020,GRADUATE ASSISTANT,CONUASS,1,2,B.SC MICROBIOLOGY,6/29/1995,muslimismail1414@gmail.com,7064200557
SP/R/3026,,FATIMA,MIKAAIL,USMAN,F,ACADEMIC,PERMANENT,23/06/2020,23/06/2020,GRADUATE ASSISTANT,CONUASS,1,2,B.Sc PHYSICS,15/10/1995,fatimamkailusman69@gmail.com,8033551552
SP/R/3027,,ALI ,,YAKUBU,M,ACADEMIC,PERMANENT,23/06/2020,23/06/2020,GRADUATE ASSISTANT,CONUASS,1,2,B.Sc PHYSICS,17/09/1988,yakubuali0020@gmail.com,8083806699
SP/R/3069,,ZAINAB,SAIDU,SAAD,F,ACADEMIC,PERMANENT,23/06/2020,23/06/2020,ASSISTANT LECTURER,CONUASS,2,2,MSC EDUCATION (PLANNING AND ADMINISTRATION),30/01/1978,zainabsaidsaad@yahoo.com,9066276419
SP/R/3070,,OLUDOTUN,RAJI,OPEYEMI,M,ACADEMIC,PERMANENT,23/06/2020,23/06/2020,LECTURER I,CONUASS,3,2,MBBS,12/12/1982,doctorolayinka@yahoo.com,7056863660
SP/R/3071,,UMAR,ABDULAZEEZ ,MANDARA,M,ACADEMIC,PERMANENT,23/06/2020,2/6/2020,GRADUATE ASSISTANT,CONUASS,1,2,B.SC ECONOMICS,31/12/1992,umandaraa@gmail.com,8136124949
SP/R/3072,,HUSSAINI,MUHAMMAD,MUDASSIR,M,ACADEMIC,PERMANENT,23/06/2020,23/06/2020,LECTURER 1,CONUASS,4,2,PH.D CURRICULUM & INSTRUCTIONS,25/05/1964,muhd.mudassir@yahoo.com,8099310477
SP/R/3073,,CATHERINE ,ASAJU,IYABODE,M,ACADEMIC,PERMANENT,23/06/2020,23/06/2020,ASSISTANT LECTURER,CONUASS,2,2,M.SC GEOGRAPHY,20/10/1975,catherineasaju@gmail.com,8036125967
SP/R/3077,,JOHN,TIMOTHY,DATIT,M,ACADEMIC,PERMANENT,23/06/2020,23/06/2020,ASSISTANT LECTURER,CONUASS,2,2,MS.C BIOTECHNOLOGY,15/02/1988,jtimothy@gmail.com,8166016201
SP/R/3080,,YUSUF,AMINU,KABO,M,ACADEMIC,PERMANENT,26/06/2020,26/06/2020,ASSISTANT LECTURER,CONUASS,2,2,M.SC IN EDUCATION,9/3/1985,aminuyusuf8003@gmail.com,8130832437
SP/R/3087,DR.,ABDULHADI,ZUBAIRU,YAKUBU,M,ACADEMIC,PERMANENT,23/06/2020,23/06/2020,SENIOR LECTURER,CONUASS,5,6,P.HD CURRICULUM & INSTRUCTION,25/10/1970,abdulhadichulakano@gmail.com,8065549025
SP/R/3089,DR., TAHIR ,A.,ABUBAKAR,M,ACADEMIC,PERMANENT,1/13/2020,1/13/2020,SENIOR LECTURER,CONUASS,5,2,PHD. CURRICULUM STUDIES,9/9/1985,,
SP/R/3090,DR., MASHOOD,AJIBOLA,ADULRAHEEM,M,ACADEMIC,PERMANENT,1/13/2020,1/13/2020,SENIOR LECTURER,CONUASS,5,2,PHD. ARABIC LINGUISTIC STUDIES,4/15/1971,ajibola_ngl@yahoo.com,8062085540
SP/R/3091,,ABUBAKAR ,MUHAMMAD,SANI,M,ACADEMIC,PERMANENT,1/13/2020,1/13/2020,SENIOR LECTURER,CONUASS,5,2,PHD. ISLAMIC STUDIES,1/7/1965,,
SP/R/3091,DR., ABUBAKAR ,MUHAMMAD,SANI,M,ACADEMIC,PERMANENT,11/4/2020,11/4/2020,SENIOR  LECTURER,CONUASS,5,2,PH.D ISLAMIC STUDIES,1/7/1970,assani@gmail.com,"08033286646, 08052930664"
SP/R/3092,,SHAMSU ,LAWAN,YAHAYA,M,ACADEMIC,PERMANENT,1/13/2020,1/13/2020,ASSISTANT LECTURER,CONUASS,2,2,M.A. QUR’ANIC EDU.,2/7/1990,,
SP/R/3093,,MUSTAPHA,LAWAN,USMAN,M,ACADEMIC,PERMANENT,1/13/2020,1/13/2020,ASSISTANT LECTURER,CONUASS,2,2,M. EDUCATION,8/20/1984,,
SP/R/3094,,NAZIFA ,GARBA,SHEHU,M,ACADEMIC,PERMANENT,1/13/2020,1/13/2020,GRADUATE ASSISTANT,CONUASS,1,2,B.A ISLAMIC STUDIES,6/12/1988,,
SP/R/3094,,NAZIFA,GARBA,SHITU,F,ACADEMIC,PERMANENT,11/25/2020,11/25/2020,GRADUATE ASSISTANT,CONUASS,1,2,B.A ISLAMIC STUDIES,6/12/1988,nazifagarbashitu@gmail.com,8039121974
SP/R/3095,DR., IBRAHIM ,,SULAIMAN,M,ACADEMIC,PERMANENT,1/13/2020,1/13/2020,SENIOR LECTURER,CONUASS,5,2,PHD. HUMAN PHYSIOLOGY,3/29/1987,,
SP/R/3096,DR., UMAR ,MOHAMMED,KANI,M,ACADEMIC,PERMANENT,1/13/2020,1/13/2020,LECTURER II,CONUASS,3,2,PH.D PHYSIOLOGY,9/4/1980,,
SP/R/3097,,ABDULWALI ,SABO,ABDURRAHMAN,M,ACADEMIC,PERMANENT,1/13/2020,1/13/2020,ASSISTANT LECTURER,CONUASS,2,2,MSC. MEDICAL STUDIES,10/9/1980,,
SP/R/3098,DR., NAJEEB ,GAMBO,ABDULLAHI,M,ACADEMIC,PERMANENT,1/13/2020,1/13/2020,LECTURER I,CONUASS,4,2,PHD. COMPUTER SCIENCE,9/9/1985,,
SP/R/3099,,MUHAMMAD,KHALID,MUHAMMAD,M,ACADEMIC,PERMANENT,11/4/2020,11/4/2020,GRADUATE ASSISTANT,CONUASS,1,2,B.ED SOCIAL STUDIES,3/2/1993,muhammadkhalidmuhammad@gmail.com,8037591681
SP/R/3100,,NASIR,AHMAD,SUFI,M,ACADEMIC,PERMANENT,11/9/2020,11/9/2020,GRADUATE ASSISTANT,CONUASS,1,2,M.SC COMPUTER SCIENCE /B.SC APPLIED COMPUTING,9/19/1990,sufinasir@rocketmail.com,8160157542
