STAFF NO.,TITLE,FIRST NAME,MIDDLE NAME,LAST NAME,GENDER,CADRE,NATURE OF APPOINTMENT,DATE OF 1ST APPOINTMENT,DATE OF PRESENT APPOINTMENT,PRESENT RANK,SALARY STRUCTURE,GRADE LEVEL,STEP,QUALIFICATION,D.O.B,EMAIL,PHONE
JP/R/023,,KABIDO,MAITABA,BENJAMIN,M,CATERING ,PERMANENT,16/11/2011,10/11/2015,CHIEF  STEWARD,CONTISS,5,5,SSCE  CERTIFICATE,15/09/1977,,
JP/R/024,,ADAMU,,TAHIR,M,DRIVER/MECHANIC,PERMANENT,16/02/2012,10/1/2017,SENIOR DRIVER I,CONTISS,5,2,CERT. NATIONAL DRIVING IMPROVEMENT COURSE,24/03/1965,,
JP/R/025,,YUNUSA,,HASSAN,M,DRIVER/MECHANIC,PERMANENT,15/02/2012,10/1/2017,SENIOR DRIVER ,CONTISS,5,2,"TRADE TEST I,II& III",15/06/1966,,
JP/R/027,,BELLO,,INUWA,M,DRIVER/MECHANIC,PERMANENT,21/02/2012,10/1/2017,DRIVER I,CONTISS,4,6,NATIONAL DRIVEN LICENSE,24/01/1984,,
JP/R/037,,MUKADDAS,,ABDULLAHI,M,CRAFTSMAN,PERMANENT,16/02/2012,10/1/2017,FOREMAN,CONTISS,5,2,GRADE II,6/12/1975,,
JP/R/039,,SAFIYANU,,MUHAMMAD,M,CRAFTSMAN,PERMANENT,22/02/2012,10/1/2017,FOREMAN,CONTISS,5,3,TRADE II TEST OF CARPENTRY,15/06/1980,,
JP/R/040,,MUHAMMAD,,HALADU,M,OFFICE ATTENDANT,PERMANENT,14/02/2012,10/1/2018,OFFICE ATTENDANT I,CONTISS,4,4,S.S.C.E CERTIFICATE,12/1/1982,,
JP/R/041,,PETER,,KWAJI,M,CATERING ,PERMANENT,14/02/2012,10/1/2017,CHIEF STEWARD ,CONTISS,5,2,S.S.C.E CERTIFICATE,20/01/1975,,
JP/R/042,,ADO,RINGIM,GARBA,M,DRIVER/MECHANIC,PERMANENT,7/10/2012,10/1/2018,DRIVER I,CONTISS,4,4,PRIMARY CERT. DRIVEN LIESINCE CLASS ‘E’ TRADE TEST III,5/5/1980,,
JP/R/043,,MUHAMMAD,,SHARIF,M,DRIVER/MECHANIC,PERMANENT,27/02/2012,10/1/2017,DRIVER  I,CONTISS,4,6,TRADE TEST I DRIVER LICENSE,10/1/1960,,
JP/R/044,,ABUBAKAR,,ABDULLAHI,M,DRIVER/MECHANIC,PERMANENT,14/02/2012,10/1/2017,DRIVER I,CONTISS,4,6,DRIVER LICENSE,12/12/1982,,
JP/R/045,,MUHAMMAD,S.,IBRAHIM,M,DRIVER/MECHANIC,PERMANENT,14/02/2012,10/1/2017,SENIOR DRIVER ,CONTISS,5,2,TRADE TEST III DRIVER LICENSE,25/01/1996,,
JP/R/046,,ILIYASU,,IBRAHIM,M,DRIVER/MECHANIC,PERMANENT,14/02/2012,10/1/2018,DRIVER II,CONTISS,3,6,"TRADE TEST I,II,III DRIVER LICENSE",15/04/1980,,
JP/R/047,,IBRAHIM,,YAU,M,DRIVER/MECHANIC,PERMANENT,14/02/2012,10/1/2016,DRIVER/MECHANIC II,CONTISS,3,8,S.S.C.E CERTIFICATE,15/01/1988,,
JP/R/049,,MUHAMMAD,,ABUBAKAR,M,LABOURER,PERMANENT,15/02/2012,10/1/2017,HEAD LABOURER,CONTISS,2,8,PRIMARY CERT.,18/11/1963,,
JP/R/050,,HADIZA,HAJIYA,MOHD,F,LABOURER,PERMANENT,15/02/2012,10/1/2017,HEAD LABOURER,CONTISS,2,8,PRIMARY CERT.,30/01/1973,,
JP/R/053,,SULAIMAN,HALILU,MUSTAPHA,M,CLERICAL OFFICER,PERMANENT,30/08/2012,10/1/2014,SENIOR CLERICAL OFFICER,CONTISS,5,6,CERTIFICATE IN COPY TYPIST,13/04/1979,,
JP/R/057,,BASIRU,,IDRIS,M,CLERICAL OFFICER,PERMANENT,16/02/2012,1/10/2019,CLERICAL OFFICER II,CONTISS,3,8,S.S.C.E  CERTIFICATE,11/4/1984,,
JP/R/063,,HASSANA,,USMAN,F,OFFICE ATTENDANT,PERMANENT,9/3/2012,10/1/2018,OFFICE ATTENDANT I,CONTISS,4,4,S.S.C.E  CERTIFICATE,15/01/1983,,
JP/R/069,,SUNUSI,,ABUBAKAR,M,PHOTOGRAPHIC,PERMANENT,3/1/2012,10/1/2018,SENIOR PHOTOGRAPHIC ASSISTANT,CONTISS,3,6,S.S.C.E  CERTIFICATE,11/11/1982,,
JP/R/076,,YUSUF,,YUNUSA,M,LABOURER,PERMANENT,16/07/2012,10/1/2017,HEAD LABOURER ,CONTISS,2,7,PRIMARY CERT.,10/8/1978,,
JP/R/102,,NUHU,,UMAR,M,CRAFTSMAN,PERMANENT,4/11/2012,10/1/2017,SENIOR CRAFTSMAN,CONTISS,4,6,J.S.C.E CERT.TRADE TEST,11/5/1986,,
JP/R/104,,ABUBAKAR,,HARUNA,M,CLERICAL OFFICER,PERMANENT,17/04/2012,10/1/2017,SENIOR CLERICAL OFFICER ,CONTISS,5,2,GRADE II,1/1/1963,,
JP/R/105,,YAKUBU,FAGOJI,ALI,M,NIGHT WATCHMAN,PERMANENT,15/04/2012,10/1/2017,WATCHMAN I,CONTISS,2,8,PRIMARY CERT. P.P.W. ,20/03/1977,,
JP/R/192,,SA:ADU,,ZAKARI,M,CRAFTSMAN,PERMANENT,15/05/2012,10/1/2018,SENIOR CRAFTSMSN (PLUMBER),CONTISS,4,4,"TRADE TEST II,III,",11/6/1983,,
JP/R/193,,YUSIF,,YAHAYA,M,PLANT OPERATOR,PERMANENT,15/05/2012,10/1/2018,SENIOR PLANT OPERATOR I,CONTISS,4,4,"PRIMARY CERT. TRADE TEST III,II,I",10/3/1977,,
JP/R/194,,MUHAMMAD,ABDULLAHI,MUHAMMAD,M,PLANT OPERATOR,PERMANENT,21/05/2012,10/1/2018,SENIOR PLANT OPERATOR,CONTISS,4,4,"TRADE TEST I,II, IN ELECTRICAL",14/02/1991,,
JP/R/195,,HASSAN,,ABDULLAHI,M,CRAFTSMAN,PERMANENT,15/05/2012,1/10/2019,FOREMAN (PLUMBING),CONTISS,5,5,S.S.C.E  CERTIFICATE,1/5/1975,,
JP/R/200,,ABDUL AZIZ,,UMAR,M,OFFICE ATTENDANT,PERMANENT,21/05/2012,10/1/2018,OFFICE ATTENDANT I,CONTISS,4,4,S.S.C.E  CERTIFICATE,1/1/1981,,
JP/R/202,,SABO,DUTSE,IBRAHIM,M,OFFICE ATTENDANT,PERMANENT,21/05/2012,10/1/2017,OFFICE ATTENDANT I,CONTISS,3,6,PRIMARY CERT.,31/05/1966,,
JP/R/203,,MU AZU,KIYAWA,ISIYAKU,M,OFFICE ATTENDANT,PERMANENT,22/05/2012,1/10/2018,SENIOR CLERICAL OFFICER,CONTISS,5,1,S.S.C.E   CERTIFICATE,13/10/1992,,
JP/R/205,,AHMAD,BUJI,UMAR,M,OFFICE ATTENDANT,PERMANENT,21/05/2012,10/1/2018,OFFICE ATTENDANT I,CONTISS,4,4,S.S.C.E  CERTIFICATE,16/05/1992,,
JP/R/206,,YAU,DUTSE,NASIRU,M,OFFICE ATTENDANT,PERMANENT,21/05/2012,10/1/2017,OFFICE ATTENDANT I,CONTISS,3,6,PRIMARY CERT,24/05/1988,,
JP/R/208,,,ALIYU,UMAR,M,CLERICAL OFFICER,PERMANENT,18/05/2012,10/1/2018,CLERICAL OFFICER I,CONTISS,4,4,S.S.C.E CERTIFICATE,23/07/1986,,
JP/R/209,,YUSIF,HADEJIA,ABUBAKAR,M,OFFICE ATTENDANT,PERMANENT,9/3/2012,10/1/2015,OFFICE ATTENDANT I,CONTISS,3,7,S.S.C.E  CERTIFICATE,16/08/1985,,
JP/R/210,,UZAIRU,,ISAH,M,CLERICAL OFFICER,PERMANENT,21/05/2012,10/1/2018,CLERICAL OFFICER I,CONTISS,4,4,S.S.C.E CERTIFICATE,10/2/1987,,
JP/R/211,,SULAIMAN,,MARYAM,F,CLERICAL OFFICER,PERMANENT,16/05/2012,10/1/2018,CLERICAL ASSISTANT II,CONTISS,3,6,PRIMARY CERT.,1/2/1984,,
JP/R/212,,ADAMU,GWARAM,HARUNA,M,OFFICE ATTENDANT,PERMANENT,16/05/2012,10/1/2018,OFFICE ATTENDANT I,CONTISS,4,4,S.S.C.E  CERTIFICATE,5/5/1972,,
JP/R/213,,YAHUZA,BALA,AHMAD,M,CLERICAL OFFICER,PERMANENT,25/05/2012,10/1/2015,CLERICAL OFFICER I,CONTISS,4,5,S.S.C.E CERTIFICATE,2/7/1989,,
JP/R/214,,NURA,,UMAR,M,CLERICAL OFFICER,PERMANENT,21/05/2012,10/1/2017,CLERICAL OFFICER I,CONTISS,4,5,S.S.C.E CERTIFICATE,2/5/1988,,
JP/R/215,,MOHAMMAD,ABULLAHI,ABBA,M,COACHING,PERMANENT,17/05/2012,4/3/2017,COACHING ASSISTANT ,CONTISS,5,3,GRADE II,31/10/1963,,
JP/R/216,,SULE,ZARENA,ABDU,M,DRIVER/MECHANIC,PERMANENT,6/5/2012,10/1/2018,DRIVER I,CONTISS,4,4,PRIMARY CERT. DRIVEN LIEN SINCE CLASS ‘E’.,2/4/1975,,
JP/R/217,,IDRIS,,MUHAMMAD,M,DRIVER/MECHANIC,PERMANENT,30/05/2012,10/1/2018,SENIOR DRIVER,CONTISS,5,1,CERTIFICATE IN ELECTRICAL ENGINEERING,3/3/1967,,
JP/R/218,,IDRIS,,ABUBAKAR,M,CLERICAL OFFICER,PERMANENT,15/10/2012,1/10/2019,CLERICAL OFFICER I,CONTISS,4,5,S.S.C.E CERTIFICATE,26/07/1982,,
JP/R/219,,GARBA,MADAKI,MUHD,M,CLERICAL OFFICER,PERMANENT,20/05/2012,20/05/2012,A.E.O(GENERAL),CONTISS,5,8,DIP. IN PUBLIC ADMIN ,1/1/1986,,
JP/R/220,,ABUBAKAR,,BALARABE,M,CLERICAL OFFICER,PERMANENT,20/05/2012,10/1/2018,CLERICAL OFFICER I,CONTISS,4,4,S.S.C.E CERTIFICATE,24/04/1984,,
JP/R/222,,IGUDA,,ABDULKARIM,M,NIGHT WATCHMAN,PERMANENT,18/05/2012,10/1/2017,WATCHMAN I,CONTISS,2,7,S.S.C.E.  CERTIFICATE,2/3/1973,,
JP/R/223,,AUWALU,,ABDULLAHI,M,SECURITY,PERMANENT,17/05/2012,10/1/2018,ASSISTANT PATROL SUPERVISOR,CONTISS,4,4,S.S.C.E  CERTIFICATE,5/2/1981,,
JP/R/225,,HASSAN,,ADULLAHI,M,SECURITY,PERMANENT,21/05/2012,10/1/2018,ASSISTANT PATROL SUPERVISOR,CONTISS,4,4,S.S.C.E  CERTIFICATE,11/3/1967,,
JP/R/227,,HABIBU,ABDU,IDRIS,M,SECURITY,PERMANENT,21/05/2012,1/10/2019,ASSISTANT PATROL SUPERVISOR,CONTISS,4,5,S.S.C.E  CERTIFICATE,11/2/1984,,
JP/R/228,,SABO,,HARUNA,M,SECURITY,PERMANENT,21/05/2012,1/10/2019,ASSISTANT PATROL SUPERVISOR,CONTISS,4,5,S.S.C.E .CERTIFICATE,15/01/1970,,
JP/R/230,,DANLADI,,USAINI,M,SECURITY,PERMANENT,21/05/2012,10/1/2018,PATROL SUPERVISOR,CONTISS,5,1,S.S.C.E.  CERTIFICATE,21/05/1974,,
JP/R/232,,BAITA,,USMAN,M,SECURITY,PERMANENT,21/05/2012,10/1/2018,ASSISTANT PATROL SUPERVISOR,CONTISS,4,4,S.S.C.E.  CERTIFICATE,1/11/1991,,
JP/R/233,,HARUNA,DANGYATIN,YAHAYA,M,SECURITY,PERMANENT,21/05/2012,10/1/2018,ASSISTANT  PATROL SUPERVISOR,CONTISS,4,4,S.S.C.E.  CERTIFICATE,10/8/1980,,
JP/R/234,,SULE,,GARBA,M,OFFICE ATTENDANT,PERMANENT,18/06/2012,10/1/2018,OFFICE ATTENDANT I,CONTISS,4,4,S.S.C.E.  CERTIFICATE,12/3/1974,,
JP/R/235,,IBRAHIM,,ISYAKU,M,SECURITY,PERMANENT,21/05/2012,10/1/2018,ASSISTANT PATROL SUPERVISOR,CONTISS,4,4,S.S.C.E. CERTIFICATE,12/61979,,
JP/R/237,,ADAMU,,ABDULRAHMAN,M,SECURITY,PERMANENT,22/05/2012,10/1/2018,ASSISTANT PATROL SUPERVISOR,CONTISS,4,4,S.S.C.E.  CERTIFICATE,25/04/1986,,
JP/R/239,,AMINU,,ISMAIL,M,SECURITY,PERMANENT,21/05/2012,10/1/2018,ASSISTANT PATROL SUPERVISOR,CONTISS,4,4,S.S.C.E.  CERTIFICATE,15/08/1983,,
JP/R/241,,ADAMU,,MUSA,M,SECURITY,PERMANENT,17/05/2012,10/1/2018,ASSISTANT PATROL SUPERVISOR,CONTISS,4,4,S.S.C.E.  CERTIFICATE,15/12/1989,,
JP/R/242,,ABDULLAHI,U.,KABIRU,M,SECURITY,PERMANENT,17/05/2012,1/10/2019,ASSISTANT PATROL SUPERVISOR,CONTISS,4,5,S.S.C.E.  CERTIFICATE,1/1/1988,,
JP/R/243,,YAHAYA,,YAU,M,SECURITY,PERMANENT,25/05/2012,10/1/2018,ASSISTANT PATROL SUPERVISOR,CONTISS,4,4,S.S.C.E.  CERTIFICATE,15/02/1982,,
JP/R/244,,SULAIMAN,,ILAH,M,SECURITY,PERMANENT,17/05/2012,1/10/2019,ASSISTANT PATROL SUPERVISOR,CONTISS,4,5,S.S.C.E.  CERTIFICATE,1/6/1990,,
JP/R/245,,CHRISTIANA,,MOSES,F,SECURITY,PERMANENT,22/05/2012,10/1/2018,ASSISTANT PATROL SUPERVISOR,CONTISS,4,4,S.S.C.E.  CERTIFICATE,31/03/1981,,
JP/R/247,,MERCY,,NUHU,F,SECURITY,PERMANENT,21/05/2012,10/1/2018,ASSISTANT PATROL SUPERVISOR,CONTISS,4,4,S.S.C.E.  CERTIFICATE,6/7/1983,,
JP/R/248,,AISHATU ABUBAKAR,,MUHAMMAD,F,CLERICAL OFFICER,PERMANENT,22/05/2012,1/10/2019,CLERICAL OFFICER I,CONTISS,4,5,GRADE II,21/12/1973,,
JP/R/259,,ABBA,DASINA,ALI,M,LABOURER,PERMANENT,7/2/2012,10/1/2017,HEAD LABOURER,CONTISS,2,6,PRIMARY CERTIFICATE,20/06/1990,,
JP/R/260,,MOHAMMAD,,ALHASSAN,M,LABOURER,PERMANENT,7/2/2012,10/1/2017,FARM LABOURER,CONTISS,2,6,NIL,24/01/1967,,
JP/R/261,,AMINU,INUWA,ABDULHADI,M,FIRE SERVICE,PERMANENT,7/2/2012,10/1/2018,SENIOR FIRE ASSISTANT ,CONTISS,4,5,S.S.C.E CERTIFICATE,1/5/1980,,
JP/R/268,,AMINU,BIZI,AHMAD,M,LABORATORY,PERMANENT,6/10/2012,6/10/2012,LABORATORY ASSISTANT,CONTISS,3,8,CERTIFICATE IN SCI. LABORATORY,21/03/1987,,
JP/R/282,,ALHAJI,,IBRAHIM,M,EXECUTIVE ,PERMANENT,15/08/2012,1/9/2019,ASSISTANT EXECUTIVE OFFICER,CONTISS,5,1,DIPLOMA,13/12/1975,,
JP/R/287,,ABUBAKAR,,IBRAHIM,M,LABOURER,PERMANENT,7/9/2012,10/1/2017,HEAD LABOURER,CONTISS,2,8,NIL,20/06/1985,,
JP/R/303,,SA ADU,,IBRAHIM AMINU,M,CLERICAL OFFICER,PERMANENT,7/2/2012,1/10/2019,ASSISTANT EXECUTIVE OFFICER,CONTISS,5,5,DIPLOMA IN BANKING & FINANCE,27/09/1978,,
JP/R/313,,SHAFIU,,BAKO,M,CLERICAL OFFICER,PERMANENT,7/2/2012,10/1/2018,CLERICAL OFFICER I,CONTISS,4,10,CERTIFICATE IN FURNITURE,10/8/1978,,
JP/R/319,,UMAR,USMAN,ABUBAKAR,M,OFFICE ATTENDANT,PERMANENT,7/2/2012,1/10/2019,OFFICE ATTENDANT I,CONTISS,4,5,S.S.C.E.  CERTIFICATE,1/5/1988,,
JP/R/320,,NASIRU,JIBRIN,HARUNA,M,CLERICAL OFFICER,PERMANENT,25/06/2012,1/10/2019,SENIOR CLERICAL OFFICER ,CONTISS,5,1,S.S.C.E. CERTIFICATE,22/03/1984,,
JP/R/321,,NAZIRU,,SHUAIBU,M,SECRETERIATE,PERMANENT,7/11/2012,3/1/2017,CONFIDENTIAL SECRETARY IV,CONTISS,5,3,S.S.C.E. CERTIFICATE,12/8/1983,,
JP/R/322,,ABDULLAHI,MOHD,SA’ID,M,OFFICE ATTENDANT,PERMANENT,7/2/2012,10/1/2017,OFFICE ATTENDANT I,CONTISS,3,6,S.S.C.E.  CERTIFICATE,6/8/1988,,
JP/R/324,,SHEHU,,ZUBAIRU,M,OFFICE ATTENDANT,PERMANENT,29/06/2012,10/1/2018,OFFICE ATTENDANT I,CONTISS,4,4,S.S.C.E.  CERTIFICATE,11/2/1988,,
JP/R/325,,ABDULLAHI,,HASSAN,M,OFFICE ATTENDANT,PERMANENT,7/2/2012,10/1/2018,OFFICE ATTENDANT I,CONTISS,4,4,GRADE II,16/01/1983,,
JP/R/326,,NAZIFI,,SHEHU,M,OFFICE ATTENDANT,PERMANENT,7/2/2012,10/1/2018,OFFICE ATTENDANT I,CONTISS,4,4,S.S.C.E.  CERTIFICATE,10/6/1989,,
JP/R/327,,AUWALU,,SABO,M,CRAFTSMAN,PERMANENT,7/8/2012,10/1/2018,SENIOR CRAFTSMAN,CONTISS,4,4,S.S.C.E.  CERTIFICATE,6/7/1983,,
JP/R/328,,JAMILU,,ALIYU,M,CRAFTSMAN,PERMANENT,16/07/2012,10/1/2018, FOREMAN,CONTISS,5,1,TRADE TEST,3/11/1967,,
JP/R/329,,LADI,,AYUBA,F,OFFICE ATTENDANT,PERMANENT,7/2/2012,10/1/2018,OFFICE ATTENDANT I,CONTISS,4,4,S.S.C.E.  CERTIFICATE,25/04/1986,,
JP/R/330,,NUHU,,ADAMU,M,OFFICE ATTENDANT,PERMANENT,25/06/2012,10/1/2018,OFFICE ATTENDANT I,CONTISS,4,4,S.S.C.E.  CERTIFICATE,10/7/1987,,
JP/R/331,,ADAMU,,YAU,M,OFFICE ATTENDANT,PERMANENT,7/2/2012,9/10/2019,OFFICE ATTENDANT I,CONTISS,4,5,S.S.C.E.  CERTIFICATE,1/10/1987,,
JP/R/332,,AMADU,,SALE,M,CLERICAL OFFICER,PERMANENT,7/12/2012,10/1/2018,CLERICAL OFFICER  I,CONTISS,4,4,S.S.C.E.  CERTIFICATE,15/09/1990,,
JP/R/333,,ABUBAKAR,IDRIS,TAKAI,M,CLERICAL OFFICER,PERMANENT,7/3/2012,10/1/2018,CLERICAL OFFICER I,CONTISS,4,4,S.S.C.E.  CERTIFICATE,15/05/1985,,
JP/R/334,,BAFFA,,MUHAMMAD,M,OFFICE ATTENDANT,PERMANENT,7/2/2012,1/10/2019,OFFICE ATTENDANT I,CONTISS,4,5,S.S.C.E.  CERTIFICATE,26/08/1988,,
JP/R/335,,ABDULLAHI,BANA,WADA,M,OFFICE ATTENDANT,PERMANENT,7/3/2012,10/1/2018,OFFICE ATTENDANT I,CONTISS,4,4,S.S.C.E.  CERTIFICATE,17/10/1980,,
JP/R/336,,ISA,,SANI,M,DRIVER/MECHANIC,PERMANENT,7/1/2012,10/1/2018,DRIVER I,CONTISS,4,4,"PRIMARY CERT. TRADE TEST III, II, I ",15/05/1971,,
JP/R/338,,BUHARI,AMINU,IBRAHIM,M,MEDICAL LAB. ASSISTANT,PERMANENT,25/06/2012,1/10/2019,MEDICAL LABORATORY SUPERVISOR,CONTISS,5,1,CERTIFICATE IN LAB STUDIES,10/5/1984,,
JP/R/340,,SAIDU,,MUSTAPHA,M,HEALTH ATTENDANT,PERMANENT,7/3/2012,10/1/2018,SENIOR HEALTH ATTENDANT,CONTISS,4,4,S.S.C.E CERTIFICATE,5/10/1983,,
JP/R/341,,MUSTAPHA,RINGIM,HARUNA,M,LAB. ASSISTANT,PERMANENT,7/6/2012,10/1/2018,HEAD LABORATORY ATTENDANT ,CONTISS,4,4,S.S.C.E.  CERTIFICATE,1/12/1986,,
JP/R/349,,SHAMSU,,ABDULMUMIN,M,CRAFTSMAN,PERMANENT,7/2/2012,10/1/2018,SENIOR CRAFTSMAN,CONTISS,4,4,CERTIFICATE ELECTRICAL INSTALLATION,20/01/1984,,
JP/R/350,,SULAIMAN,SULAIMAN,MUHD,M,CLERICAL OFFICER,PERMANENT,7/2/2012,1/10/2019,CLERICAL OFFICER I,CONTISS,4,5,S.S.C.E CERTIFICATE,9/8/1994,,
JP/R/351,,BASIRU,,IBRAHIM,M,PHARMACY,PERMANENT,7/11/2012,10/1/2018,PHARMACY ASSISTANT ,CONTISS,4,4,S.S.C.E.  CERTIFICATE,1/1/1982,,
JP/R/352,,ASHIRU,,AUWALU,M,CLERICAL OFFICER,PERMANENT,7/2/2012,10/1/2018,CLERICAL OFFICER I,CONTISS,4,4,S.S.C.E. CERTIFICATE,19/06/1994,,
JP/R/353,,MUHAMMAD,,SALISU,M,CLERICAL OFFICER,PERMANENT,7/2/2012,1/10/2019,CLERICAL OFFICER I,CONTISS,4,5,S.S.C.E. CERTIFICATE,22/04/1991,,
JP/R/354,,NAFIU,M.,USMAN,M,CLERICAL OFFICER,PERMANENT,8/1/2012,10/1/2018,CLERICAL OFFICER I,CONTISS,4,4,S.S.C.E. CERTIFICATE,25/11/1988,,
JP/R/355,,JAFARU,,MAKAMA,M,CLERICAL OFFICER,PERMANENT,16/07/2012,10/1/2018,CLERICAL OFFICER I,CONTISS,4,4,S.S.C.E. CERTIFICATE,2/2/1987,,
JP/R/358,,YUSHAU,BELLO,BALA,M,LABOURER,PERMANENT,23/07/2012,28/12/2017,LABOURER,CONTISS,1,3,S.S.C.E. CERTIFICATE,1/10/1982,,
JP/R/359,,ABDU,,MURTALA,M,ZOO KEEPER,PERMANENT,16/07/2012,10/1/2018,SENIOR ZOO ASSISTANT,CONTISS,4,4,S.S.C.E. CERTIFICATE,10/3/1986,,
JP/R/361,,SULAIMAN,,NASIRU,M,CLERICAL OFFICER,PERMANENT,16/07/2012,1/10/2019,CLERICAL OFFICER I,CONTISS,4,5,S.S.C.E. CERTIFICATE,10/7/1970,,
JP/R/363,,JAMILU,G/DUBU,SALIHI,M,CLERICAL OFFICER,PERMANENT,16/07/2012,1/10/2019,CLERICAL OFFICER I,CONTISS,4,5,S.S.C.E. CERTIFICATE,20/08/1983,,
JP/R/364,,UMAR,,JAMILU,M,CLERICAL OFFICER,PERMANENT,16/06/2012,10/1/2018,CLERICAL OFFICER I,CONTISS,4,4,N.C.E SOS/ECONS,5/5/1984,,
JP/R/366,,SULE,,DANBALA,M,DRIVER/MECHANIC,PERMANENT,17/07/2012,10/1/2017,SENIOR DRIVER,CONTISS,5,3,"TRADE TEST I,II,III",26/10/1966,,
JP/R/368,,NAUFAL,UBA,JIBRILA,M,LABOURER,PERMANENT,16/07/2012,1/10/2019,CLERICAL ASSISTANT,CONTISS,2,8,S.S.C.E. CERTIFICATE,20/11/1987,,
JP/R/369,,BABANGIDA,,ALI,M,CLERICAL OFFICER,PERMANENT,15/07/2012,10/1/2015,CLERICAL OFFICER II,CONTISS,3,7,S.S.C.E. CERTIFICATE,15/05/1990,,
JP/R/370,,AHMAD,,HADIZA,F,CLERICAL OFFICER,PERMANENT,17/07/2012,10/1/2018,CLERICAL OFFICER I,CONTISS,4,4,S.S.C.E. CERTIFICATE,25/06/1969,,
JP/R/371,,SALE A.,,AUWALU,M,CRAFTSMAN,PERMANENT,24/07/2012,10/1/2018,SENIOR CRAFTSMAN,CONTISS,4,4,S.S.C.E. CERTIFICATE,21/03/1990,,
JP/R/374,,AISHA,ZUBAIRU,KASSIM,F,PORTER,PERMANENT,13/08/2012,10/1/2018,SENIOR PORTRESS,CONTISS,4,4,S.S.C.E.  CERTIFICATE,29/12/1983,,
JP/R/378,,DALHA,,AUWALU,M,DRIVER/MECHANIC,PERMANENT,16/07/2012,10/1/2018,SENIOR DRIVER ,CONTISS,5,1,S.S.C.E.  CERTIFICATE,1/4/1978,,
JP/R/379,,SANI,MUHD,JAMILU,M,OFFICE ATTENDANT,PERMANENT,25/07/2012,1/10/2019,OFFICE ATTENDANT  II,CONTISS,3,7,S.S.C.E.  CERTIFICATE,3/3/1986,,
JP/R/380,,ALI,,INUWA,M,FARM LABOURER,PERMANENT,25/07/2012,10/1/2017,FARM LABOURER I,CONTISS,2,7,S.S.C.E.  CERTIFICATE,1/1/1980,,
JP/R/381,,MUNTARI,RINGIM,SAIDU,M,OFFICE ATTENDANT,PERMANENT,25/07/2012,3/2/2017,OFFICE ATTENDANT  II,CONTISS,2,7,S.S.C.E.  CERTIFICATE,6/3/1975,,
JP/R/382,,HAMZA,,ABDULHAMID,M,LABOURER,PERMANENT,25/07/2012,10/1/2017,HEAD LABOURER,CONTISS,2,7,S.S.C.E.  CERTIFICATE,6/5/1967,,
JP/R/385,,ZAZEGA,,UMMARU,M,LABOURER,PERMANENT,25/07/2012,10/1/2017,HEAD LABOURER,CONTISS,2,7,S.S.C.E.  CERTIFICATE,17/05/1965,,
JP/R/392,,MANJOR,,ADAMU,M,FARM LABOURER,PERMANENT,8/1/2012,10/1/2018,FARM LABOURER I,CONTISS,2,7,S.S.C.E.  CERTIFICATE,13/10/1970,,
JP/R/396,,INUWA,,AHMAD,M,OFFICE ATTENDANT,PERMANENT,15/08/2012,10/1/2018,OFFICE ATTENDANT I,CONTISS,4,4,S.S.C.E.  CERTIFICATE,5/12/1986,,
JP/R/399,,IBRAHIM,,MIKAIL,M,DRIVER/MECHANIC,PERMANENT,16/08/2012,10/1/2018, DRIVER I,CONTISS,4,4,NDL,15/08/1980,,
JP/R/400,,GAMBO,,HASSAN,M,TRACTOR OPERATOR,PERMANENT,15/08/2012,10/1/2018,TRACTOR OPERATOR,CONTISS,4,4,PRIMARY CERT. TRADE III,17/02/1967,,
JP/R/402,,RINGIM,,SULAIMAN,M,FARM LABOURER,PERMANENT,23/08/2012,10/1/2017,FARM LABOURER I,CONTISS,2,7,NIL,19/08/1965,,
JP/R/407,,ALIYU,,BALA,M,CLERICAL OFFICER,PERMANENT,10/2/2014,10/1/2018, SENIOR CLERICAL OFFICER ,CONTISS,5,1,DIPLOMA IN BANKING & FINANCE,15/06/1986,,
JP/R/411,,BATURE,SULE,HAUWA,F,SECURITY,PERMANENT,10/2/2012,10/1/2017,PATROL SUPERVISOR ,CONTISS,5,2,S.S.C.E.  CERTIFICATE,8/8/1982,,
JP/R/415,,MARYAM,,BALA,F,SECURITY,PERMANENT,10/1/2015,10/1/2018,ASSISTANT PATROL SUPERVISOR,CONTISS,4,4,S.S.C.E.  CERTIFICATE,3/7/1992,,
JP/R/420,,NASIRU,,NAZIFI,M,SECURITY,PERMANENT,10/1/2015,10/1/2018,ASSISTANT PATROL SUPERVISOR,CONTISS,4,4,S.S.C.E.  CERTIFICATE,1/4/1988,,
JP/R/421,,NAIYA,,NAFIU,M,SECURITY,PERMANENT,10/2/2012,10/1/2018,ASSISTANT PATROL SUPERVISOR,CONTISS,4,4,S.S.C.E.  CERTIFICATE,23/07/1989,,
JP/R/423,,ABDULLAHI,,AMADU,M,SECURITY,PERMANENT,10/2/2012,10/1/2017,SENIOR PATROLMAN,CONTISS,3,6,S.S.C.E.  CERTIFICATE,10/1/1987,,
JP/R/424,,MUHAMMAD,,UMAR,M,SECURITY,PERMANENT,10/2/2012,10/1/2018,ASSISTANT PATROL SUPERVISOR,CONTISS,4,4,S.S.C.E.  CERTIFICATE,3/6/1987,,
JP/R/425,,LIMAN,ADAMU,AHMAD,M,SECURITY,PERMANENT,10/2/2012,10/1/2018,ASSISTANT PATROL SUPERVISOR,CONTISS,4,4,S.S.C.E.  CERTIFICATE,9/10/1989,,
JP/R/426,,JAMILU,DANGORA,SANI,M,SECURITY,PERMANENT,10/2/2012,10/1/2018,ASSISTANT PATROL SUPERVISOR,CONTISS,4,4,S.S.C.E.  CERTIFICATE,31/01/1988,,
JP/R/427,,DAN ASABE,,AUWALU,M,SECURITY,PERMANENT,10/2/2012,10/1/2018,ASSISTANT PATROL SUPERVISOR,CONTISS,4,4,S.S.C.E.  CERTIFICATE,11/9/1969,,
JP/R/429,,RABIU,,AHMAD,M,SECURITY,PERMANENT,10/2/2012,10/1/2018,ASSISTANT PATROL SUPERVISOR,CONTISS,4,4,S.S.C.E.  CERTIFICATE,20/09/1987,,
JP/R/430,,INUWA,HALADU,MUHAMMAD,M,SECURITY,PERMANENT,10/2/2012,10/1/2018,ASSISTANT PATROL SUPERVISOR,CONTISS,4,4,S.S.C.E.  CERTIFICATE,17/12/1993,,
JP/R/441,,AMINA,MOHAMMED,HASSAN,F,CLERICAL OFFICER,PERMANENT,11/1/2012,10/1/2016,SENIOR CLERICAL OFFICER,CONTISS,5,4,DIPLOMA INFORMATION MANAGEMENT TECHNOLOGY & TECH,3/10/1986,,
JP/R/449,,ADAMU,ABBA,UMAR,M,SECURITY,PERMANENT,12/3/2012,10/1/2017,SENIOR PATROLMAN,CONTISS,3,6,S.S.C.E.  CERTIFICATE,11/8/1992,,
JP/R/459,,RHODA,,FANNAMI,F,SECURITY,PERMANENT,11/1/2012,11/1/2012,ASSISTANT PATROL SUPERVISOR,CONTISS,4,6,DIPLOMA IN COMPUTER,21/09/1985,,
JP/R/463,,SULAIMAN,,GARBA,M,CLERICAL OFFICER,PERMANENT,19/11/2012,10/1/2017,CLERICAL OFFICERII,CONTISS,3,6,S.S.C.E. CERTIFICATE,26/01/1988,,
JP/R/464,,BADAMASI,,SANI,M,LIVESTOCK ASSISTANT,PERMANENT,12/3/2012,1/10/2019,CHIEF ASSISTANT ANIMAL SUPERINTENDENT,CONTISS,5,1,S.S.C.E. CERTIFICATE,20/06/1982,,
JP/R/465,,IDRIS,SULAIMAN,YAHAYA,M,DRIVER/MECHANIC,PERMANENT,20/11/2012,20/11/2012,DRIVER III,CONTISS,2,4,S.S.C.E. CERTIFICATE IN ENV. HEALTH,10/10/1980,,
JP/R/467,,YUNIS,,EDMON,M,NIGHT WATCHMAN,PERMANENT,12/3/2012,10/1/2017,WATCHMAN I,CONTISS,2,10,PRIMARY CERT.,14/12/1964,,
JP/R/483,,IMAM,HADEJIA,HASSAN,M,OFFICE ATTENDANT,PERMANENT,12/4/2012,1/10/2019,OFFICE ATTENDANT I,CONTISS,4,5,S.S.C.E.  CERTIFICATE IMPLEMENTED AS PER DIRECTIVE ,1/2/1987,,
JP/R/553,,FATIMA,,IBRAHIM,F,PORTER,PERMANENT,15/12/2012,1/10/2019,SENIOR PORTRESS,CONTISS,4,4,S.S.C.E.  CERTIFICATE,4/4/1986,,
JP/R/554,,AISHA,,ABUBAKAR,F,PORTER,PERMANENT,15/12/2012,1/10/2019,SENIOR PORTERESS,CONTISS,4,4,S.S.C.E.  CERTIFICATE,13/09/1984,,
JP/R/563,,UMAR,,ALI,M,DRIVER/MECHANIC,PERMANENT,1/10/2013,1/10/2019,SENIOR DRIVER  I,CONTISS,5,2,S.S.C.E. CERTIFICATE,1/1/1985,,
JP/R/565,,ABDULLAHI,MUSA,USMAN,M,CLERICAL OFFICER,PERMANENT, 04/2/2013,2/4/2013,A.E.O (GENERAL),CONTISS,5,7,DIPLOMA IN ISLAMIC(MERIT),17/06/1988,,
JP/R/572,,GARZALI,,AMADU,M,NIGHT WATCHMAN,PERMANENT,30/01/2013,10/1/2017,WATCHMAN I,CONTISS,2,10,S.S.C.E.  CERTIFICATE,6/1/1976,,
JP/R/575,,IBRAHIM,,SHUAIBU,M,LIBRARY,PERMANENT,2/4/2013,1/10/2019,SENIOR LIBRARY ASSISTANT,CONTISS,4,5,S.S.C.E.  CERTIFICATE,11/2/1982,,
JP/R/576,,AKOR,,WOMBOH,M,LIBRARY,PERMANENT,2/4/2013,10/1/2017,LIBRARY ASSISTANT,CONTISS,3,6,S.S.C.E.  CERTIFICATE,4/4/1986,,
JP/R/578,,KAWU,,LAWAN,M,LIBRARY,PERMANENT,2/6/2013,10/1/2016,SENIOR LIBRARY ASSISTANT,CONTISS,4,5,S.S.C.E.  CERTIFICATE,13/09/1984,,
JP/R/579,,AMINU,,SANI,M,LIBRARY,PERMANENT,2/4/2013,10/1/2017,LIBRARY ASSISTANT,CONTISS,3,6,S.S.C.E.  CERTIFICATE,7/5/1989,,
JP/R/580,,MUHAMMAD,K.,BASHIR,M,LIBRARY,PERMANENT,2/4/2013,1/10/2019,OFFICE ATTENDENT II,CONTISS,3,7,CERTIFICATE DIP.IN INFOR TECH,1/1/1985,,
JP/R/581,,FAUSAT,,I.OYIZA,F,CLERICAL OFFICER,PERMANENT,2/1/2013,1/10/2019,CLERICAL OFFICER II,CONTISS,3,7,S.S.C.E. CERTIFICATE (DIP),17/06/1988,,
JP/R/582,,SUNUSI,,ISIYAKU,M,LABOURER,PERMANENT,31/01/2013,10/1/2017,HEAD LABOURER,CONTISS,2,7,PRIMARY CERT.,14/06/1972,,
JP/R/584,,MUKHTAR,,MADANSIR,M,LABORATORY ASSISTANT,PERMANENT,31/02/2013,31/02/2013,LABORATORY ATTENDANT,CONTISS,2,8,S.S.C.E.  CERTIFICATE,7/5/1963,,
JP/R/585,,SANI,M,SANI,M,LABORATORY ASSISTANT,PERMANENT,2/4/2013,10/1/2017,LABORATORY ASSISTANT ,CONTISS,3,6,S.S.C.E.  CERTIFICATE,1/5/1954,,
JP/R/586,,IBRAHIM,SULEIMAN,HASSAN,M,LABORATORY ASSISTANT,PERMANENT,2/4/2013,10/1/2017,LABORATORY ASSISTANT,CONTISS,3,6,S.S.C.E.  CERTIFICATE,6/6/1988,,
JP/R/587,,ABUBAKAR,,ZAKARIYYA,M,CLERICAL OFFICER,PERMANENT,19/03/2013,10/1/2016,ASSISTANT EXECUTIVE OFFICER,CONTISS,5,3,S.S.C.E.  CERTIFICATE,6/1/1976,,
JP/R/608,,KIYAWA,H.,BUHARI,M,ICT,PERMANENT,3/5/2013,10/1/2017,SENIOR ICT TECHNICIAN,CONTISS,5,3,CERT IN COMPUTER,25/02/1989,,
JP/R/614,,SULE,B.,GARBA,M,NIGHT WATCHMAN,PERMANENT,3/1/2013,10/1/2017,WATCHMAN I,CONTISS,2,7,PRIMARY CERT.,31/10/1986,,
JP/R/617,,ABDULLAHI,A.,ADAMU,M,LIBRARY,PERMANENT,3/1/2013,10/1/2017,LIBRARY ASSISTANT.,CONTISS,3,6,S.S.C.E.  CERTIFICATE,30/11/1987,,
JP/R/624,,MUHAMMAD,DANBABA,MUSA,M,CLERICAL OFFICER,PERMANENT,15/03/2013,10/1/2018,SENIOR CLERICAL OFFICER ,CONTISS,5,3,DIPLOMA IN SOCIAL ADMINISTRATION,30/05/1987,,
JP/R/660,,MUHAMMAD,B.H,JIBRIN,M,CLERICAL OFFICER,PERMANENT,4/3/2013,4/3/2013,CLERICAL OFFICER I,CONTISS,4,10,DIPLOMA IN COMPUTER,2/3/1985,,
JP/R/662,,DAHIRU,S.,MUHAMMAD,M,LIBRARY,PERMANENT,5/2/2013,1/10/2019,LIBRARY ASSISTANT,CONTISS,3,7,SSCE  CERTIFICATE,2/1/1992,,
JP/R/663,,MURTALA,,SULEIMAN,M,SECURITY,PERMANENT,4/2/2013,1/10/2019,ASSISTANT PATROL SUPERVISOR,CONTISS,4,5,S.S.C.E.  CERTIFICATE,18/05/1991,,
JP/R/664,,ALH.,ADAMU,MUSA,M,LIVESTOCK ASSISTANT,PERMANENT,4/3/2013,10/1/2017,SENIOR LIVESTOCK ASSISTANT,CONTISS,4,7,S.S.C.E.  CERTIFICATE,15/05/1972,,
JP/R/665,,BADARIYYA,WADA,AHMAD,F,CLERICAL OFFICER,PERMANENT,4/3/2013,10/1/2016,CLERICAL OFFICER I,CONTISS,3,7,S.S.C.E CERTIFICATE,7/2/1986,,
JP/R/666,,GAJI,,ALIYU,F,CLERICAL OFFICER,PERMANENT,4/3/2013,10/1/2016,CLERICAL OFFICER,CONTISS,3,7,S.S.C.E CERTIFICATE,10/2/1986,,
JP/R/667,,AHMED,SADA,USMAN,M,OFFICE ATTENDANT,PERMANENT,25/03/2013,10/1/2016,OFFICE ATTENDANT I,CONTISS,3,7,S.S.C.E.  CERTIFICATE,7/6/1988,,
JP/R/670,,MIKA ILU,,MUSA,M,CLERICAL OFFICER I,PERMANENT,4/1/2013,1/10/2019,CLERICAL OFFICER I,CONTISS,4,5,S.S.C.E CERTIFICATE,24/03/1980,,
JP/R/678,,AMINU,Y,SHEHU,M,ICT,PERMANENT,4/2/2013,4/2/2013,SENIOR ICT TECHNICIAN,CONTISS,5,8,DIPLOMA IN DATA PROCESSING,28/08/1980,,
JP/R/679,,MONICA,L.,MAITALA,F,CLERICAL OFFICER,PERMANENT,4/2/2013,10/1/2016,CLERICAL OFFICER,CONTISS,3,7,S.S.C.E CERTIFICATE,4/4/1987,,
JP/R/682,,USMAN,,BALARABE,M,CATERING,PERMANENT,1/4/2013,1/10/2019,SENIOR STEWARD ,CONTISS,4,5,S.S.C.E.  CERTIFICATE,2/2/1984,,
JP/R/683,,MUHAMMAD,,SHEHU,M,CLERICAL OFFICER,PERMANENT,4/11/2013,1/10/2019,CLERICAL OFFICER I,CONTISS,4,4,J.S.C.,10/5/1989,,
JP/R/684,,BASHIR,CHIROMA,ALIYU,M,CATERING,PERMANENT,4/1/2013,  01/10/2019,CLERICAL OFFICER I,CONTISS,4,5,S.S.C.E.  CERTIFICATE,27/03/1983,,
JP/R/687,,ABUBAKAR,,AMINU,M,OFFICE ATTENDANT,PERMANENT,4/2/2013,10/1/2017,OFFICE ATTENDANT I,CONTISS,3,6,SSCE  CERTIFICATE,4/4/1988,,
JP/R/690,,LAWAN,,ABDULMAJID,M,ICT,PERMANENT,16/04/2013,16/04/2013,I.C.T. ATTENDANT,CONTISS,2,9,S.S.C.E.  CERTIFICATE,17/04/1983,,
JP/R/692,,SHU’AIBU,,SHEHU,M,CLERICAL OFFICER,PERMANENT,16/04/2013,1/10/2019,CLERICAL OFFICER I,CONTISS,4,5,S.S.C.E CERTIFICATE,20/07/1977,,
JP/R/699,,ZAINAB,SAID,YAU,F,CLERICAL OFFICER,PERMANENT,5/2/2013,1/10/2019,CLERICAL OFFICER I,CONTISS,4,4,S.S.C.E CERTIFICATE,16/07/1991,,
JP/R/703,,MAHABUB,UMAR,MUHAMMAD,M,ICT,PERMANENT,5/2/2013,10/1/2017,SENIOR ICT  TECHNICIAN,CONTISS,5,3,INTERNATIONAL DIPLOMA  IN COMPUTER,13/09/1984,,
JP/R/704,,MUHAMMAD,,ADO,M,DRIVER/MECHANIC,PERMANENT,16/04/2013,1/10/2019,SENIOR DRIVER ,CONTISS,5,2,TRADE TEST,3/6/1972,,
JP/R/705,,ISYAKU,R.,MAIKUDI,M,DRIVER/MECHANIC,PERMANENT,16/04/2013,10/1/2017,DRIVER  I,CONTISS,4,6,TRADE TEST,20/06/1973,,
JP/R/706,,MUHAMMAD,,RABI’U,M,DRIVER/MECHANIC,PERMANENT,16/04/2013,10/1/2017,DRIVER  II,CONTISS,3,6,"TRADE TEST I,II,III",11/2/1978,,
JP/R/707,,AISHATU,,ABBA,F,CLERICAL OFFICER,PERMANENT,16/04/2013,16/04/2013,CLERICAL OFFICER II,CONTISS,3,7,S.S.C.E CERTIFICATE,7/1/1975,,
JP/R/708,,YUSIF,,ABDU,M,CRAFTSMAN,PERMANENT,5/2/2013,1/10/2019,FOREMAN (ELECTRICAL),CONTISS,5,1,CERTIFICATE IN ELECTRICAL,16/05/1982,,
JP/R/709,,ADAMU,,IBRAHIM,M,CRAFTSMAN,PERMANENT,5/2/2013,10/1/2017,CRAFTMAN,CONTISS,3,6,TRADE TEST,6/6/1991,,
JP/R/710,,MUHAMMAD,,ALIYU,M,CRAFTSMAN,PERMANENT,5/2/2013,1/10/2019,FOREMAN (CARPENTRY),CONTISS,5,2,CERTIFICATE IN CARPENTRY,3/1/1986,,
JP/R/711,,ISMAIL,,GARBA,M,CRAFTSMAN,PERMANENT,5/2/2013,10/1/2018,CRAFTSMAN,CONTISS,3,5,"TRADE TEST I,II,III",1/10/1975,,
JP/R/713,,SULE,,SANI,M,LABORATORY ASSISTANT,PERMANENT,5/2/2013,1/10/2019,SENIOR LABORATORY ASSISTANT,CONTISS,4,4,S.S.C.E  CERTIFICATE,1/10/1991,,
JP/R/714,,YUNUSA,,ADO,M,LABORATORY ASSISTANT,PERMANENT,5/2/2013,1/10/2019,SENIOR LABORATORY ASSISTANT,CONTISS,4,5,S.S.C.E  CERTIFICATE,22/09/1992,,
JP/R/715,,SAIDU,M.,ADAMU,M,LABORATORY ASSISTANT,PERMANENT,5/2/2013,1/10/2019,LABORATORY ATTENDANT I,CONTISS,3,7,SSCE  CERTIFICATE,10/6/1994,,
JP/R/718,,LATIFAT,A.,ADENIRAN,F,OFFICE ATTENDANT,PERMANENT,5/10/2013,1/10/2019,SENIOR PORTRESS,CONTISS,4,5,SSCE  CERTIFICATE,27/04/1982,,
JP/R/719,,ISYAKU,T.,TAHIR,M,OFFICE ATTENDANT,PERMANENT,5/2/2013,1/10/2019,OFFICE ATTENDANT I,CONTISS,4,9,SSCE  CERTIFICATE,29/12/1988,,
JP/R/721,,AMINU,GIADE,UMAR,M,OFFICE ATTENDANT,PERMANENT,5/2/2013,5/2/2013,OFFICE ATTENDANT ,CONTISS,2,7,SSCE  CERTIFICATE,2/6/1986,,
JP/R/731,,ISMA’IL,,JABIRU,M,OFFICE ATTENDANT,PERMANENT,5/2/2013,1/10/2019,OFFICE ATTENDANT II,CONTISS,3,6,SSCE  CERTIFICATE,31/08/1994,,
JP/R/732,,HASSANA,,HARUNA,F,LIBRARY,PERMANENT,5/2/2013,0110/2019,SENIOR LIBRARY ASSISTANT,CONTISS,4,5,SSCE  CERTIFICATE,28/03/1982,,
JP/R/733,,MUSTAPHA,,IDRIS,M,LIBRARY,PERMANENT,5/2/2013,1/10/2019,SENIOR LIBRARY ASSISTANT,CONTISS,4,4,SSCE  CERTIFICATE,15/04/1984,,
JP/R/734,,NAZIFI,,SABI’U,M,OFFICE ATTENDANT,PERMANENT,26/04/2013,1/10/2019,OFFICE ATTENDANT II ,CONTISS,3,7,SSCE  CERTIFICATE,13/07/1982,,
JP/R/736,,YA’U,,ABDULLAHI,M,LABOURER,PERMANENT,25/04/2013,10/1/2017,HEAD LABOURER,CONTISS,2,7,SSCE  CERTIFICATE,2/5/1978,,
JP/R/737,,ABDULLAHI,,GARBA,M,LABOURER,PERMANENT,25/05/2013,10/1/2017,HEAD LABOURER,CONTISS,2,7,PRIMARY CERT.,2/3/1990,,
JP/R/740,,SAAD,M.,SANI,M,LABOURER,PERMANENT,5/9/2013,10/1/2017,HEAD LABOURER,CONTISS,2,6,PRIMARY CERT,12/3/1972,,
JP/R/741,,HARUNA,A.,YAYA,F,LABOURER,PERMANENT,17/05/2013,10/1/2017,HEAD LABOURER,CONTISS,2,7,PRIMARY CERT.,10/11/1980,,
JP/R/747,,HANNATU,,BALA,F,ENVIRONMENTAL,PERMANENT,6/3/2013,10/1/2016,ASSISTANT ENVIRONMENTAL HEALTH OFFICER,CONTISS,5,4,CERTIFICATE IN ENVIRONMENTAL HEALTH,23/11/1985,,
JP/R/748,,ISAH,,SUNUSI,M,LABOURER,PERMANENT,20/05/2013,10/1/2017,HEAD LABOURER,CONTISS,2,6,PRIMARY CERT.,1/2/1992,,
JP/R/750,,RABIU,,ABDULLAHI,M,LABOURER,PERMANENT,21/05/2013,10/1/2017,HEAD LABOURER,CONTISS,2,6,PRIMARY CERT.,3/2/1978,,
JP/R/752,,DANLADI,SGT.,AHMED,M,SECURITY,PERMANENT,20/05/2013,10/1/2018,PATROL SUPERVISOR,CONTISS,5,1,SSCE  CERTIFICATE,6/1/1984,,
JP/R/756,,HINDATU,FAGOJI,AHMAD,F,LABOURER,PERMANENT,30/09/2013,10/1/2017,HEAD LABOURER,CONTISS,2,6,PRIMARY CERT.,10/9/1983,,
JP/R/757,,HADIZA,DUTSE,ADAMU,F,LABOURER,PERMANENT,21/05/2013,10/1/2017,HEAD LABOURER,CONTISS,2,6,PRIMARY CERT.,30/05/1973,,
JP/R/758,,YUSUF,,USMAN,M,LABOURER,PERMANENT,6/4/2013,10/1/2017,HEAD LABOURER,CONTISS,2,5,SSCE  CERTIFICATE,15/07/1985,,
JP/R/759,,MUNTARI,,SALEH,M,OFFICE ATTENDANT,PERMANENT,21/05/2013,1/10/2019,OFFICE ATTENDANT II,CONTISS,3,6,SSCE  CERTIFICATE,21/12/1986,,
JP/R/760,,AUWALU,,KABIRU,M,OFFICE ATTENDANT,PERMANENT,22/05/2013,10/1/2017,OFFICE ATTENDANT I,CONTISS,3,6,SSCE  CERTIFICATE,1/6/1982,,
JP/R/768,,IBRAHIM,,SHA’AIBU,M,FARM LABOURER,PERMANENT,6/10/2013,10/1/2017,FARM LABORER I,CONTISS,2,6,PRIMARY CERT.,20/11/1968,,
JP/R/775,,SALISU,,YUSIF,M,FARM LABOURER,PERMANENT,6/10/2013,10/1/2017,FARM LABOURER I,CONTISS,2,6,PRIMARY CERT.,1/2/1976,,
JP/R/778,,ZUBAIRU,,HARUNA,M,FARM LABOURER,PERMANENT,6/10/2013,10/1/2017,FARM LABOURER I,CONTISS,2,6,PRIMARY CERT.,1/8/1993,,
JP/R/780,,MUHAMMAD,TSIRMA,ABDULLAHI,M,FARM LABOURER,PERMANENT,6/10/2013,10/1/2017,FARM LABOURER ,CONTISS,2,6,PRIMARY CERT.,7/7/1986,,
JP/R/781,,JIBRIN,,HAMZA,M,LABOURER,PERMANENT,6/12/2013,10/1/2017,HEAD LABOURER,CONTISS,2,6,PRIMARY CERT.,6/1/1975,,
JP/R/782,,USMAN,AMAR,MUHAMMAD,M,AGRICULTURAL,PERMANENT,17/07/2013,10/1/2017,FARM ASSISTANT,CONTISS,3,6,SSCE  CERTIFICATE,1/8/1977,,
JP/R/783,,ADAMU,S/FULANI,UMAR,M,AGRICULTURAL,PERMANENT,17/06/2013,10/1/2017,FARM ASSISTANT,CONTISS,3,6,SSCE  CERTIFICATE,2/6/1987,,
JP/R/784,,SANI,,AUWALU,M,LIVESTOCK ASSISTANT,PERMANENT,6/11/2013,10/1/2017,SENIOR FARM ASSISTANT ,CONTISS,4,4,SSCE  CERTIFICATE,12/2/1985,,
JP/R/785,,MUHD,SHAFI’U,ADAMU,M,CLERICAL,PERMANENT,6/10/2013,1/10/2019,SENIOR CLERICAL OFFICER,CONTISS,5,1,SSCE  CERTIFICATE,11/4/1983,,
JP/R/786,,YAHAYA,,YA’U,M,OFFICE ATTENDANT,PERMANENT,6/10/2013,6/10/2013,OFFICE ATTENDANT II,CONTISS,3,6,SSCE  CERTIFICATE,2/3/1993,,
JP/R/788,,AHMED,,ABUBAKAR,M,FARM LABOURER,PERMANENT,6/10/2013,1/10/2019,SENIOR FARM ASSISTANT ,CONTISS,4,4,SSCE  CERTIFICATE,3/1/1986,,
JP/R/792,,ADAMU,,SADA,M,CLERICAL OFFICER,PERMANENT,24/06/2013,1/10/2019,CLERICAL OFFICER I,CONTISS,4,4,S.S.C.E CERTIFICATE,26/08/1983,,
JP/R/793,,ADAMU,,MUHAMMAD,M,OFFICE ATTENDANT,PERMANENT,24/06/2013,1/10/2019,OFFICE ATTENDANT I,CONTISS,4,4,S.S.C.E  CERTIFICATE,6/1/1988,,
JP/R/794,,ADAMU,,ISAH,M,OFFICE ATTENDANT,PERMANENT,18/06/2013,1/10/2019,OFFICE ATTENDANT I,CONTISS,4,4,SSCE  CERTIFICATE,2/3/1983,,
JP/R/795,,YAKUBU,,NUHU,M,CLERICAL OFFICER (ACCOUNTS),PERMANENT,18/06/2013,10/1/2016,CLERICAL OFFICER I ( ACCOUNTS),CONTISS,4,3,SSCE  CERTIFICATE,20/04/1970,,
JP/R/799,,RUTH,,YUNANA,F,ICT,PERMANENT,7/1/2013,1/10/2019,SENIOR ICT TECHNICIAN,CONTISS,5,3,DIPLOMA IN MARKETING,12/6/1986,,
JP/R/820,,SANI,,ISAH,M,CLERICAL OFFICER,PERMANENT,23/07/2013,10/1/2018,CLERICAL OFFICER I,CONTISS,4,2,SSCE  CERTIFICATE,4/4/1987,,
JP/R/824,,SANI,UMAR,MUHAMMAD,M,CLERICAL OFFICER,PERMANENT,23/07/2013,23/07/2013,A.E.O (GENERAL),CONTISS,5,7,DIPLOMA IN QUR’AN STUDIES/ ARABIC EDUCATION,10/12/1987,,
JP/R/825,,DAHIRU,,ABUBAKAR,M,SECURITY,PERMANENT,22/07/2013,10/1/2016,SENIOR PATROLMAN,CONTISS,3,6,SSCE  CERTIFICATE,25/03/1972,,
JP/R/826,,BAKO,,HUSSEINI,M,CRAFTSMAN,PERMANENT,15/07/2013,10/1/2016,CRAFTSMAN (ELECTRICAL),CONTISS,3,5,SSCE  CERTIFICATE,27/01/1986,,
JP/R/827,,MOHD,KAWU,MUHKTAR,M,CLERICAL OFFICER,PERMANENT,15/08/2013,1/10/2019,CLERICAL OFFICER I,CONTISS,4,4,SSCE  CERTIFICATE,15/02/1984,,
JP/R/828,,ABDULLAHI,,MUNNIR,M,CLERICAL OFFICER,PERMANENT,23/07/2013,10/1/2016,A.E.O,CONTISS,5,3,N.C.E,13/02/1988,,
JP/R/830,,YUSIF,HASKE,ABDULLAHI,M,SECURITY,PERMANENT,15/07/2013,15/07/2013,PATROL SUPERVISOR,CONTISS,5,7,DIPLOMA IN CIVIL LAW ,21/06/1983,,
JP/R/831,,INUWA,,SALISU,M,SECURITY,PERMANENT,15/07/2013,1/10/2019,ASSISTANT PATROL SUPERVISOR,CONTISS,4,4,SSCE  CERTIFICATE,3/3/1993,,
JP/R/832,,ADAMU,,MAGAJI,M,WATCHMAN ,PERMANENT,15/07/2013,7/11/2017,SENIOR PATROLMAN,CONTISS,3,4,SSCE  CERTIFICATE,2/1/1978,,
JP/R/833,,MUHAMMAD,,SALISU,M,SECURITY,PERMANENT,17/07/2013,10/1/2017,SENIOR PATROLMAN,CONTISS,3,6,SSCE  CERTIFICATE,22/05/1990,,
JP/R/834,,IDRIS,ADAMU,KAMALU,M,CRAFTSMAN,PERMANENT,16/07/2013,10/1/2016,SENIOR CRAFTMAN,CONTISS,4,4,S.S.C.E CERTIFICATE,3/6/1987,,
JP/R/839,,ISAH,,HARUNA,M,LABOURER,PERMANENT,16/07/2013,10/1/2017,HEAD LABOURER,CONTISS,2,6,PRIMARY CERT,10/3/1987,,
JP/R/841,,ISYAKU,DUTSE,SANI,M,DRIVER/MECHANIC,PERMANENT,18/07/2013,1/10/2019,SENIOR DRIVER,CONTISS,5,2,TRADE TEST,4/5/1978,,
JP/R/843,,YAHAYA,,SULE,M,CATERING,PERMANENT,7/1/2013,1/10/2019,HEAD COOK ,CONTISS,4,4,PRIMARY CERT,21/08/1976,,
JP/R/846,,HUSSEINI,I.,BALARABE,M,CATERING,PERMANENT,16/07/2013,1/10/2019,HEAD STEWARD ,CONTISS,4,4,SSCE  CERTIFICATE,16/05/1987,,
JP/R/852,,SALEH,,ZAHARADDEEN,M,SECURITY,PERMANENT,8/1/2013,0/10/2019,ASSISTANT PATROL SUPERVISOR,CONTISS,4,4,SSCE  CERTIFICATE,17/02/1985,,
JP/R/854,,ADAMU,,ABDULRAHMAN,M,SECURITY,PERMANENT,8/1/2013,10/1/2017,SENIOR PATROLMAN,CONTISS,3,6,PRIMARY CERT.,31/03/1973,,
JP/R/856,,DAHIRU,,GAMBO,M,SECURITY,PERMANENT,8/1/2013,10/1/2017,SENIOR PATROLMAN,CONTISS,3,6,SSCE  CERTIFICATE,8/8/1993,,
JP/R/863,,SULEIMAN,DANBIRNI,MUHAMMED,M,LABOURER,PERMANENT,18/09/2013,10/1/2017,HEAD LABOURER,CONTISS,2,6,SSCE CERTIFICATE.,5/1/1976,,
JP/R/864,,ISHAQ,,KAMAL,M,SECURITY,PERMANENT,10/2/2013,10/1/2017,SENIOR PATROLMAN,CONTISS,2,6,SSCE  CERTIFICATE,27/03/1987,,
JP/R/865,,BAFFA,,SALEH,M,OFFICE ATTENDANT,PERMANENT,10/3/2013,10/1/2017,OFFICE ATTENDANT I,CONTISS,3,5,SSCE  CERTIFICATE,7/10/1985,,
JP/R/868,,SHEHU,,HAMZA,M,OFFICE ATTENDANT,PERMANENT,10/8/2013,10/1/2017,FARM ATTENDANT,CONTISS,2,9,PRIMARY CERTIFICATE,1/1/1987,,
JP/R/893,,ZABBA’U,,HARUNA,F,OFFICE ATTENDANT,PERMANENT,30/09/2013,10/1/2018,OFFICE ATTENDANT II,CONTISS,3,5,SSCE  CERTIFICATE,5/2/1991,,
JP/R/896,,MUSTAPHA,ABUBAKAR,BALA,M,ICT,PERMANENT,30/09/2013,1/10/2019,SENIOR ICT TECHNICIAN,CONTISS,5,1,DIPLOMA IN INFORMATION TECH.,1/1/1982,,
JP/R/897,,ABDU,,SA’IDU,M,OFFICE ATTENDANT,PERMANENT,10/10/2013,10/1/2017,OFFICE ATTENDANT I ,CONTISS,3,6,SSCE  CERTIFICATE,15/05/1989,,
JP/R/919,,ALIYU,AHMED,ALIYU,M,CLERICAL OFFICER,PERMANENT,10/10/2013,10/1/2017,CLERICAL OFFICER ,CONTISS,4,4,S.S.C.E CERTIFICATE,16/03/1970,,
JP/R/943,,RABI’U,,ASHIRU,M,CRAFTSMAN,PERMANENT,14/10/2013,10/1/2017,CRAFTSMAN,CONTISS,3,6,"TRADE TEST I,II,III",17/04/1989,,
JP/R/947,,RAKIYA,,MUSA,F,CLEANER,PERMANENT,10/11/2013,10/1/2017,HEAD CLEANER,CONTISS,2,5,PRIMARY CERT.,15/05/1988,,
JP/R/951,,IBRAHIM,,MUSA,M,DRIVER/MECHANIC,PERMANENT,28/10/2013,10/1/2017,DRIVER I,CONTISS,4,4,"TRADE TEST I,II,III",10/2/1978,,
JP/R/953,,SUNUSI,,ISMA’IL,M,SECURITY,PERMANENT,11/12/2013,10/1/2017,SENIOR PATROLMAN,CONTISS,3,6,SSCE  CERTIFICATE,4/1/1992,,
JP/R/956,,SANI,,NURA,M,SECURITY,PERMANENT,13/11/2013,10/1/2017,SENIOR PATROLMAN,CONTISS,3,6,SSCE  CERTIFICATE,15/05/1984,,
JP/R/957,,IBRAHIM,,ISA,M,CRAFTSMAN,PERMANENT,13/11/2013,10/1/2018,CRAFTSMAN,CONTISS,3,5,"TRADE TEST I,II,III",5/9/1980,,
JP/R/961,,SURAJO,MUHAMMAD,YUNUSA,M,TECHNICAL,PERMANENT,11/12/2013,11/12/2013,TECHNICAL OFFICER,CONTISS,5,7,DIPLOMA IN PURCHASING &SUPPLY,18/12/1986,,
JP/R/964,,MOHAMMED,,ALI,M,DRIVER/MECHANIC,PERMANENT,18/11/2013,10/1/2017,DRIVER/ MECHANIC II,CONTISS,3,6,"TRADE TEST I,II,III",13/01/1985,,
JP/R/970,,FATIMA,,HAYATU,F,OFFICE ATTENDANT,PERMANENT,14/11/2013,1/10/2019,OFFICE ATTENDANT II,CONTISS,3,6,SSCE  CERTIFICATE,16/06/1992,,
JP/R/971,,UMAR,HASSAN,SA’IDU,M,OFFICE ATTENDANT,PERMANENT,14/11/2013,10/1/2017,OFFICE ATTENDANT I,CONTISS,4,4,SSCE  CERTIFICATE,12/9/1994,,
JP/R/979,,RUFA’I,,KHALID,M,SECURITY,PERMANENT,24/11/2013,10/1/2017,SENIOR PATROLMAN,CONTISS,3,6,SSCE  CERTIFICATE,14/03/1984,,
JP/R/984,,ISMA’IL,,ABBA,M,OFFICE ATTENDANT,PERMANENT,12/10/2013,1/10/2019,OFFICE ATTENDANT II,CONTISS,3,5,SSCE  CERTIFICATE,10/5/1987,,
JP/R/987,,GARBA,,MOHAMMED,M,LABOURER,PERMANENT,12/11/2013,10/1/2017,HEAD LABORER,CONTISS,2,6,PRIMARY CERT.,17/03/1967,,
JP/R/989,,SURAJO,,JIBRIN,M,SECURITY,PERMANENT,12/5/2013,10/1/2017,SENIOR PATROLMAN,CONTISS,3,5,SSCE  CERTIFICATE,14/02/1989,,
JP/R/990,,SULEIMAN,,AUWAL,M,LABOURER,PERMANENT,12/11/2013,10/1/2017,HEAD LABORER,CONTISS,2,5,PRIMARY CERT.,15/03/1988,,
JP/R/991,,GHALI,,ABUBAKAR,M,NIGHT WATCHMAN,PERMANENT,12/5/2013,10/1/2017,WATCHMAN I,CONTISS,2,5,PRIMARY CERT.,26/03/1982,,
JP/R/992,,AUWALU,FAGOJI,SULE,M,OFFICE ATTENDANT,PERMANENT,12/10/2013,10/1/2017,OFFICE ATTENDANT I,CONTISS,3,5,SSCE  CERTIFICATE,10/2/1985,,
JP/R/993,,AHMED,,BALA,M,SECURITY,PERMANENT,12/4/2013,10/1/2017,SENIOR PATROLWOMAN,CONTISS,3,5,SSCE  CERTIFICATE,16/04/1981,,
JP/R/994,,JAMIMA,,JOSEPH,F,SECURITY,PERMANENT,12/4/2013,10/1/2017,SENIOR PATROLWOMAN,CONTISS,3,5,SSCE  CERTIFICATE,28/01/1986,,
JP/R/997,,DAYYABU,ABUBAKAR,BALA,M,OFFICE ATTENDANT,PERMANENT,12/11/2013,1/10/2019,OFFICE ATTENDANT II,CONTISS,3,6,SSCE  CERTIFICATE,22/03/1987,,
JP/R/998,,ALI,,ILU,M,SECURITY,PERMANENT,12/9/2013,10/1/2017,SENIOR PATROLWOMAN,CONTISS,3,5,SSCE  CERTIFICATE,11/11/1987,,
JP/R/999,,MIKO,,IDRIS,M,SECURITY,PERMANENT,12/9/2013,10/1/2017,SENIOR PATROLMAN,CONTISS,3,6,SSCE  CERTIFICATE,12/12/1980,,
JP/R/1000,,SULAIMAN,,HARUNA,M,OFFICE ATTENDANT,PERMANENT,12/10/2013,10/1/2017,OFFICE ATTENDANT I,CONTISS,3,6,SSCE  CERTIFICATE,1/8/1990,,
JP/R/1001,,YUNUSA,IBRAHIM,AHMED,M,OFFICE ATTENDANT,PERMANENT,12/10/2013,12/10/2013,OFFICE ATTENDANT I,CONTISS,3,5,SSCE  CERTIFICATE,1/7/1992,,
JP/R/1002,,BARA’ATU,SANI,MUHAMMAD,F,OFFICE ATTENDANT,PERMANENT,12/11/2013,10/1/2017,OFFICE ATTENDANT II,CONTISS,3,6,SSCE  CERTIFICATE,5/3/1980,,
JP/R/1003,,GARBA,HASSAN,HASSAN,M,OFFICE ATTENDANT,PERMANENT,12/11/2013,10/1/2017,OFFICE ATTENDANT I,CONTISS,3,6,SSCE  CERTIFICATE,1/2/1988,,
JP/R/1004,,ABDULKARIM,AHMED,KHALID,M,OFFICE ATTENDANT,PERMANENT,12/10/2013,10/1/2017,OFFICE ATTENDANT I,CONTISS,3,6,CERTIFICATE IN AGRO FORESTRY,9/10/1976,,
JP/R/1006,,HALIMA,,SULAIMAN,F,OFFICE ATTENDANT,PERMANENT,12/10/2013,10/1/2017,OFFICE ATTENDANT I,CONTISS,3,6,SSCE  CERTIFICATE,1/4/1988,,
JP/R/1007,,ADAMU,,ISAH,M,CLERICAL OFFICER,PERMANENT,12/10/2013,10/1/2017,CLERICAL OFFICER II,CONTISS,3,6,SSCE  CERTIFICATE,14/03/1993,,
JP/R/1008,,YUSUF,,USMAN,M,OFFICE ATTENDANT,PERMANENT,12/10/2013,10/1/2017,OFFICE ATTENDANT I,CONTISS,3,6,SSCE  CERTIFICATE,14/10/1984,,
JP/R/1009,,AMINU,,HAMISU,M,SECURITY,PERMANENT,12/6/2013,10/1/2017,SENIOR PATROLMAN,CONTISS,3,6,SSCE  CERTIFICATE,1/5/1974,,
JP/R/1010,,MUSTAPHA,,ALI,M,SECURITY,PERMANENT,12/6/2013,10/1/2017,SENIOR PATROLMAN,CONTISS,3,6,SSCE  CERTIFICATE,1/1/1983,,
JP/R/1011,,AMINU,,DATTI,M,CLERICAL OFFICER,PERMANENT,12/11/2013,10/1/2017,CLERICAL OFFICER II,CONTISS,3,6,S.S.C.E CERTIFICATE,15/06/1992,,
JP/R/1013,,DANLAMI Y.,,SADIQ,M,OFFICE ATTENDANT,PERMANENT,12/10/2013,10/1/2017,OFFICE ATTENDANT I,CONTISS,3,6,SSCE  CERTIFICATE,8/8/1992,,
JP/R/1018,,MUKHTAR,,UMAR,M,CLERICAL OFFICER,PERMANENT,12/11/2013,10/1/2017,CLERICAL OFFICER II,CONTISS,3,6,S.S.C.E CERTIFICATE,1/1/1993,,
JP/R/1019,,ADO,,ALI,M,DRIVER/MECHANIC,PERMANENT,12/11/2013,10/1/2017,DRIVER II,CONTISS,3,6,"TRADE TEST I,II,III",3/5/1979,,
JP/R/1022,,ABU,,SULEIMAN,F,LABOURER,PERMANENT,12/11/2013,10/1/2017,HEAD LABORER,CONTISS,2,6,PRIMARY CERT.,21/10/1983,,
JP/R/1023,,ZAKARI,ISMA’IL,BARMO,M,OFFICE ATTENDANT,PERMANENT,12/12/2013,12/12/2013,OFFICE ATTENDANT II,CONTISS,2,7,SSCE  CERTIFICATE,20/05/1985,,
JP/R/1024,,MOHAMMED,,UMAR,M,CLERICAL OFFICER,PERMANENT,12/11/2013,10/1/2017,CLERICAL OFFICER II,CONTISS,3,6,S.S.C.E CERTIFICATE,2/3/1985,,
JP/R/1028,,DANBABA,,IBRAHIM,M,CLERICAL OFFICER,PERMANENT,17/12/2013,10/1/2017,CLERICAL OFFICER II,CONTISS,3,6,DIPLOMA PUBLIC ADMIN,7/3/1988,,
JP/R/1030,,ADAMU,,ABDULLAHI,M,SECURITY,PERMANENT,16/12/2013,10/1/2017,SENIOR PATROLMAN,CONTISS,3,6,SSCE  CERTIFICATE,13/10/1987,,
JP/R/1031,,RUQAYYA,EL-GAMBO,MUHAMMAD,F,ICT,PERMANENT,16/12/2013,10/1/2015,ICT TECHNICIAN,CONTISS,4,4,"PROFESSIONAL DIP,IN ELECTRONIC",14/04/1982,,
JP/R/1033,,ADAMU,,YUNUSA,M,SECURITY,PERMANENT,16/12/2013,10/1/2017,SENIOR PATROLMAN,CONTISS,3,6,SSCE  CERTIFICATE,18/03/1987,,
JP/R/1034,,IKILIMA,,HASHIM,F,CLERICAL OFFICER,PERMANENT,17/12/2013,10/1/2017,CLERICAL OFFICER II,CONTISS,3,6,S.S.C.E CERTIFICATE,25/09/1994,,
JP/R/1035,,AYUBA,ALIYU,ALIYU,M,STORE ASSISTANT/OFFICER,PERMANENT,12/7/2013,10/1/2017,STORE KEEPER,CONTISS,3,6,S.S.C.E.  CERTIFICATE,25/04/1985,,
JP/R/1039,,TANIMU,,ABDULMUDALLIB,M,LABOURER,PERMANENT,16/01/2014,10/1/2017,HEAD LABOURER,CONTISS,2,6,PRIMARY CERT,16/08/1970,,
JP/R/1043,,ADAMU,,ALI,M,CLERICAL OFFICER,PERMANENT,1/8/2014,10/1/2017,CLERICAL OFFICER I,CONTISS,4,4,N.C.E,23/03/1988,,
JP/R/1046,,UBA,,KARGO,M,FARM LABOURER,PERMANENT,23/01/2014,10/1/2017,FARM LABOURER I,CONTISS,2,6,PRIMARY CERT,1/2/1974,,
JP/R/1047,,AUWALU,,TELA,M,LABOURER,PERMANENT,23/01/2014,10/1/2017,HEAD LABOURER,CONTISS,2,6,PRIMARY  CERT,24/06/1975,,
JP/R/1049,,SAMUEL,,HYELAKI,M,FIRE SERVICE,PERMANENT,23/01/2014,10/1/2017,FIRE ASSISTANT II,CONTISS,3,6,CERTIFICATE IN FIRE   FIGHTER,21/01/1989,,
JP/R/1050,,SHEHU,,MUHAMMED,M,LABOURER,PERMANENT,23/01/2014,10/1/2017,HEAD LABOURER,CONTISS,2,6,PRIMARY  CERT,3/5/1979,,
JP/R/1051,,YAHAYA,,JIBRIN,M,LABOURER,PERMANENT,23/01/2014,10/1/2017,HEAD LABOURER,CONTISS,2,6,PRIMARY CERT,5/5/1962,,
JP/R/1052,,BALA,,BASHARI,M,LABOURER,PERMANENT,23/01/2014,10/1/2017,HEAD LABOURER,CONTISS,2,6,PRIMARY CERT,12/11/1979,,
JP/R/1053,,AHMED,,JIBRIN,M,OFFICE ATTENDANT,PERMANENT,15/07/2014,10/1/2017,OFFICE ATTENDANT I,CONTISS,3,6,SSCE  CERTIFICATE,6/3/1986,,
JP/R/1054,,KABIRU,,RABI’U,M,LABOURER,PERMANENT,23/01/2014,10/1/2018,HEAD LABOURER,CONTISS,2,6,JSS,25/02/1981,,
JP/R/1055,,IBRAHIM,,MUHAMMED,M,LABOURER,PERMANENT,23/01/2014,10/1/2017,HEAD LABOURER,CONTISS,2,6,PRIMARY  CERT,1/3/1987,,
JP/R/1056,,ISMAILA,,ADAMU,M,OFFICE ATTENDANT,PERMANENT,24/01/2014,10/1/2017,OFFICE ATTENDANT I,CONTISS,3,6,SSCE  CERTIFICATE,22/01/1975,,
JP/R/1057,,JIBRIN JIBRIN,,IBRAHIM,M,OFFICE ATTENDANT,PERMANENT,27/01/2014,10/1/2018,OFFICE ATTENDANT II,CONTISS,3,5,SSCE  CERTIFICATE,13/06/1982,,
JP/R/1058,,ABDULMUTALIB,,MAHMUD,M,SECURITY,PERMANENT,30/01/2014,10/1/2017,SENIOR PATROLMAN,CONTISS,3,5,SSCE  CERTIFICATE,16/09/1986,,
JP/R/1059,,SADIYA,BABA,ALHAJI,F,ENVIRONMENTAL,PERMANENT,2/3/2014,2/3/2014,SENIOR ENVIRONMENTAL HEALTH ASSISTANT,CONTISS,4,4,CERTIFICATE IN COMMUNITY HEALTH EXTENSION,12/2/1991,,
JP/R/1060,,ALIKO,,MUSTAPHA,M,SECURITY,PERMANENT,2/5/2014,10/1/2017,SENIOR PATROLMAN,CONTISS,3,6,SSCE  CERTIFICATE,2/7/1985,,
JP/R/1061,,UMAR,A,SULEIMAN,M,SECURITY,PERMANENT,2/6/2014,10/1/2017,SENIOR PATROLMAN,CONTISS,3,6,SSCE  CERTIFICATE,10/9/1985,,
JP/R/1062,,MUKHTAR,,SABO,M,SECURITY,PERMANENT,2/6/2014,10/1/2017,SENIOR PATROLMAN,CONTISS,3,6,SSCE  CERTIFICATE,16/08/1990,,
JP/R/1063,,SHEHU,,SALISU,M,SECURITY,PERMANENT,2/11/2014,10/1/2017,SENIOR PATROLMAN,CONTISS,3,6,SSCE  CERTIFICATE,8/3/1993,,
JP/R/1064,,MUHAMMAD,,ABDULLAHI,M,SECURITY,PERMANENT,11/11/2013,10/1/2017,SENIOR PATROLMAN,CONTISS,3,6,SSCE  CERTIFICATE,1/3/1986,,
JP/R/1066,,MUSA,,SULAIMAN,M,SECURITY,PERMANENT,2/6/2014,10/1/2017,SENIOR PATROLMAN,CONTISS,3,6,SSCE  CERTIFICATE,21/08/1993,,
JP/R/1067,,SULEMAN,,YAHAYA,M,SECURITY,PERMANENT,2/6/2014,10/1/2017,SENIOR PATROLMAN,CONTISS,3,6,SSCE  CERTIFICATE,22/06/1987,,
JP/R/1068,,NASIR,LAWAN,MUHAMMAD,M,SECURITY,PERMANENT,2/6/2014,10/1/2017,SENIOR PATROLMAN,CONTISS,3,6,SSCE  CERTIFICATE,3/3/1989,,
JP/R/1069,,HARISU,,GARBA,M,SECURITY,PERMANENT,2/10/2014,10/1/2017,SENIOR PATROLMAN,CONTISS,3,6,SSCE  CERTIFICATE,2/9/1984,,
JP/R/1070,,ABDULLAHI,,ALIYU,M,SECURITY,PERMANENT,2/12/2014,10/1/2017,SENIOR PATROLMAN,CONTISS,3,6,SSCE  CERTIFICATE,7/1/1987,,
JP/R/1082,,INUSA,,MUSA,M,GROUNDSMAN,PERMANENT,23/12/2016,26/12/2016,GROUNDSMAN ASSISTANT,CONTISS,2,5,S.S.C.E  CERTIFICATE,2/2/1984,,
JP/R/1083,,NASIRU,,AHMADU,M,GROUNDSMAN,PERMANENT,26/12/2016,26/12/2016,GROUNDS MAN,CONTISS,1,7,PRIMARY CERT,2/5/1994,,
JP/R/1088,,AHMAD,,MUHAMMAD,M,GROUNDSMAN,PERMANENT,23/12/2016,23/12/2016,HEAD GROUNDS MAN,CONTISS,2,7,S.S.C.E  CERTIFICATE,20/02/1991,,
JP/R/1116,,BALA,,UBA,M,CLERICAL OFFICER,PERMANENT,14/05/2014,14/05/2014,A.E.O (GENERAL),CONTISS,5,6,DIPLOMA IN LAW,25/07/1989,,
JP/R/1117,,MATI,,USMAN,M,LIVESTOCK ASSISTANT,PERMANENT,19/05/2014,10/1/2017,ANIMAL HEALTH ASSISTANT,CONTISS,3,5,"DIP, IN LIVESTOCK MGT & PRODUCTION",10/7/1983,,
JP/R/1133,,ABUBAKAR,,ABDULSSALAM,M,CLERICAL OFFICER,PERMANENT,22/05/2014,10/1/2017,CLERICAL OFFICER II,CONTISS,3,5,SSCE  CERTIFICATE,13/04/1989,,
JP/R/1134,,SHAMSIDDINI,,SANI,M,OFFICE ATTENDANT,PERMANENT,22/05/2014,22/05/2014,OFFICE ATTENDANT II,CONTISS,2,6,S.S.C.E  CERTIFICATE,20/09/1989,,
JP/R/1136,,SULEIMAN,,IBRAHIM,M,CLERICAL OFFICER (ACCOUNTS),PERMANENT,23/05/2014,10/1/2017,ASSISTANT EXECUTIVE OFFICER  (ACCOUNTS),CONTISS,5,4,DIPLOMA IN ACCOUNTING & AUDITING,11/10/1992,,
JP/R/1155,,JARMA,,MOHAMMED,M,CLERICAL OFFICER,PERMANENT,6/2/2014,2/6/2014,CLERICAL OFFICER I,CONTISS,4,4,DIPLOMA CERTIFICATE,10/8/1988,,
JP/R/1166,,BUHARI,BUHARI,MOHAMMAD,M,SECURITY,PERMANENT,6/2/2014,10/1/2017,SENIOR PATROLMAN,CONTISS,3,4,DIPLOMA IN COMPUTER SCIENCE,11/6/1990,,
JP/R/1188,,MUSTAPHA,MAKAMA,ABDULLAHI,M,CLERICAL OFFICER,PERMANENT,6/11/2014,10/1/2017,CLERICAL OFFICER II,CONTISS,3,5,S.S.C.E CERTIFICATE,10/4/1981,,
JP/R/1189,,USMAN,,RABI’U,M,LABOURER,PERMANENT,18/06/2014,10/1/2017,HEAD LABOURER,CONTISS,2,5,PRIMARY CERT,10/1/1989,,
JP/R/1190,,AKILU,,ABDULLAHI,M,LABOURER,PERMANENT,18/06/2014,10/1/2017,HEAD LABOURER,CONTISS,2,8,PRIMARY CERT,20/09/1986,,
JP/R/1204,,ABDULMALIK,,BELLO,M,CLERICAL OFFICER,PERMANENT,25/06/2014,25/06/2014,CLERICAL ASSISTANT,CONTISS,2,6,SSCE  CERTIFICATE,5/5/1990,,
JP/R/1206,,SUNUSI,YA’U,ARMA,M,OFFICE ATTENDANT,PERMANENT,26/06/2014,26/06/2014,OFFICE ATTENDANT II,CONTISS,1,5,SSCE  CERTIFICATE,3/3/1992,,
JP/R/1232,,JIBRIL,SHARIF,ABDULLAHI,M,CLERICAL OFFICER,PERMANENT,7/10/2014,1/10/2019,CLERICAL OFFICER II,CONTISS,3,5,DIPLOMA IN PURCHASE & SUPPLY,24/04/1982,,
JP/R/1237,,UMAR,GARBA,BALA,M,OFFICE ATTENDANT,PERMANENT,7/10/2014,10/1/2017,OFFICE ATTENDANT I,CONTISS,3,3,SSCE  CERTIFICATE,13/02/1982,,
JP/R/1238,,ABDULLAHI,,AHMED,M,CRAFTSMAN,PERMANENT,7/10/2014,10/1/2017,  CRAFTMAN,CONTISS,3,6,SSCE  CERTIFICATE,26/05/1985,,
JP/R/1239,,ALIYU,ISA,BABA,M,DRIVER/MECHANIC,PERMANENT,7/10/2014,10/1/2017,DRIVER/MECHANIC I,CONTISS,3,6,SSCE  CERTIFICATE,7/6/1978,,
JP/R/1240,,BASHIR,,ALIYU,M,OFFICE ATTENDANT,PERMANENT,14/07/2014,14/07/2014,OFFICE ATTENDANT II,CONTISS,2,2,S.S.C.E  CERTIFICATE,3/9/1988,,
JP/R/1241,,UMATE,,AHMADU,M,DRIVER/MECHANIC,PERMANENT,7/10/2014,10/1/2017,DRIVER II,CONTISS,3,5,"TRADE TEST I,II,III",11/9/1981,,
JP/R/1242,,LAWAN,,ISYAKU,M,OFFICE ATTENDANT,PERMANENT,7/6/2014,1/10/2017,SENIOR CLERICAL OFFICER,CONTISS,5,1,ADVANCE DIPLOMA IN PUBLIC ADMIN.,20/11//1988,,
JP/R/1244,,HASHIMU,,HABIBU,M,LABOURER,PERMANENT,7/11/2014,10/1/2017,HEAD LABOURER,CONTISS,2,5,JSC,12/6/1994,,
JP/R/1245,,UMARU,,ILIYA,M,LABOURER,PERMANENT,14/07/2014,10/1/2017,HEAD LABOURER,CONTISS,2,5,PRIMARY CERTIFICATE,13/01/1987,,
JP/R/1246,,GARBA,,IBRAHIM,M,LABOURER,PERMANENT,7/11/2014,10/1/2017,HEAD LABOURER,CONTISS,2,5,J.S.C,13/01/1995,,
JP/R/1247,,AUWALU,,MUHAMMED,M,OFFICE ATTENDANT,PERMANENT,7/11/2014,10/1/2017,OFFICE ATTENDANT II,CONTISS,3,5,S.S.C.E  CERTIFICATE,25/03/1985,,
JP/R/1248,,JAMILU,,GARBA,M,LABOURER,PERMANENT,14/07/2014,10/1/2017,HEAD LABORER,CONTISS,2,5,S.S.C.E  CERTIFICATE,1/1/1987,,
JP/R/1249,,AUWALU,,ISMA’IL,M,LABOURER,PERMANENT,14/07/2014,10/1/2017,HEAD LABOURER,CONTISS,2,5,S.S.C.E  CERTIFICATE,1/1/1989,,
JP/R/1250,,MUHAMMED,ABDUSSALAM,AHIJO,M,CRAFTSMAN,PERMANENT,15/07/2014,10/1/2017, CRAFTMAN,CONTISS,3,5,SS.C.E  CERTIFICATE,25/12/1981,,
JP/R/1251,,MUHAMMED,,ADAMU,M,OFFICE ATTENDANT,PERMANENT,15/07/2014,10/1/2017,OFFICE ATTENDANT I,CONTISS,3,5,S.S.C.E  CERTIFICATE,14/07/1987,,
JP/R/1252,,BASHIR,,SALEH,M,DRIVER/MECHANIC,PERMANENT,15/07/2014,10/1/2017,DRIVER- MECHANIC II,CONTISS,3,4,"TRADE TEST I,II,III",28/02/1986,,
JP/R/1253,,ADAMU,,YA’U,M,LABOURER,PERMANENT,15/07/2014,10/1/2017,HEAD LABOURER,CONTISS,2,5,PRIMARY CERTIFICATE,10/3/1984,,
JP/R/1255,,HARUNA,DUKARI,IDRIS,M,CRAFTSMAN,PERMANENT,15/07/2014,10/1/2017,CRAFTMAN,CONTISS,3,5,"TRADE TEST I,II,III CARPENTRY",6/7/1971,,
JP/R/1270,,ALIYU,AUWALU,ALHAJI,M,CLERICAL OFFICER,PERMANENT,23/07/2014,23/07/2014,CLERICAL ASSISTANT,CONTISS,2,7,SSCE CERTIFICATE,5/1/1988,,
JP/R/1275,,USMAN,ADAMU,ABDULMAJID,M,ENVIRONMENTAL,PERMANENT,31/07/2014,1/10/2019,SENIOR ENVIRONMENTAL HEALTH ASSISTANT,CONTISS,4,4,CERTIFICATE IN ENVIRONMNTAL HEALTH ASSISTANT,14/09/1989,,
JP/R/1278,,MUSA,GAMBO,AMINU,M,CLERICAL OFFICER,PERMANENT,8/4/2014,10/1/2017,A.E.O (GENERAL),CONTISS,5,3,DIPLOMA IN ACCOUNTING,14/07/1969,,
JP/R/1279,,LAWAL,HASSAN,ISMA’IL,M,DRIVER/MECHANIC,PERMANENT,8/4/2014,10/1/2017,DRIVER II,CONTISS,3,5,TRADE TEST  II & III,4/10/1978,,
JP/R/1281,,KAWU,,MUNTARI,M,OFFICE ATTENDANT,PERMANENT,8/7/2014,10/1/2017,OFFICE ATTENDANT I,CONTISS,3,5,SSCE  CERTIFICATE,15/03/1993,,
JP/R/1283,,MUSTAPHA,,ZUBAIRU,M,CLERICAL OFFICER,PERMANENT,8/6/2014,10/1/2018,CLERICAL ASSISTANT I,CONTISS,3,5,SSCE  CERTIFICATE,22/11/1982,,
JP/R/1291,,ABDULKADIR,,SALEH,M,SECRETERIATE,PERMANENT,14/08/2014,14/08/2014,CONFIDENTIAL SECRETARY IV,CONTISS,5,6,DIPLOMA IN OFFICE MGT. AND TECHNOLOGY,15/12/1990,,
JP/R/1305,,MUHAMMAD,M.,MUSA,M,OFFICE ATTENDANT,PERMANENT,14/08/2014,1/10/2019,OFFICE ATTENDANT II,CONTISS,3,5,SSCE  CERTIFICATE,1/6/1993,,
JP/R/1306,,GADDAFI,ADAMU,IBRAHIM,M,CLERICAL OFFICER,PERMANENT,14/08/2014,10/1/2017,ASSISTANT EXECUTIVE OFFICER,CONTISS,5,5,SSCE  CERTIFICATE,20/01/1987,,
JP/R/1308,,SA’IDU,,UMAR,M,CLERICAL OFFICER,PERMANENT,19/08/2014,10/1/2017,CLERICAL OFFICER II,CONTISS,3,5,SSCE  CERTIFICATE,13/01/1987,,
JP/R/1309,,IBRAHIM,,MUAZU,M,OFFICE ATTENDANT,PERMANENT,19/08/2014,10/1/2017,OFFICE ATTENDANT I,CONTISS,3,5,SSCE  CERTIFICATE,10/3/1988,,
JP/R/1316,,YAHAYA,,UMAR,M,CLERICAL OFFICER,PERMANENT,22/08/2014,10/1/2017,ASSISTANT EXECUTIVE OFFICER (GENERAL),CONTISS,5,2,SSCE  CERTIFICATE,11/5/1985,,
JP/R/1320,,AISHA,,SADIK,F,CLERICAL OFFICER,PERMANENT,22/08/2014,22/08/2014,CLERICAL ASSISTANT,CONTISS,2,6,SSCE  CERTIFICATE,21/04/1995,,
JP/R/1324,,YUSUF,SAKWAYA,SALISU,M,CRAFTSMAN,PERMANENT,22/08/2014,10/1/2018,SENIOR CRAFTSMAN  (ELECTRICAL),CONTISS,4,3,DIPLOMA IN PUBLIC ADMIN.,1/1/1983,,
JP/R/1325,,SA’IDU,KABIRU,ADAMU,M,FIRE SERVICE,PERMANENT,9/9/2014,10/1/2017,SUB OFFICER,CONTISS,5,2,SSCE/BASIC COURSE ON FIRE,27/04/1979,,
JP/R/1326,,UMAR,YOLA,MUDASSIR,M,CLERICAL OFFICER,PERMANENT,18/08/2014,1/10/2019,ASSISTANR EXECUTIVE OFFICER,CONTISS,5,2,DIPLOMA IN PUBLIC ACCOUNTING & AUDIT,15/08/1980,,
JP/R/1343,,MUSA,SULAIMAN,SULAIMAN,M,ICT,PERMANENT,9/8/2014,9/8/2014,SENIOR ICT TECHNICIAN,CONTISS,5,6,INTERNATIONAL ADVANCED DIPLOMA IN COMPUTING,14/08/1992,,
JP/R/1350,,AHMED,,SANUSI,M,OFFICE ATTENDANT,PERMANENT,9/12/2014,10/1/2017,OFFICE ATTENDANT I,CONTISS,3,5,SENIOR ISLAMIC CERTIFICATE,1/5/1986,,
JP/R/1351,,AMINA,,SULEIMAN,F,LABOURER,PERMANENT,9/11/2014,10/1/2017,HEAD LABOURER,CONTISS,2,5,PRIMARY CERT,30/06/1990,,
JP/R/1352,,HASIYA,,ABDULLAHI,F,LABOURER,PERMANENT,9/12/2014,10/1/2017,HEAD LABOURER,CONTISS,2,5,PRIMARY CERT,19/02/1977,,
JP/R/1353,,NANA,,MUHAMMAD,F,LABOURER,PERMANENT,9/12/2014,10/1/2017,HEAD LABOURER,CONTISS,2,5,PRIMARY CERT,10/5/1979,,
JP/R/1354,,HUSSAINA,,DALHA,F,OFFICE ATTENDANT,PERMANENT,9/11/2014,9/11/2014,OFFICE ATTENDANT II,CONTISS,2,6,SSCE CERTIFICATE,5/1/1993,,
JP/R/1356,,HADIZA,,BALA,F,OFFICE ATTENDANT,PERMANENT,17/09/2014,10/1/2017,OFFICE ATTENDANT I,CONTISS,3,5,SSCE CERTIFICATE,27/07/1982,,
JP/R/1368,,UMAR,,YAHAYA,M,OFFICE ATTENDANT,PERMANENT,10/9/2014,1/10/2019,OFFICE ATTENDANT II,CONTISS,3,5,SSCE CERTIFICATE,15/08/1988,,
JP/R/1369,,MARTHER,,DAUDA,F,SECURITY,PERMANENT,10/8/2014,10/1/2018,SENIOR PATROLWOMAN,CONTISS,3,5,SSCE CERTIFICATE,17/10/1989,,
JP/R/1371,,RAKIYA,SURAJO,MUHAMMAD,F,OFFICE ATTENDANT,PERMANENT,10/8/2014,10/1/2018,OFFICE ATTENDANT I,CONTISS,3,5,GRADE II CERTIFICATE,10/10/1977,,
JP/R/1372,,ISAH,,ABDULLAHI,M,NIGHT WATCHMAN,PERMANENT,16/10/2014,10/1/2018,WATCHMAN I,CONTISS,2,5,SSCE CERTIFICATE,9/10/1990,,
JP/R/1373,,SABO,,IBRAHIM,M,SECURITY,PERMANENT,10/8/2014,10/1/2018,SENIOR PATROLMAN,CONTISS,3,4,SSCE CERTIFICATE,1/1/1996,,
JP/R/1375,,ABDU,,IBRAHIM,M,SECURITY,PERMANENT,10/8/2014,10/1/2018,SENIOR PATROLMAN,CONTISS,3,5,SSCE CERTIFICATE,28/02/1987,,
JP/R/1376,,SABO,,MUSA,M,SECURITY,PERMANENT,10/9/2014,10/1/2018,SENIOR PATROLMAN,CONTISS,3,5,SSCE CERTIFICATE,14/04/1986,,
JP/R/1377,,ABDULLAHI,,SALISU,M,SECURITY,PERMANENT,10/9/2014,10/1/2018,SENIOR PATROLMAN,CONTISS,3,5,SSCE CERTIFICATE,6/5/1994,,
JP/R/1378,,ARAMA,,ABBAS,F,SECURITY,PERMANENT,10/8/2014,10/1/2018,ASSISTANT PATROL SUPERVISOR,CONTISS,4,3,SSCE CERTIFICATE,12/8/1984,,
JP/R/1379,,ADO,,IDRIS,M,OFFICE ATTENDANT,PERMANENT,10/9/2014,10/1/2018,OFFICE ATTENDANT II,CONTISS,3,4,SSCE CERTIFICATE,12/10/1991,,
JP/R/1380,,JIBRIN,,ABDULWAHAB,M,SECURITY,PERMANENT,10/9/2014,10/1/2018,SENIOR PATROLMAN,CONTISS,3,4,SSCE CERTIFICATE,7/4/1992,,
JP/R/1384,,DAHIRU,ALHASAN,RABILU,M,SECURITY,PERMANENT,10/9/2014,10/1/2018,SENIOR PATROLMAN,CONTISS,3,5,SSCE CERTIFICATE,3/6/1989,,
JP/R/1385,,LURWANU,,HARUSU,M,TECHNICAL,PERMANENT,13/10/2014,10/1/2018,TECHNICAL ASSISTANT I,CONTISS,3,5,NCE ECONOMICS & SOCIAL STUDIES,1/3/1988,,
JP/R/1386,,MUHAMMED,,ZANNUNU,M,LABOURER,PERMANENT,13/10/2014,10/1/2018,HEAD LABOURER,CONTISS,2,5,PRIMARY CERTIFICATE,20/02/1988,,
JP/R/1387,,ABDULLAHI,,KABIRU,M,SECURITY,PERMANENT,10/9/2014,10/1/2018,SENIOR PATROLMAN,CONTISS,3,5,SSCE CERTIFICATE,15/02/1985,,
JP/R/1390,,TANIMU,,ADAMU,M,SECURITY,PERMANENT,13/10/2014,13/10/2014,PATROLMAN,CONTISS,2,6,SSCE CERTIFICATE,12/3/1988,,
JP/R/1391,,SANI,,TIJJANI,M,TECHNICAL,PERMANENT,13/10/2014,10/1/2018,TECHNICAL ASSISTANT I,CONTISS,3,5,SSCE CERTIFICATE,2/1/1987,,
JP/R/1397,,MURTALA,,RAHIBU,M,SECURITY,PERMANENT,22/10/2014,10/1/2018,SENIOR PATROLMAN,CONTISS,3,5,SSCE CERTIFICATE,30/01/1988,,
JP/R/1398,,NASIRU,,ISYAKU,M,SECURITY,PERMANENT,16/10/2014,10/1/2018,SENIOR PATROLMAN,CONTISS,3,5,SSCE CERTIFICATE,2/10/1983,,
JP/R/1399,,YUSIF,AHMAD,MUSA,M,SECURITY,PERMANENT,16/09/2014,10/1/2018,SENIOR PATROLMAN,CONTISS,3,5,SSCE CERTIFICATE,1/4/1981,,
JP/R/1401,,KOMBE,DANLADI,BELLO,F,SECURITY,PERMANENT,20/10/2014,10/1/2018,SENIOR PATROLWOMAN,CONTISS,3,5,SSCE CERTIFICATE,8/10/1984,,
JP/R/1402,,BABANDI,,YAKUBU,M,SECURITY,PERMANENT,20/10/2014,10/1/2018,SENIOR PATROLMAN,CONTISS,3,5,SSCE CERTIFICATE,1/1/1994,,
JP/R/1403,,ABDULLAHI,,BABANGIDA,M,SECURITY,PERMANENT,20/10/2014,10/1/2018,SENIOR PATROLMAN,CONTISS,3,5,SSCE CERTIFICATE,7/1/1992,,
JP/R/1405,,IBRAHIM,MAIKANKAN,SALISU,M,SECURITY,PERMANENT,22/10/2014,10/1/2018,ASSISTANT PATROL SUPERVISOR,CONTISS,4,3,S.S.C.E CERTIFICATE,8/11/1980,,
JP/R/1406,,BALARABE,,YUSUF,M,SECURITY,PERMANENT,21/10/2014,10/1/2018,SENIOR PATROLMAN,CONTISS,3,5,S.S.C.E CERTIFICATE,26/09/1987,,
JP/R/1407,,YUSUF,,ILIYASU,M,SECURITY,PERMANENT,20/10/2014,10/1/2018,PATROLMAN,CONTISS,3,5,S.S.C.E CERTIFICATE,19/06/1987,,
JP/R/1408,,YAHAYA,,ABDULLAHI,M,SECURITY,PERMANENT,27/10/2014,10/1/2018,SENIOR PATROLMAN,CONTISS,3,5,S.S.C.E CERTIFICATE& TRADE TEST I,19/10/1985,,
JP/R/1409,,YUSIF,ADAJI,BELLO,M,SECURITY,PERMANENT,20/10/2014,10/1/2018,SENIOR PATROLMAN,CONTISS,3,5,DIPLOMA IN PUBLIC ADMIN,2/7/1988,,
JP/R/1410,,GAMBO,,SHAMSU,M,SECURITY,PERMANENT,23/10/2014,10/1/2018,SENIOR PATROLMAN,CONTISS,3,5,S.S.C.E CERTIFICATE,20/07/1988,,
JP/R/1411,,UMAR,MUHAMMAD,DINI,M,NIGHT WATCHMAN,PERMANENT,20/10/2014,10/1/2018,WATCHMAN I,CONTISS,2,5,PRIMARY CERTIFICATE,10/4/1989,,
JP/R/1412,,AISHATU,,BELLO,F,NIGHT WATCHMAN,PERMANENT,20/10/2014,10/1/2018,WATCHWOMAN I,CONTISS,2,5,PRIMARY CERTIFICATE,18/02/1977,,
JP/R/1413,,ALI,MAGURAWA,DAIYABU,M,NIGHT WATCHMAN,PERMANENT,20/10/2014,10/1/2018,WATCHMAN I,CONTISS,2,5,PRIMARY CERTIFICATE,2/1/1984,,
JP/R/1414,,BABANGIDA,,MUSA,M,SECURITY,PERMANENT,20/10/2014,10/1/2018,SENIOR PATROLMAN,CONTISS,3,5,S.S.C.E CERTIFICATE,2/4/1992,,
JP/R/1415,,RAHILA,,AKILA,F,SECURITY,PERMANENT,20/10/2014,10/1/2018,SENIOR PATROLWOMAN,CONTISS,3,5,S.S.C.E CERTIFICATE,7/7/1983,,
JP/R/1416,,NASIRU,,SALIHU,M,SECURITY,PERMANENT,20/10/2014,10/1/2018,SENIOR PATROLMAN,CONTISS,3,5,S.S.C.E CERTIFICATE,6/3/1992,,
JP/R/1417,,ADAMU,,MUSA,M,SECURITY,SENIOR PERMANENT,20/10/2014,10/1/2018,PATROLMAN,CONTISS,3,5,S.S.C.E CERTIFICATE,1/4/1991,,
JP/R/1418,,YUSUF,,MUSBAHU,M,SECURITY,PERMANENT,20/10/2014,10/1/2018,SENIOR PATROLMAN,CONTISS,3,5,S.S.C.E CERTIFICATE,15/04/1986,,
JP/R/1419,,YUSIF,,KAMALUDDEEN,M,NIGHT WATCHMAN,PERMANENT,21/10/2014,10/1/2018,WATCHMAN I,CONTISS,2,5,S.S.C.E CERTIFICATE,19/10/1980,,
JP/R/1420,,ABDULRAHMAN,,ABUBAKAR,M,SECURITY,PERMANENT,21/10/2014,10/1/2018,SENIOR PATROLMAN,CONTISS,3,5,NABTEB CERTIFICATE,22/07/1990,,
JP/R/1422,,ADAMU,D.,NURA,M,SECURITY,PERMANENT,21/10/2014,10/1/2018,SENIOR PATROLMAN,CONTISS,3,5,S.S.C.E CERTIFICATE,6/4/1990,,
JP/R/1423,,MOHAMMED,,SAMINU,M,SECURITY,PERMANENT,21/10/2014,10/1/2018,SENIOR PATROLMAN,CONTISS,3,5,S.S.C.E CERTIFICATE,2/10/1986,,
JP/R/1426,,UBA,,HARUNA,M,SECURITY,PERMANENT,21/10/2014,10/1/2018,SENIOR PATROLMAN,CONTISS,3,5,S.S.C.E CERTIFICATE,3/3/1992,,
JP/R/1427,,ADAMU,SULEIMAN,AHMAD,M,SECURITY,PERMANENT,21/10/2014,10/1/2018,SENIOR PATROLMAN,CONTISS,3,5,S.S.C.E CERTIFICATE,10/4/1989,,
JP/R/1428,,USMAN,,HUDU,M,SECURITY,PERMANENT,21/10/2014,10/1/2018,SENIOR PATROLMAN,CONTISS,3,5,S.S.C.E CERTIFICATE,16/03/1984,,
JP/R/1429,,ABBA,M.,ADO,M,NIGHT WATCHMAN,PERMANENT,22/10/2014,10/1/2018,WATCHMAN I,CONTISS,2,5,PRIMARY CERTIFICATE,10/3/1984,,
JP/R/1431,,IBRAHIM,,USAINI,M,NIGHT WATCHMAN,PERMANENT,21/10/2014,10/1/2018,WATCHMAN I,CONTISS,2,5,PRIMARY CERTIFICATE,4/6/1989,,
JP/R/1432,,LAWAL,UMAR,GARBA,M,SECURITY,PERMANENT,21/10/2014,10/1/2018,PATROL SUPERVISOR,CONTISS,5,1,DIPLOMA IN HAUSA/ISLAMIC STUDIES,10/8/1987,,
JP/R/1433,,LADAN,,ABDULLAHI,M,SECURITY,PERMANENT,22/10/2014,10/1/2018,SENIOR PATROLMAN,CONTISS,3,5,S.S.C.E CERTIFICATE,10/12/1986,,
JP/R/1434,,SARKI,,NURA,M,SECURITY,PERMANENT,22/10/2014,10/1/2018,SENIOR WATCHMAN,CONTISS,3,4,PRIMARY CERTIFICATE,2/1/1988,,
JP/R/1435,,GARBA,,KIYARI,M,SECURITY,PERMANENT,22/10/2014,10/1/2018,SENIOR PATROLMAN,CONTISS,3,5,S.S.C.E CERTIFICATE,9/6/1980,,
JP/R/1436,,ABDU,JAMILU,AHAMAD,M,SECURITY,PERMANENT,21/10/2014,10/1/2018,SENIOR PATROLMAN,CONTISS,3,5,S.S.C.E CERTIFICATE,11/10/1984,,
JP/R/1437,,BELLO,ABUBAKAR,ALIYU,M,TECHNICAL,PERMANENT,22/10/2014,22/10/2014,TECHNICAL ASSISTANT I,CONTISS,3,5,DIPLOMA IN CIVIC ENGINEERING TECH.,2/5/1990,,
JP/R/1438,,SHARIF,AHMED,ABDULSALAM,M,SECURITY,PERMANENT,22/10/2014,22/10/2014,PATROLMAN,CONTISS,2,6,S.S.C.E CERTIFICATE,20/04/1993,,
JP/R/1439,,RUTH,SUNDAY,MUSA,F,SECURITY,PERMANENT,21/10/2014,10/1/2018,ASSISTANT PATROL SUPERVISOR,CONTISS,4,3,S.S.C.E CERTIFICATE,5/6/1989,,
JP/R/1440,,YAKUBU,,IBRAHIM,M,SECURITY,PERMANENT,22/10/2014,10/1/2018,SENIOR PATROLMAN,CONTISS,3,5,S.S.C.E CERTIFICATE,10/10/1989,,
JP/R/1441,,HAUWA,,HASSAN,F,NIGHT WATCHMAN,PERMANENT,23/10/2014,10/1/2018,WATCHWOMAN I,CONTISS,2,5,PRIMARY CERTIFICATE,16/05/1988,,
JP/R/1442,,MUNKA’ILU,,NURA,M,SECURITY,PERMANENT,27/10/2014,10/1/2018,SENIOR PATROLMAN,CONTISS,3,5,S.S.C.E CERTIFICATE,17/12/1985,,
JP/R/1443,,IBRAHIM,DA’U,ALIYU,M,SECURITY,PERMANENT,10/2/2014,10/1/2018,SENIOR PATROLMAN,CONTISS,3,5,S.S.C.E CERTIFICATE,6/1/1992,,
JP/R/1444,,ABDULLAHI,,AHMED,M,SECURITY,PERMANENT,23/10/2014,10/1/2018,SENIOR PATROLMAN,CONTISS,3,5,S.S.C.E CERTIFICATE,11/1/1988,,
JP/R/1445,,HARUNA,,BELLO,M,SECURITY,PERMANENT,27/10/2014,10/1/2018,SENIOR PATROLMAN,CONTISS,3,5,S.S.C.E CERTIFICATE,25/12/1988,,
JP/R/1446,,ABDULLAHI,,MUHAMMAD,M,SECURITY,PERMANENT,28/10/2014,10/1/2018,SENIOR PATROLMAN,CONTISS,3,5,S.S.C.E CERTIFICATE,15/02/1990,,
JP/R/1447,,YAKUBU,,BASHIR,M,SECURITY,PERMANENT,27/10/2014,10/1/2018,SENIOR PATROLMAN,CONTISS,3,5,S.S.C.E CERTIFICATE,16/11/1993,,
JP/R/1448,,SANI,,ABDULLAHI,M,CRAFTSMAN,PERMANENT,1/4/2014,10/1/2018,FOREMAN ,CONTISS,5,1,ASST WORK SUPERINTENDENT CEPT.,14/09/1967,,
JP/R/1449,,IBRAHIM,,AHMED,M,SECURITY,PERMANENT,28/10/2014,10/1/2018,SENIOR PATROLMAN,CONTISS,3,5,S.S.C.E CERTIFICATE,14/10/1975,,
JP/R/1450,,MURTALA,,MUJAHID,M,SECURITY,PERMANENT,29/10/2014,10/1/2018,SENIOR PATROLMAN,CONTISS,3,4,S.S.C.E CERTIFICATE,1/3/1992,,
JP/R/1451,,UMAR,,ABDULWAHAB,M,SECURITY,PERMANENT,29/10/2014,10/1/2018,SENIOR PATROLMAN,CONTISS,3,5,S.S.C.E CERTIFICATE,18/08/1989,,
JP/R/1453,,NUHU,,UMAR,M,CRAFTSMAN,PERMANENT,11/7/2014,10/1/2018,CRAFTMAN ,CONTISS,3,7,"S.S.C.E CERTIFICATE& TRADE TEST I,II,III",3/4/1986,,
JP/R/1455,,ABDULSALAM,,USMAN,M,SECURITY,PERMANENT,31/10/2014,10/1/2018,PATROL SUPERVISOR,CONTISS,5,1,DIPLOMA IN LOCAL GOVERNMENT ADMIN. STUDIES,22/01/1986,,
JP/R/1456,,YAHAYA,,ISAH,M,NIGHT WATCHMAN,PERMANENT,11/3/2014,10/1/2018,WATCHMAN I,CONTISS,2,5,PRIMARY CERTIFICATE,21/06/1996,,
JP/R/1465,,ABUBAKAR,,DANJUMA,M,SECURITY,PERMANENT,11/3/2014,1/010/2018,PATROL SUPERVISOR,CONTISS,5,1,DIPLOMA IN COMPUTER STUDIES,14/11/1989,,
JP/R/1466,,UBALE,,UMAR,M,SECURITY,PERMANENT,11/7/2014,10/1/2018,PATROL SUPERVISOR,CONTISS,5,4,GRADE II CERTIFICATE,1/1/1975,,
JP/R/1472,,SHAMSUDEEN,LAWAN,ADAMU,M,DRIVER/MECHANIC,PERMANENT,19/11/2014,10/1/2018,DRIVER/MECHANIC II,CONTISS,3,5,S.S.C.E  CERTIFICATE,5/12/1988,,
JP/R/1481,,ALIYU,,SABITU,M,CLERICAL OFFICER,PERMANENT,12/9/2014,12/9/2014,CLERICAL OFFICER I,CONTISS,4,6,DIPLOMA IN DEVELOPMENT STUDIES,10/2/1988,,
JP/R/1488,,BASHIR,KIYAWA,AUWAL,M,OFFICE ATTENDANT,PERMANENT,15/01/2015,1/10/2019,OFFICE ATTENDANT II,CONTISS,3,5,S.S.C.E.  CERTIFICATE,20/07/1987,,
JP/R/1489,,ALIYU,LAWAN,MUHD,M,LABOURER,PERMANENT,1/5/2015,10/1/2018,HEAD LABOURER,CONTISS,2,5,PRIMARY CERT.,2/1/1990,,
JP/R/1491,,MUSTAPHA,KWAIMAWA,YAKUBU,M,LABORATORY ASSISTANT,PERMANENT,22/01/2015,10/1/2018,LABOURER SUPERVISOR,CONTISS,3,4,PRIMARY CERT.,4/8/1987,,
JP/R/1493,,ALHASSAN,,BAFFA,M,LABOURER,PERMANENT,13/01/2015,10/1/2018,HEAD LABOURER,CONTISS,2,5,PRIMARY  CERT.,2/1/1980,,
JP/R/1494,,ALIYU,HUZAIFATU,MUKTAR,M,OFFICE ATTENDANT,PERMANENT,14/01/2015,1/10/2019,OFFICE ATTENDANT II,CONTISS,3,5,S.S.C.E  CERTIFICATE,1/1/1992,,
JP/R/1495,,ADO,,BALA,M,LABOURER,PERMANENT,1/5/2015,10/1/2018,HEAD LABOURER,CONTISS,2,5,PRIMARY CERT.,7/7/1991,,
JP/R/1498,,ABDULMUMINU,A.,ISAH,M,LABOURER,PERMANENT,18/02/2015,10/1/2018,HEAD LABOURER,CONTISS,2,5,PRIMARY CERT.,3/4/1978,,
JP/R/1499,,AISHA,ALIYU,IBRAHIM,F,OFFICE ATTENDANT,PERMANENT,3/2/2015,10/1/2018,OFFICE ATTENDANT I,CONTISS,3,5,S.S.C.E  CERTIFICATE,7/7/1983,,
JP/R/1512,,MOHAMMAD,J,ABDULLAHI,M,LABOURER,PERMANENT,5/4/2015,10/1/2018,HEAD LABOURER,CONTISS,3,2,PRIMARY CERT.,14/08/1989,,
JP/R/1513,,ABDULLAHI,,ABDULHAMID,M,LABOURER,PERMANENT,5/4/2015,5/4/2015,HEAD LABOURER,CONTISS,2,4,PRIMARY CERT.,22/09/1976,,
JP/R/1515,,SALE,MUAZU,MADOBI,M,LABOURER,PERMANENT,8/6/2015,10/1/2018,HEAD LABOURER,CONTISS,2,4,PRIMARY CERT.,5/5/1973,,
JP/R/1518,,MUHD,A.,ADAMU,M,DRIVER/MECHANIC,PERMANENT,25/05/2015,10/1/2018,DRIVER II,CONTISS,3,4,"TRADE TEST  I,II,III",4/3/1977,,
JP/R/1519,,MUSA,YAHYA,FAGOJI,M,LABOURER,PERMANENT,6/2/2015,1/10/2019, HEAD LABOURER,CONTISS,2,4,PRIMARY CERTIFICATE,14/03/1985,,
JP/R/1520,,MUTTAKA,,ZUBAIRU,M,OFFICE ATTENDANT,PERMANENT,6/2/2015,10/1/2018,OFFICE ATTENDANT II,CONTISS,3,4,S.S.C.E  CERTIFICATE,19/05/1986,,
JP/R/1521,,ADAMU,,KABIRU,M,GARDENER,PERMANENT,6/2/2015,10/1/2018,GARDENER I,CONTISS,2,4,PRIMARY CERTIFICATE,5/6/1982,,
JP/R/1522,,GARBA,,ALHASSAN,M,DRIVER/MECHANIC,PERMANENT,6/4/2015,10/1/2018,DRIVER II,CONTISS,3,4,S. S.C. E,20/07/1992,,
JP/R/1523,,SHEHU,,ABDULWAHAB,M,LABOURER,PERMANENT,8/6/2015,10/1/2018,HEAD LABOURER ,CONTISS,2,4,PRIMARY CERT.,2/2/1980,,
JP/R/1524,,YAHAYA,,YAU,M,DRIVER/MECHANIC,PERMANENT,6/11/2015,10/1/2018,DRIVER II,CONTISS,3,4,PRIMARY CERT.,19/12/1986,,
JP/R/1525,,SADISU,,BADAMASI,M,OFFICE ATTENDANT,PERMANENT,7/8/2015,10/1/2018,OFFICE ATTENDANT II,CONTISS,3,4,PRIMARY CERT.,10/2/1995,,
JP/R/1526,,ABDULMAJID,,MUHAMMAD,M,GARDENER,PERMANENT,24/06/2015,10/1/2018,GARDENER I,CONTISS,2,4,PRIMARY CERT.,17/03/1990,,
JP/R/1532,,USMAN,,ADAMU,M,LABOURER,PERMANENT,7/9/2015,10/1/2018,HEAD LABOURER,CONTISS,2,4,PRIMARY CERT,1/4/1978,,
JP/R/1533,,ZAKARAI,,SALE,M,LABOURER,PERMANENT,7/8/2015,10/1/2018,HEAD OF LABOURER,CONTISS,2,5,PRIMARY CERT,4/5/1987,,
JP/R/1535,,HADIZA,,ABDULHADI,F,OFFICE ATTENDANT,PERMANENT,7/8/2015,1/10/2019,OFFICE ATTENDANT II,CONTISS,3,4,S.S.C.E  CERTIFICATE,,,
JP/R/1536,,AUWALU,ADAMU,ALIYU,M,CLERICAL OFFICER,PERMANENT,13/07/2015,10/1/2016,A.E.O,CONTISS,5,3,DIPLOMA IN HAUSA ENGLISH,19/04/1990,,
JP/R/1546,,DAN”ASABE,,SAMA”ILA,M,OFFICE ATTENDANT,PERMANENT,29/07/2015,10/1/2018,OFFICE ATTENDANT II,CONTISS,3,4,PRIMARY CERT,25/01/1973,,
JP/R/1560,,MUHAMMAD,DANSOSHIYA,SHAAIBU,M,CLERICAL OFFICER,PERMANENT,8/4/2015,10/1/2018,CLERICAL OFFICER I,CONTISS,4,1,S.S.C.E  CERTIFICATE,4/1/1979,,
JP/R/1563,,SADIQ,MUHAMMAD,DASHI,M,LIBRARY,PERMANENT,8/5/2015,10/1/2018,SENIOR LIBRARY ASSISTANT,CONTISS,4,2,S.S.C.E  CERTIFICATE,10/1/1995,,
JP/R/1567,,MURTALA,,HAMISU,M,OFFICE ATTENDANT,PERMANENT,7/8/2015,10/1/2018,OFFICE ATTENDANT II,CONTISS,3,4,S.S.C.E  CERTIFICATE,20/06/1998,,
JP/R/1571,,NAZIFI,,ABDULKARIM,M,OFFICE ATTENDANT,PERMANENT,8/11/2015,10/1/2018,OFFICE ATTENDANT I,CONTISS,3,4,S.S.C.E  CERTIFICATE,15/06/1984,,
JP/R/1572,,JIBRIL,ISHAQ,SANI,M,OFFICE ATTENDANT,PERMANENT,8/10/2015,10/1/2018,OFFICE ATTENDANT II,CONTISS,3,4,S.S.C.E  CERTIFICATE,6/4/1990,,
JP/R/1576,,ISYAKU,,MUSTAPHA,M,OFFICE ATTENDANT,PERMANENT,8/11/2015,10/1/2018,OFFICE ATTENDANT II,CONTISS,3,4,S.S.C.E  CERTIFICATE,15/06/1992,,
JP/R/1577,,SULEIMAN,,MUDASSIR,M,OFFICE ATTENDANT,PERMANENT,8/11/2015,10/1/2018,OFFICE ATTENDANT I,CONTISS,3,4,S.S.C.E  CERTIFICATE,24/02/1988,,
JP/R/1579,,HAFIZU,,HASHIM,M,CRAFTSMAN,PERMANENT,17/08/2015,17/08/2015,CRAFTSMAN,CONTISS,3,5,S.S.C.E  CERTIFICATE,11/7/1995,,
JP/R/1580,,IBRAHIM,BASHIR,NUHU,M,CLERICAL OFFICER,PERMANENT,8/10/2015,10/1/2018,CLERICAL ASSISTANT II,CONTISS,3,4,S.S.C.E  CERTIFICATE,20/07/1987,,
JP/R/1582,,YUGUDA,,UMAR,M,OFFICE ATTENDANT,PERMANENT,13/08/2015,10/1/2018,OFFICE ATTENDANT II,CONTISS,3,4,S.S.C.E  CERTIFICATE,15/02/1985,,
JP/R/1583,,MAHMUD,,ABDULKADIR,M,OFFICE ATTENDANT,PERMANENT,17/08/2015,10/1/2018,OFFICE ATTENDANT II,CONTISS,3,4,f,31/01/1989,,
JP/R/1586,,AMINU,A.,ADAMU,M,OFFICE ATTENDANT,PERMANENT,14/08/2015,10/1/2018,OFFICE ATTENDANT II,CONTISS,3,4,S.S.C.E  CERTIFICATE,2/2/1986,,
JP/R/1587,,FATIMA,,MOHAMMED,F,CLERICAL OFFICER,PERMANENT,8/1/2015,10/1/2018,ASSISTANT EXECUTIVE OFFICER,CONTISS,5,1,DIPLOMA IN LAW (UPPER CREDIT),4/11/1992,,
JP/R/1589,,ALI,,SALEH,M,OFFICE ATTENDANT,PERMANENT,17/08/2015,10/1/2018,OFFICE ATTENDANT I,CONTISS,3,4,S.S.C.E  CERTIFICATE,31/9/1981,,
JP/R/1594,,LAWAN,,IBRAHIM,M,PORTER,PERMANENT,18/08/2015,10/1/2018,SENIOR PORTER,CONTISS,4,2,S.S.C.E  CERTIFICATE,1/9/1985,,
JP/R/1600,,ADDA KANO,,NJOBDI,F,OFFICE ATTENDANT,PERMANENT,19/08/2015,10/1/2018,OFFICE ATTENDANT II,CONTISS,3,4,S.S.C.E  CERTIFICATE,20/01/1996,,
JP/R/1601,,MUBARAK,,YAHAYA,M,LIBRARY,PERMANENT,19/08/2015,10/1/2018,SENIOR LIBRARY ASSISTANT,CONTISS,4,2,S.S.C.E  CERTIFICATE,7/5/1990,,
JP/R/1605,,ALKASIM,,SANUSI,M,LABOURER,PERMANENT,21/08/2015,10/1/2018,HEAD LABOURER,CONTISS,2,4,PRIMARY CERT,1/8/1992,,
JP/R/1606,,IBRAHIM,,ABDU,M,LABOURER,PERMANENT,21/08/2015,10/1/2018,HEAD LABOURER,CONTISS,2,4,PRIMARY CERT,1/5/1992,,
JP/R/1609,,KAWU,,ISA,M,LABOURER,PERMANENT,27/08/2015,10/1/2018,HEAD LABOURER,CONTISS,2,4,PRIMARY CERT,3/5/1986,,
JP/R/1610,,ADAMU,,IBRAHIM,M,LABOURER,PERMANENT,27/08/2015,10/1/2018,HEAD LABOURER,CONTISS,2,4,PRIMARY CERT,6/2/1994,,
JP/R/1612,,RABI’U,MUSA,ADO,M,CLERICAL OFFICER,PERMANENT,9/1/2015,10/1/2018,CLERICAL OFFICER I,CONTISS,4,2,S.S.C.E CERTIFICATE,7/4/1962,,
JP/R/1613,,AWWALU,,ABDULLAHI,M,SECURITY,PERMANENT,9/3/2015,10/1/2018,SENIOR PATROLMAN,CONTISS,3,4,S.S.C.E CERTIFICATE,16/61986,,
JP/R/1616,,ZUBAIRU,ALIYU,KOTOKO,M,OFFICE ATTENDANT,PERMANENT,9/1/2015,10/1/2018,OFFICE ATTENDANT II,CONTISS,3,4,S.S.C.E CERTIFICATE,1/2/1985,,
JP/R/1632,,ISYAKU,,SANI,M,NIGHT WATCHMAN,PERMANENT,9/9/2015,10/1/2018,WATCHMAN I,CONTISS,2,4,PRIMARY CERT,10/3/1975,,
JP/R/1637,,AUWALU,,AHMED,M,LABOURER,PERMANENT,9/10/2015,1/10/2018,LABOURER SUPERVISOR,CONTISS,3,5,S.S.C.E CERTIFICATE,31/2/1992,,
JP/R/1638,,RABI,SARKI,SULEIMAN,F,OFFICE ATTENDANT,PERMANENT,9/11/2015,10/1/2018,OFFICE ATTENDANT I,CONTISS,3,4,S.S.C.E CERTIFICATE,15/03/1992,,
JP/R/1639,,MUFIDA,,ZAKARIYYA,F,OFFICE ATTENDANT,PERMANENT,9/11/2015,10/1/2018,OFFICE ATTENDANT II,CONTISS,3,4,S.S.C.E CERTIFICATE,15/01/1992,,
JP/R/1641,,ABDULKADIR,,HASSAN,M,DRIVER/MECHANIC,PERMANENT,9/10/2015,10/1/2018,DRIVER/ MECHANIC II,CONTISS,3,4,S.S.C.E CERTIFICATE,1/1/1994,,
JP/R/1642,,YAKUBU,,ABDULLAHI,M,AGRICULTURAL,PERMANENT,14/09/2015,10/1/2018,SENIOR FARM ASSISTANT,CONTISS,4,2,CERTIFICATE IN ANIMAL SCIENCE,11/11/1986,,
JP/R/1643,,HASSAN,,RABI’U,M,LABOURER,PERMANENT,9/11/2015,10/1/2018,HEAD LABOURER,CONTISS,2,4,PRIMARY CERT,21/06/1986,,
JP/R/1645,,HANNATU,,STEPHEN,F,CLEANER,PERMANENT,9/11/2015,10/1/2018,HEAD CLEANER,CONTISS,2,4,PRIMARY CERT,21/04/1984,,
JP/R/1657,,AUWALU,,SALE,M,OFFICE ATTENDANT,PERMANENT,28/09/2015,10/1/2018,OFFICE ATTENDANT I,CONTISS,3,4,S.S.C.E CERTIFICATE,5/4/1991,,
JP/R/1660,,HAUWA’U,,ABDULLAHI,F,OFFICE ATTENDANT,PERMANENT,29/09/2015,10/1/2018,OFFICE ATTENDANT I,CONTISS,3,4,S.S.C.E CERTIFICATE,29/03/1989,,
JP/R/1663,,JAMILU,,SULE,M,CRAFTSMAN,PERMANENT,30/09/2015,10/1/2018,CRAFTMAN,CONTISS,3,4,S.S.C.E CERTIFICATE,1/5/1990,,
JP/R/1664,,SA’IDU,,MOHAMMED,M,DRIVER/MECHANIC,PERMANENT,14/09/2015,10/1/2018,DRIVER/MECHANIC III,CONTISS,2,7,"TRADE I, II, III",21/01/1971,,
JP/R/1685,,MU’AZU,,IBRAHIM,M,DRIVER/MECHANIC,PERMANENT,22/10/2015,22/10/2015,DRIVER II,CONTISS,3,5,DRIVEN LICENSE,14/02/1980,,
JP/R/1688,,UBA,,BASHIR,M,PORTER,PERMANENT,27/10/2015,1/10/2019,POTER,CONTISS,3,5,S.S.C.E CERTIFICATE,18/04/1993,,
JP/R/1689,,YUSUF,A.,FARID,M,CLERICAL OFFICER,PERMANENT,28/10/2015,1/10/2019,CLERICAL OFFICER II,CONTISS,3,8,S.S.C.E CERTIFICATE,17/03/1987,,
JP/R/1690,,IDRIS,,GAMBO,M,HALL ASSISTANT,PERMANENT,11/4/2015,1/10/2019,PORTER,CONTISS,3,5,S.S.C.E CERTIFICATE,29/05/1987,,
JP/R/1700,,ZAHARADEEN,A.,MOHD,M,CLERICAL OFFICER,PERMANENT,11/10/2015,11/10/2015,A.E.O (GENERAL),CONTISS,5,5,DIPLOMA IN PUBLIC ACCOUNTING AND AUDITING,22/04/1990,,
JP/R/1702,,PHILIPS,E.0,DEIDUOMO,M,CLERICAL OFFICER,PERMANENT,11/12/2015,11/12/2015,A.E.O (GENERAL),CONTISS,5,5,DIPLOMA IN COMMON LAW,2/7/1990,,
JP/R/1703,,IBRAHIM,A.,LADAN,M,CRAFTSMAN,PERMANENT,16/11/2015,1/10/2019,CRAFTSMAN,CONTISS,3,4,"TRADE TEST II, III.",11/7/1984,,
JP/R/1709,,NASIRU,,AHMED,M,CRAFTSMAN,PERMANENT,18/11/2015,1/10/2019,CRAFTSMAN,CONTISS,3,5,"TREAD TEST I, II, III.",15/06/1971,,
JP/R/1711,,LAYATU,,PAUL,F,CLEANER,PERMANENT,19/11/2015,1/10/2019,HEAD CLEANER,CONTISS,2,4,PRIMARY CERT,8/3/1979,,
JP/R/1715,,SAFIYANU,U.,ALIYU,M,LIBRARY,PERMANENT,24/11/2015,1/10/2019,LIBRARY ASSISTANT,CONTISS,3,5,S.S.C.E CERTIFICATE,14/11/1980,,
JP/R/1717,,ABUBAKAR,,YUSUFU,M,LIBRARY,PERMANENT,24/11/2015,1/10/2019,LIBRARY ASSISTANT,CONTISS,3,5,S.S.C.E CERTIFICATE,24/12/1997,,
JP/R/1719,,FADIMA,,AHMADU,F,LIBRARY,PERMANENT,25/11/2015,1/10/2019,LIBRARY ASSISTANT,CONTISS,3,5,S.S.C.E CERTIFICATE,17/05/1984,,
JP/R/1722,,YAHYA,,ADAMU,M,LIBRARY,PERMANENT,27/11/2015,27/11/2015,ASSISTANT LIBRARY OFFICER,CONTISS,5,5,DIPLOMA INPUBLIC ACCOUNT AUDIT &TAX,12/2/1976,,
JP/R/1733,,ADAMU,,ISAH,M,DRIVER/MECHANIC,PERMANENT,12/4/2015,1/10/2019,DRIVER/MECHANIC II,CONTISS,3,5,S.S.C.E CERTIFICATE,2/12/1979,,
JP/R/1755,,UMAR,,AMINU,M,OFFICE ATTENDANT,PERMANENT,23/12/2015,1/10/2019,OFFICE ATTENDANT II,CONTISS,3,5,S.S.C.E CERTIFICATE,3/10/1986,,
JP/R/1770,,HAMISU,GAMBO,AHMAD,M,SECURITY,PERMANENT,25/01/2016,1/10/2019,SENIOR PATROLMAN,CONTISS,3,4,S.S.C.E CERTIFICATE,20/05/1993,,
JP/R/1775,,YA’U,,MOH’D,M,GARDENER,PERMANENT,27/01/2016,1/10/2019,GARDENER I,CONTISS,3,5,S.S.C.E CERTIFICATE,12/2/1990,,
JP/R/1776,,AMADU,,ADAMU,M,LABOURER,PERMANENT,27/01/2016,1/10/2019,GARDENER I,CONTISS,2,6,PRIMARY CERTIFICATE,13/03/1966,,
JP/R/1777,,SURAJO,,ABDULLAHI,M,GARDENER,PERMANENT,27/01/2016,1/10/2019,GARDENER I,CONTISS,2,5,PRIMARY CERTIFICATE,5/10/1988,,
JP/R/1778,,JAMILU,,ABDU,M,GARDENER,PERMANENT,27/01/2016,1/10/2019,FOREMAN (GARDENING),CONTISS,5,1,S.S.C.E CERTIFICATE,2/2/1991,,
JP/R/1779,,ABUBAKAR,,SANI,M,LABOURER,PERMANENT,27/01/2016,1/10/2019,GARDENER II,CONTISS,2,6,PRIMARY CERTIFICATE,10/3/1974,,
JP/R/1780,,LURWANU,,NURA,M,GARDENER,PERMANENT,27/01/2016,1/10/2019,HEAD GARDENER,CONTISS,3,4,S.S.C.E CERTIFICATE,22/31980,,
JP/R/1781,,HABIBU,,HASSAN,M,GARDENER,PERMANENT,27/01/2016,1/10/2019,HEAD GARDENER,CONTISS,3,4,S.S.C.E CERTIFICATE,11/9/1992,,
JP/R/1783,,ABUBAKAR,,IBRAHIM,M,GARDENER,PERMANENT,27/01/2016,1/10/2019,HEAD GARDENER,CONTISS,3,5,S.S.C.E CERTIFICATE,5/3/1984,,
JP/R/1784,,ABDULLAHI,,MOH’D,M,GARDENER,PERMANENT,27/01/2016,1/10/2019,GARDENER,CONTISS,2,5,PRIMARY CERTIFICATE,30/01/1978,,
JP/R/1785,,ABISOYE,,JAMES,M,GARDENER,PERMANENT,27/01/2016,1/10/2019,HEAD GARDENER,CONTISS,3,5,NABTEB,5/10/1994,,
JP/R/1791,,LAWAN,,SANI,M,CLERICAL OFFICER,PERMANENT,2/12/2016,1/10/2019,CLERICAL OFFICER II,CONTISS,3,5,S.S.C.E CERTIFICATE,22/08/1996,,
JP/R/1795,,AMINU,,TASIU,M,CLERICAL OFFICER,PERMANENT,28/01/2016,1/10/2019,CLERICAL OFFICER II,CONTISS,3,5,S.S.C.E CERTIFICATE,5/3/1987,,
JP/R/1796,,MUHAMMAD,,LAWAN,M,OFFICE ATTENDANT,PERMANENT,2/2/2016,1/10/2019,OFFICE ATTENDANT II,CONTISS,3,5,S.S.C.E CERTIFICATE,5/3/1980,,
JP/R/1801,,FAISAL,,SA’AD,M,OFFICE ATTENDANT,PERMANENT,17/02/2016,1/10/2019,OFFICE ATTENDANT II,CONTISS,3,5,S.S.C.E CERTIFICATE,1/1/1978,,
JP/R/1804,,LAWAN,SALISU,UBA,M,OFFICE ATTENDANT,PERMANENT,3/8/2016,1/10/2019,OFFICE ATTENDANT II,CONTISS,3,5,S.S.C.E CERTIFICATE,14/10/1986,,
JP/R/1805,,RABI’U,,ALI,M,OFFICE ATTENDANT,PERMANENT,3/3/2016,1/10/2019,OFFICE ATTENDANT II,CONTISS,3,5,S.S.C.E CERTIFICATE,15/07/1988,,
JP/R/1808,,AMINA,YAU,AMINU,F,CLERICAL,PERMANENT,3/7/2016,1/10/2019,CLERICAL ASSITANT,CONTISS,2,5,PRIMARY CERTIFICATE,18/03/1979,,
JP/R/1809,,SANI,FAISAL,ABUBAKAR,M,OFFICE ATTENDANT,PERMANENT,16/03/2016,1/10/2019,OFFICE ATTENDANT II,CONTISS,3,5,S.S.C.E CERTIFICATE,22/08/1994,,
JP/R/1812,,JIBRIN,,ABDULLAHI,M,LABOURER,PERMANENT,14/04/2016,1/10/2019,HEAD LABOURER,CONTISS,2,,S.S.C.E CERTIFICATE,1/2/1983,,
JP/R/1814,,SALEH,,ABUBAKAR,M,CATERING,PERMANENT,5/5/2016,1/10/2019,STEWARD I,CONTISS,3,4,CERTIFICATE CATERING & FOOD MANAGEMENT,15/10/1981,,
JP/R/1815,,ABUBAKAR,,SALE,M,DRIVER/MECHANIC,PERMANENT,5/6/2016,1/10/2019,DRIVER II,CONTISS,3,5,TRADE TEST III,1/1/1987,,
JP/R/1816,,MUSTAPHA,AHMED,ALIYU,M,DRIVER/MECHANIC,PERMANENT,15/06/2016,1/10/2019,DRIVER/MECHANIC  II,CONTISS,3,4,"TRADE TEST I,II,III",10/4/1974,,
JP/R/1817,,INUWA,IBRAHIM,JAMILU,M,DRIVER/MECHANIC,PERMANENT,6/4/2016,7/4/2016,DRIVER/MECHANIC III,CONTISS,2,4,S.S.C.E CERTIFICATE,3/2/1990,,
JP/R/1819,,NANAH,,MUSTAPHA,F,CLERICAL OFFICER,PERMANENT,15/07/2016,15/07/2016,A.E.O,CONTISS,5,4,DIPLOMA IN LAW,10/10/1989,,
JP/R/1820,,ASHIRU,,AUWALU,M,OFFICE ATTENDANT,PERMANENT,14/07/2016,1/10/2019,OFFICE ATTENDANCE II,CONTISS,3,4,S.S.C.E CERTIFICATE,1/1/1992,,
JP/R/1823,,TAFIDA,,ABDULMAJID,M,CLERICAL OFFICER,PERMANENT,20/07/2016,1/10/2019,CLERICAL OFFICER II,CONTISS,3,4,S.S.C.E CERTIFICATE,9/3/1988,,
JP/R/1824,,RABI,,IBRAHIM,F,CLERICAL OFFICER,PERMANENT,30/02/2017,2/3/2017,A.E.O,CONTISS,5,4,DIPLOMA IN LAW,2/5/1990,,
JP/R/1825,,DALHATU,ASHIRU,SANI,M,SECURITY,PERMANENT,9/5/2016,1/10/2019,SENIOR PATROL MAN,CONTISS,3,4,S.SC.E CERTIFICATE,15/04/1989,,
JP/R/1828,,SALISU,,ALMUSTAPHA,M,SECURITY,PERMANENT,9/5/2016,1/10/2019,SENIOR PATROL MAN,CONTISS,3,4,S.SC.E CERTIFICATE,2/7/1987,,
JP/R/1831,,ABUBAKAR,,SANI,M,CLERICAL OFFICER,PERMANENT,27/07/2016,1/10/2019,CLERICAL OFFICER II,CONTISS,3,4,S.S.C.E CERTIFICATE,2/1/1989,,
JP/R/1832,,TIJJANI,MAIKUDI,MAHMUD,M,CLERICAL OFFICER,PERMANENT,20/07/2016,20/07/2016,A.E.O,CONTISS,5,4,DIPLOMA CERTIFICATE,13/02/1975,,
JP/R/1836,,AHMADU,,MOHAMMAD,M,SECURITY,PERMANENT,9/5/2016,1/10/2019,SENIOR PATROL MAN,CONTISS,3,4,S.SC.E CERTIFICATE,12/9/1984,,
JP/R/1837,,ABUBAKAR,,YUSUF,M,SECURITY,PERMANENT,9/5/2016,1/10/2019,SENIOR PATROL MAN,CONTISS,3,4,S.SC.E CERTIFICATE,11/9/1988,,
JP/R/1838,,HAMZA,,SHAFI’U,M,SECURITY,PERMANENT,9/5/2016,1/10/2019,PATROL SUPERVISOR,CONTISS,5,1,S.SC.E CERTIFICATE,13/02/1985,,
JP/R/1839,,KHALIL,,ISA,M,SECURITY,PERMANENT,9/8/2016,1/10/2019,SENIOR PATROL MAN,CONTISS,5,1,S.SC.E CERTIFICATE,7/1/1993,,
JP/R/1841,,LAWAN,,ADAMU,M,SECURITY,PERMANENT,9/5/2016,1/10/2019,ENIOR PATROL MAN,CONTISS,3,4,S.SC.E CERTIFICATE,6/5/1991,,
JP/R/1842,,ADAMU,YAHAYA,ADAMU,M,SECURITY,PERMANENT,9/5/2016,1/10/2019,SENIOR PATROL MAN,CONTISS,3,4,S.SC.E CERTIFICATE,9/9/1989,,
JP/R/1843,,KALGO,ASHIRU,ALI,M,NIGHT WATCHMAN,PERMANENT,9/5/2016,1/10/2019,SENIOR PATROLMAN,CONTISS,3,4,PRIMARY CERTIFICATE,11/5/1989,,
JP/R/1845,,SANI,SANDA,GHARZALI,M,SECURITY,PERMANENT,9/5/2016,1/10/2019,SENIOR PATROL MAN,CONTISS,3,4,S.SC.E CERTIFICATE,2/1/1986,,
JP/R/1846,,MUKTAR,,TAHIR,M,NIGHT WATCHMAN,PERMANENT,9/5/2016,1/10/2019,SENIOR PATROLMAN,CONTISS,3,4,PRIMARY CERTIFICATE,10/10/1981,,
JP/R/1848,,SHUAIBU,,BASHIR,M,SECURITY,PERMANENT,9/5/2016,1/10/2019,SENIOR PATROLMAN,CONTISS,3,4,S.SC.E CERTIFICATE,15/01/1985,,
JP/R/1849,,BELLO,,ABUBAKAR,M,SECURITY,PERMANENT,9/6/2016,1/10/2019,SENIOR PATROLMAN,CONTISS,3,4,S.SC.E CERTIFICATE,2/3/1995,,
JP/R/1851,,SALISU,,MUSTAPHA,M,SECURITY,PERMANENT,9/9/2016,1/10/2019,SENIOR PATROL MAN,CONTISS,3,4,S.SC.E CERTIFICATE,23/15/1988,,
JP/R/1852,,LAWAN,,ABDULLAHI,M,SECURITY,PERMANENT,9/9/2016,1/10/2019,SENIOR PATROL MAN,CONTISS,3,4,S.S.C.E CERTIFICATE,5/7/1989,,
JP/R/1853,,BELLO,,JAMILU,M,DRIVER/MECHANIC,PERMANENT,30/09/2016,1/10/2019,DRIVER II,CONTISS,3,4,S.SC.E CERTIFICATE,1/1/1992,,
JP/R/1867,,HASSAN,,AHMADU,M,DRIVER/MECHANIC,PERMANENT,12/9/2016,12/9/2016,DRIVER III,CONTISS,2,4,S.S.C.E CERTIFICATE,13/06/1981,,
JP/R/1875,,YAHAYA,,AHMAD,M,CRAFTSMAN,PERMANENT,2/7/2017,2/7/2017,ASSISTANT  CRAFT MAN,CONTISS,2,4,S.S.C.E CERTIFICATE,22/02/1980,,
JP/R/1876,,BALA,,SAGIRU,M,SECURITY,PERMANENT,2/3/2017,2/3/2017,PATROL MAN,CONTISS,2,4,S.S.C.E CERTIFICATE,20/07/1993,,
JP/R/1877,,YUSUF,,ISA,M,CRAFTSMAN,PERMANENT,2/7/2017,2/7/2017,ASSISTANT CRATTSMAN,CONTISS,2,4,S.I.S.S.,4/1/1988,,
JP/R/1878,,ABUBAKAR,,ABDULLAHI,M,CRAFTSMAN,PERMANENT,2/7/2017,2/7/2017,ASSISTANT CRAFTMAN (PLUMBER),CONTISS,2,4,S.S.C.E CERTIFICATE,17/02/1992,,
JP/R/1879,,BASHIR,ABDULLAHI,SALE,M,SECURITY,PERMANENT,2/3/2017,2/3/2017,ASSISTANT PATROL SUPERVISOR,CONTISS,4,2,S.S.C.E CERTIFICATE,16/08/1987,,
JP/R/1880,,SANI,,YUSUF,M,NIGHT WATCHMAN,PERMANENT,2/3/2017,2/3/2017,WATCHMAN,CONTISS,1,9,PRIMARY CERTIFICATE,9/3/1985,,
JP/R/1881,,INUWA,,KABIRU,M,NIGHT WATCHMAN,PERMANENT,2/3/2017,2/3/2017,WATCHMAN,CONTISS,1,4,PRIMARY CERTIFICATE,22/11/1992,,
JP/R/1882,,IDRIS,,AUWALU,M,CRAFTSMAN,PERMANENT,2/7/2017,2/7/2017,ASSISTANT CRATTSMAN (PLUMBING),CONTISS,2,4,"TRADE TEST I, II, III.",1/2/1981,,
JP/R/1883,,ADO,,DAHIRU,M,SECURITY,PERMANENT,2/6/2017,2/6/2017,PATROL MAN,CONTISS,2,4,S.S.C.E CERTIFICATE,7/7/1972,,
JP/R/1888,,MAKAMA,,SALISU,M,SECURITY,PERMANENT,2/3/2017,2/3/2017,PATROL MAN,CONTISS,2,4,S.S.C.E CERTIFICATE,1/6/1996,,
JP/R/1889,,SALISU,,ABDULRA’UF,M,CRAFTSMAN,PERMANENT,2/7/2017,2/7/2017,ASSISTANT  CRAFT MAN,CONTISS,2,4,S.S.C.E CERTIFICATE,10/10/1995,,
JP/R/1890,,SHUAIBU,,ABDULKADIR,M,CRAFTSMAN,PERMANENT,2/7/2017,2/7/2017,ASSISTANT  CRAFT MAN,CONTISS,2,4,S.S.C.E CERTIFICATE,1/2/1970,,
JP/R/1891,,MOHAMMED,,NASIRU,M,CRAFTSMAN,PERMANENT,2/7/2017,2/7/2017,ASSISTANT  CRAFT MAN,CONTISS,2,4,S.S.C.E CERTIFICATE,16/04/1986,,
JP/R/1892,,ABDULSSALAM,BABA,UMAR,M,TECHNICAL,PERMANENT,2/7/2017,2/7/2017,SENIOR TECHINICAL ASSISTANT,CONTISS,5,3,DIPLOMA ACCOUNTANCY & MGT.,29/11/1989,,
JP/R/1896,,ILIYASU,ADO,ALIYU,M,SECURITY,PERMANENT,3/2/2017,3/2/2017,,CONTISS,5,4,NATIONAL DIPLOMA IN LAW,1/1/1989,,
JP/R/1899,,IBRAHIM,GWARZO,SAMMANI,M,CLERICAL OFFICER,PERMANENT,3/3/2017,3/3/2017,CLERICAL ASSISTANT,CONTISS,2,4,S.S.C.E CERTIFICATE,22/03/1995,,
JP/R/2000,,GARBA,,HASSAN  ,M,CLERICAL OFFICER,PERMANENT,4/7/2017,4/7/2017,SINIOR CLERICAL OFFICER,CONTISS,5,7,NATIONAL DIP IN PUBLIC ADMIN,14/11/1989,,
JP/R/2011,,BASHIR,MUHAMMAD,KIYAWA,M,OFFICE ATTENDANT,PERMANENT,4/3/2017,4/3/2017,OFFICE ATTENDANT II,CONTISS,2,4,S.S.C.E CERTIFICATE,1/1/1993,,
JP/R/2019,,ALIYU,,MUUZ’A,M,LABOURER,PERMANENT,4/3/2017,4/3/2017,LABOURER,CONTISS,1,4,S.S.C.E CERTIFICATE,12/11/1982,,
JP/R/2020,,ALIYU,NAZIRU,AHMED,M,OFFICE ATTENDANT,PERMANENT,31/03/2017,31/03/2017,OFFICE ATTENDANT II,CONTISS,2,4,S.S.C.E CERTIFICATE,4/9/1996,,
JP/R/2021,,RABI’U ,,HASSAN,M,LABOURER,PERMANENT,31/03/2017,31/03/2017,LABOURER,CONTISS,1,3,PRIMARY CERTIFICATE,18/03/1989,,
JP/R/2022,,ABDULJABBAR,,ALIYU,M,CLERICAL OFFICER,PERMANENT,4/4/2017,4/4/2017,CLERICAL ASSISTANT,CONTISS,2,4,S.S.C.E CERTIFICATE,13/06/1991,,
JP/R/2024,,AHMED,,ABUBAKAR,M,LABOURER,PERMANENT,4/4/2017,4/4/2017,LABOURER,CONTISS,1,4,PRIMARY CERTIFICATE,1/2/1989,,
JP/R/2025,,ABDULLAHI,,BALA,M,LABOURER,PERMANENT,4/4/2017,4/4/2017,LABOURER,CONTISS,1,4,S.S.C.E CERTIFICATE,1/10/1987,,
JP/R/2026,,IBRAHIM,,KAMILU,M,LABOURER,PERMANENT,31/03/2017,31/03/2017,LABOURER,CONTISS,1,4,PRIMARY CERTIFICATE,1/1/1990,,
JP/R/2027,,ABDULRASHID,,MUKTAR,M,LABOURER,PERMANENT,31/03/2017,31/03/2017,LABOURER,CONTISS,1,4,PRIMARY CERTIFICATE,1/2/1992,,
JP/R/2028,,YAHAYA,,ABBAS,M,LABOURER,PERMANENT,31/03/2017,31/03/2017,LABOURER,CONTISS,1,4,PRIMARY CERTIFICATE,20/02/1979,,
JP/R/2032,,DALHATU,,BELLO,M,CLERICAL OFFICER,PERMANENT,4/5/2017,4/5/2017,CLERICAL ASSISTANT,CONTISS,2,5,S.S.C.E CERTIFICATE,18/06/1992,,
JP/R/2034,,ALHASSAN,,ISYAKA,M,LABOURER,PERMANENT,26/04/2017,26/04/2017,LABOURER,CONTISS,1,4,PRIMARY CERTIFICATE,1/1/1991,,
JP/R/2049,,ILIYA,,IBRAHIM,M,PLANT OPERATOR,PERMANENT,25/04/2017,25/04/2017,PLANT OPERATOR,CONTISS,2,4,S.S.C.E CERTIFICATE,10/5/1991,,
JP/R/2050,,NAZIRU,,SALISU,M,PLANT OPERATOR,PERMANENT,25/04/2017,25/04/2017,PLANT OPERATOR,CONTISS,2,4,S.S.C.E CERTIFICATE,1/1/1992,,
JP/R/2051,,BASHIR,SULEIMAN,IBRAHIM,M,CLERICAL OFFICER,PERMANENT,20/04/2017,20/04/2017,CLERICAL ASSISTANT,CONTISS,2,4,S.S.C.E CERTIFICATE,12/2/1993,,
JP/R/2052,,HAFSAT,,JUNAIDU,F,LABOURER,PERMANENT,26/04/2017,26/04/2017,LABOURER,CONTISS,1,4,PRIMARY CERTIFICATE,15/04/1986,,
JP/R/2082,,HUSSAINI,,IBRAHIM,M,CLERICAL OFFICER,PERMANENT,6/1/2017,6/1/2017,A.E.O,CONTISS,5,3,DIPLOMA IN LAW,5/7/1992,,
JP/R/2084,,ABBAS,AMINU,SADIQ,M,CLERICAL OFFICER,PERMANENT,1/2/2017,1/2/2017,A.E.O,CONTISS,5,3,NATIONAL DIPLOMA IN BUSSENESS,28/05/1988,,
JP/R/2103,,SAGIR,,MUHAMMAD,M,NIGHT WATCHMAN,PERMANENT ,25/09/2017,25/09/2017, WATCHMAN I,CONTISS,2,5,S.S.C.E CERTIFICATE,15/10/1990,,
JP/R/2104,,NAZIRU,ADO,KAZAURE ,M,NIGHT WATCHMAN,PERMANENT ,9/7/2017,9/7/2017,CHIEF WATCHMAN,CONTISS,5,3,DIPLOMA IN PUBLIC ADMIN,10/8/1983,,
JP/R/2108,,ADO,MUKTAR,SULEIMAN,M,DRIVER/MECHANIC,PERMANENT ,26/09/2017,26/09/2017,DRIVER/ MECHANIC III,CONTISS,2,3,"TRADE TEST I,II,III.",26/04/1994,,
JP/R/2109,,UMORU,MOHAMMED,VANKI,M,NIGHT WATCHMAN,PERMANENT ,13/09/2017,13/09/2017,WATCHMAN I,CONTISS,2,3,S.S.C.E CERTIFICATE,1/1/1989,,
JP/R/2111,,NURA,,MAGAJI,M,NIGHT WATCHMAN,PERMANENT ,25/09/2017,25/09/2017,WATCHMAN I,CONTISS,2,3,S.S.C.E,2/6/1973,,
JP/R/2112,,SALISU,,ABDULLAHI,M,NIGHT WATCHMAN,PERMANENT ,28/09/2017,28/09/2017,CHIEF WATCHMAN,CONTISS,5,3,DIPLOMA IN LOCAL GOVERNMENT STUDIES,2/3/1990,,
JP/R/2114,,ALI,GARBA,DARMA,M,SECURITY,PERMANENT ,10/3/2017,10/3/2017,SENIOR PATROLMAN,CONTISS,3,3,S.S.C.E CERTIFICATE,10/10/1964,,
JP/R/2115,,MUS’AB,,IBRAHIM,M,NIGHT WATCHMAN,PERMANENT ,28/09/2017,28/09/2017,WATCHMAN I,CONTISS,2,3,S.S.C.E CERTIFICATE,30/04/1989,,
JP/R/2140,,HUSSAINI,,YAU,M,SECURITY,PERMANENT ,15/12/2017,15/12/2017,PATROLMAN,CONTISS,2,3,S.S.C.E. CERTIFICATE,14/08/1992,,
JP/R/2141,,LADI,,MUSA,F,SECURITY,PERMANENT ,15/12/2017,15/12/2017,PATROLWOMAN,CONTISS,2,3,S.S.C.E. CERTIFICATE,29/04/1982,,
JP/R/2142,,FLORA,,ADAMU,F,SECURITY,PERMANENT ,15/12/2017,15/12/2017,ASSISTANT PATROL SUPERVISOR,CONTISS,4,2,S.S.C.E. CERTIFICATE,1/3/1993,,
JP/R/2143,,NA’IMA,,SULAIMAN,F,SECURITY,PERMANENT ,15/12/2017,15/12/2017,PATROLWOMAN,CONTISS,2,3,S.S.C.E. CERTIFICATE,10/1/1997,,
JP/R/2144,,FATIMA,,GARBA,F,SECURITY,PERMANENT ,15/12/2017,15/12/2017,PATROLWOMAN,CONTISS,2,3,S.S.C.E. CERTIFICATE,4/4/1990,,
JP/R/2146,,MUSTAPHA,,MUHD,M,LABORATORY ASSISTANT,PERMANENT ,20/02/2018,20/02/2018,LABORATRY ATTANDANT,CONTISS,2,2,S.S.C.E. CERTIFICATE,1/1/1994,,
JP/R/2147,,IDRIS,,DAN-AZIMI,M,LABORATORY ASSISTANT,PERMANENT ,20/02/2018,20/02/2018,LABORATRY ATTANDANT,CONTISS,2,1,S.S.C.E. CERTIFICATE,6/12/1984,,
JP/R/2149,,BASHIR,ISYAKU,MUHAMMAD,M,LABORATORY ASSISTANT,PERMANENT ,20/02/2018,20/02/2018,LABORATRY ATTANDANTS,CONTISS,2,2,S.S.C.E. CERTIFICATE,12/8/1989,,
JP/R/2150,,AHMAD,RABI’U,USMAN,M,LABORATORY ASSISTANT,PERMANENT ,21/02/2018,20/02/2018,LABORATRY ATTANDANCE II,CONTISS,2,2,S.S.C.E. CERTIFICATE,11/2/1990,,
JP/R/2191,,ABDULLAHI ,GARBA,,M,SECURITY,PERMANENT ,20/04/2018,8/5/2018,PATROL SUPERVISOR ,CONTISS,5,1,DIPLOMA CERTIFICATE,1/7/1976,,
JP/R/2192,,YUSUF ,DAHIRU ,,M,SECURITY,PERMANENT ,27/04/2018,5/8/2018,PATROLMAN ,CONTISS,2,2,S.S.C.E CERTIFICATE ,5/12/1987,,
JP/R/2194,,IDRIS ,SHU`AIBU ,,M ,SECURITY,PERMANENT ,27/04/2018,5/8/2018,PATROLMAN ,CONTISS,2,2,S.S.C.E CERTIFICATE ,20/02/1980,,
JP/R/2195,,ISMA`ILA ,ISYAKU ,,M ,SECURITY,PERMANENT ,27/04/2018,5/8/2018,SENIOR PATROLMAN ,CONTISS,3,2,S.S.C.E CERTIFICATE ,23/12/1973,,
JP/R/2196,,SHEHU ,ADAMU ,,M ,SECURITY,PERMANENT ,27/04/2018,5/8/2018,PATROLMAN ,CONTISS,2,2,S.S.C.E CERTIFICATE ,9/3/1988,,
JP/R/2197,,UMAR ,WADA,LIMAWA,M,SECURITY,PERMANENT ,27/04/2018,5/8/2018,PATROL SUPERVISOR ,CONTISS,5,1,ADVANCE DIPLOMA ,31/12/1989,,
JP/R/2357,,USMAN ,ALHAJI,ABUBAKAR,M,SECURITY,PERMANENT,8/3/2018,8/3/2018,PATROL SUPERVISOR,CONTISS,5,2,DIPLOMA IN SOCIAL WORK,15/06/1983,,
JP/R/2381,,USMAN,,ABUBAKAR,M,DRIVER/MECHANIC,PERMANENT ,7/6/2018,7/6/2018,DRIVER,CONTISS,2,3,DRIVEN LICENCE,2/7/1992,,
JP/R/2393,,ABDULLAHI,,ALIYU,M,MEDICAL LAB. ASSISTANT,PERMANENT,8/1/2018,8/1/2018,MEDICAL LABORATORY ASSISTANT,CONTISS,3,3,MEDICAL LABORATORY ASSISTANT CERTIFICATE,10/7/1992,,
JP/R/2400,,HABIBU ,,SHEHU,M,SECURITY,PERMANENT,8/9/2018,8/9/2018,PATROLMAN,CONTISS,2,2,S.S.C.E CERTIFICATE,31/12/1989,,
JP/R/2403,,AUWALU ,,SHEHU,M,HERDSMAN,PERMANENT,9/6/2018,9/6/2018,HERDSMAN I,CONTISS,2,1,S.S.C.E CERTIFICATE,14/12/1971,,
JP/R/2412,,MUHAMMAD,,SULEIMAN,M,DRIVER/MECHANIC,PERMANENT,11/1/2018,11/6/2018,DRIVER III,CONTISS,2,2,S.S.C.E CERTIFICATE,30/12/1984,,
JP/R/2414,,HALADU,SANI,YUSUF,M,DRIVER/MECHANIC,PERMANENT,11/1/2018,11/5/2018,DRIVER II,CONTISS,3,9,DIPLOMA IN ARABIC EDUCATION,15/01/1987,,
JP/R/2416,,BALA ,SHEHU,,M,SECURITY,PERMANENT,12/11/2018,14/12/2018,PATROLMAN,CONTISS,2,2,S.S.C.E CERTIFICATE,17/03/1987,,
JP/R/2417,,YUSHAU,SANI,,M,SECURITY,PERMANENT,12/11/2018,12/12/2018,PATROLMAN,CONTISS,2,2,S.S.C.E CERTIFICATE,15/08/1989,,
JP/R/2422,,AISHATU,,ABDULLAHI,F,CLERICAL,PERMANENT,2/1/2019,2/1/2019,CLERICAL OFFICER,CONTISS,2,1,S.S.C.E CERTIFICATE,16/02/1993,,
JP/R/2438,,BELLO,,SHUAIBU,M,DRIVER/MECHANIC,PERMANENT,30/07/2019,30/07/2019,DRIVER III,CONTISS,2,1,DIPLOMA IN ISLAMIC/HAUSA/ENGLISH,3/7/1988,,
JP/R/2452,,ABDULLAHI,,JIBRIN,M,SECURITY,PERMANENT,18/10/2019,11/12/2019,PATROLMAN,CONTISS,2,3,SSCE CERTIFICATE.,3/10/1994,,
JP/R/2454,,NAFIU,BALARABE,USMAN,M,CLERICAL,PERMANENT,18/10/2019,11/12/2019,CLERICAL OFFICER I,CONTISS,4,3,DIPLOMA,27/01/1984,,
JP/R/2456,,HARUNA,,MAGAJI,M,OFFICE ATTENDANT,PERMANENT,18/10/2019,11/12/2019,OFFICE ATTENDANT,CONTISS,2,3,SSCE CERTIFICATE.,24/08/1977,,
JP/R/2459,,SUWAIBA,,SULAIMAN,F,CLERICAL ASSISTANT,PERMANENT,18/10/2019,11/12/2019,CLERICAL ASSISTANT,CONTISS,2,3,SSCE CERTIFICATE.,8/2/1983,,
JP/R/2460,,SHAMSU,ISHAQ,ALIYU,M,CLERICAL,PERMANENT,18/10/2019,11/12/2019,CLERICAL ASSISTANT,CONTISS,2,3,SSCE CERTIFICATE.,6/11/1983,,
JP/R/2461,,IBRAHIM,,AMINU,M,SECURITY,PERMANENT,18/10/2019,11/12/2019,PATROLMAN,CONTISS,2,3,SSCE CERTIFICATE,6/11/1997,,
JP/R/2462,,AHMAD,ILIYASU,TIJJANI,M,OFFICE ATTENDANT,PERMANENT,18/10/2019,11/12/2019,OFFICE ATTENDANT,CONTISS,2,3,SSCE CERTIFICATE,12/2/1994,,
JP/R/2463,,USAINI,JIBRIN,ADAMU,M,CLERICAL,PERMANENT,18/10/2019,10/12/2019,CLERICAL ASSISTANT,CONTISS,2,3,SSCE CERTIFICATE,11/4/1992,,
JP/R/2464,,SADIQ,,HARUNA,M,LIBRARY ASSISTANT,PERMANENT,18/10/2019,11/12/2019,SENIOR LIBRARY ASSISTANT,CONTISS,4,3,SSCE CERTIFICATE,24/08/1990,,
JP/R/2465,,ABDULWAHAB ,,IBRAHIM,M,LIBRARY ASSISTANT,PERMANENT,18/10/2019,11/12/2019,SENIOR LIBRARY ASSISTANT,CONTISS,4,3,DIPLOMA IN LIBRARY & INFORMATION SCIENCES,6/5/1989,,
JP/R/2466,,ABUBAKAR,MAINA ,SADIQ,M,OFFICE ATTENDANT,PERMANENT,18/10/2019,11/12/2019,OFFICE ATTENDANT,CONTISS,2,3,SSCE CERTIFICATE,4/1/1999,,
JP/R/2467,,ISA,,ADAMU,M,OFFICE ATTENDENT,PERMANENT,18/10/2019,20/12/2019,OFFICE ATTENDENT,CONTISS,2,3,SSCE,26/04/1992,,
JP/R/2467,,ISAH,,ADAMU,M,OFFICE ATTENDENT,PERMANENT,18/10/2019,20/12/2019,OFFICE ATTENDENT,CONTISS,2,3,SSCE,264/1992,,
JP/R/2469,,REBECCA,LIMAN ,MAITALA,F,SECURITY,PERMANENT,18/10/2019,13/11/2019,PATROL WOMAN,CONTISS,2,3,SSCE CERTIFICATE,12/7/1992,,
JP/R/2470,,HASSANA,LAWAL,MUAMMAD,F,CLERICAL,PERMANENT,18/10/2019,13/11/2019,CLERICAL OFFICER I,CONTISS,2,3,SSCE CERTIFICATE,Apr-85,,
JP/R/2471,,DEBORA,BWALA ,ANGAYA,F,CLERICAL ATTENDANT,PERMANENT,18/10/2019,12/11/2019,CLERICAL ATTENDANT,CONTISS,4,3,DIPLOMA IN CIVIL LAW ,8/4/1972,,
JP/R/2472,,ISMA'IL ,,ABDULWAHAB,M,LABORATORY ATTENDANT,PERMANENT,18/10/2019,11/12/2019,LABORATORY ATTENDANT,CONTISS,2,3,SSCE CERTIFICATE,26/03/1989,,
JP/R/2473,,ADAMU ,,SULEIMAN,M,CLERICAL,PERMANENT,27/09/2019,11/12/2019,CLERICAL ASSISTANT,CONTISS,2,3,SSCE CERTIFICATE,17/10/1997,,
JP/R/2474,,USAMA,,AUWALU,M,OFFICE ATTENDANT,PERMANENT,18/10/2019,11/12/2019,OFFICE ATTENDANT,CONTISS,2,3,SSCE CERTIFICATE,5/2/1999,,
JP/R/2475,,AUWALU,,AMINU,M,OFFICE ATTENDANT,PERMANENT,18/10/2020,14/12/2019,OFFICE ATTENDANT,CONTISS,2,3,SSCE CERTIFICATE,7/11/1997,,
JP/R/2479,,MUSTAPHA,,ADAMU,M ,GARDENER,PERMANENT,18/10/2019,13/12/2019,GARDENER 1,CONTISS,2,3,SSCE CERTIFICATE,8/11/1989,,
JP/R/2488,,ALIYU,MAIFADA,BASHIR,M,CLERICAL,PERMANENT,18/10/2019,8/11/2019,CLERICAL ASSISTANT,CONTISS,2,3,SSCE CERTIFICATE,27/11/1985,,
JP/R/2489,,TANKO,,SUNDAY,M,SECURITY,PERMANENT,18/10/2019,18/11/2019,PATROLMAN ,CONTISS,2,3,NCE IN PES/ISC,1/1/1984,,
JP/R/2490,,ABUBAKAR,MUHAMMAD,,M,SECURITY,PERMANENT,18/10/2019,,PATROLMAN,CONTISS,2,3,SSCE CERTIFICATE,5/10/1984,,
JP/R/2491,,HABU ,,AHMADU,M,GARDENER ,PERMANENT,18/10/2019,14/11/2019,GARDENER 1,CONTISS,2,3,CERTIFICATE IN GENERAL GARDENING,15/05/1989,,
JP/R/2492,,MOHAMED ,,NASIR ,M,CLERICAL,PERMANENT,18/10/2019,14/11/2019,CLERICAL ASSISTANT,CONTISS,2,3,SSCE CERTIFICATE,20/12/1976,,
JP/R2493,,AISHA ,,BELLO,F,HALL ATTENDANT,PERMANENT,18/10/2019,14/11/2019,HALL ATTENDANT,CONTISS,2,3,SSCE CERTIFICATE,4/2/1992,,
JP/R/2494,,ABDULLAHI,,ABUBAKAR,M,LABORATORY ATTENDANT,PERMANENT,18/10/2019,14/11/2019,LABORATORY ATTENDANT,CONTISS,2,3,SSCE CERTIFICATE,1/1/1998,,
JP/R/2495,,ALKASIM,IBRAHIM,BADAMASI,M,GARDENER ,PERMANENT,18/10/2019,14/11/2019,GARDENER 2,CONTISS,1,3,PRIMARY CERTIFICATE,8/12/1982,,
JP/R/2497,,BASHIR,,IBRAHIM,M,CLERICAL,PERMANENT,18/10/2019,15/11/2019,CLERICAL ASSISTANT,CONTISS,2,3,SSCE CERTIFICATE,10/1/1999,,
JP/R/2498,,UMMI ,,ABDULLAHI,F,CLERICAL ASSISTANT,PERMANENT,18/10/2019,14/11/2019,CLERICAL ASSISTANT,CONTISS,2,3,NATIONAL DIPLOMA,30/12/1987,,
JP/R/2501,,SALISU,IDRIS,ALIYU,M,ICT,PERMANENT,18/10/2019,14/11/2019,DATA PROCESSING ASSISTANT,CONTISS,4,3,BSC ICT,25/06/1989,,
JP/R/2502,,HUSSAINI,HAMZA,,M,SECURITY,PERMANENT,18/10/2019,14/11/2019,WATCHMAN II,CONTISS,1,3,SSCE CERTIFICATE,15/06/1984,,
JP/R/2503,,ADAMU,SHEHU,,M,SECURITY,PERMANENT,18/10/2019,13/11/2019,WATCHMAN II,CONTISS,1,3,SSCE CERTIFICATE,15/02/1985,,
JP/R/2504,,BILKISU,SAFIYANU,,F,ENVIRONMENTAL,PERMANENT,18/10/2019,18/11/2019,SENIOR ENVIRONMENTAL HEALTH ASSISTANT,CONTISS,4,3,DIPLOMA IN ENVIRONMENTAL HEALTH,25/07/1995,,
JP/R/2505,,AISHATU,ABUBAKAR,,F,OFFICE ATTENDANT,PERMANENT,18/10/2019,15/11/2019,HALL ATTENDANT,CONTISS,2,3,SSCE CERTIFICATE,30/09/1979,,
JP/R/2506,,ADAMU,YAHUZA,,M,SECURITY,PERMANENT,18/10/2019,13/11/2019,WATCHMAN II,CONTISS,1,3,PRIMARY CERTIFICATE,31/12/1988,,
JP/R/2507,,NUHU ,GARBA,,M,SECURITY,PERMANENT,18/10/2019,14/11/2019,WATCHMAN I,CONTISS,2,3,SSCE,4/3/1981,,
JP/R/2508,,ARABO,ADAMU,,M,CLERICAL,PERMANENT,18/10/2019,19/11/2019,CLERICAL ASSISTANT,CONTISS,2,3,SSCE CERTIFICATE,1/1/1987,,
JP/R/2509,,MUHAMMAD,MUSA ,SULEIMAN,M ,WATCHMAN ,PERMANENT,18/10/2019,14/11/2019,WATCHMAN,CONTISS,1,3,SSCE CERTIFICATE,22/02/1991,,
JP/R/2510,,GAMBO ,,IBRAHIM,M,SECURITY,PERMANENT,18/10/2019,14/11/2019,WATCHMAN,CONTISS,1,3,SSCE CERTIFICATE,10/1/1993,,
JP/R/2511,,IDRIS,,UMAR,M,SECURITY,PERMANENT,18/10/2019,14/11/2019,WATCHMAN,CONTISS,1,3,SSCE CERTIFICATE,1/4/1985,,
JP/R/2512,,IDRIS,SANUSI,,M,SECURITY,PERMANENT,18/10/2019,14/11/2019,WATCHMAN II,CONTISS,1,3,SSCE CERTIFICATE,25/04/1989,,
JP/R/2513,,IBRAHIM,FAGOJI,SULE,M,SECURITY,PERMANENT,18/10/2019,14/11/2019,WATCHMAN II,CONTISS,1,3,SSCE CERTIFICATE,23/03/1991,,
JP/R/2514,,USMAN,,KAMALUDDEEN,M,SECURITY,PERMANENT,18/10/2019,14/11/2019,WATCHMAN II,CONTISS,1,3,PRIMARY CERTIFICATE,4/10/1997,,
JP/R/2515,,SHUAIBU,,AHMADU,M,SECURITY,PERMANENT,18/10/2019,14/11/2019,WATCHMAN II,CONTISS,1,3,PRIMARY CERTIFICATE,6/4/1989,,
JP/R/2516,,MUHAMMAD,KHALID,AUWAL,M,CLERICAL,PERMANENT,18/10/2019,14/11/2019,CLERICAL ASSISTANT I,CONTISS,2,3,SSCE CERTIFICATE,2/2/1990,,
JP/R/2517,,IDI,,LAWAN,M,SECURITY,PERMANENT,18/10/2019,15/11/2019,WATCHMAN II,CONTISS,1,3,PRIMARY CERTIFICATE,31/12/1983,,
JP/R/2518,,BELLO ,,ZAYYANU,M,SECURITY,PERMANENT,18/10/2019,14/11/2019,WATCHMAN 1,CONTISS,2,3,SSCE CERTIFICATE,10/5/1986,,
JP/R/2519,,BASIRU ,,ABUBAKAR,M,SECURITY,PERMANENT,18/10/2019,14/11/2019,WATCHMAN 2,CONTISS,2,3,SSCE CERTIFICATE,6/7/1990,,
JP/R/2520,,HALIRU,,AHMADU,M,SECURITY,PERMANENT,18/10/2019,14/11/2019,WATCHMAN 3,CONTISS,2,3,PRIMARY CERTIFICATE,1/3/1990,,
JP/R/2521,,USMAN,,YUNUSA,M,CLERICAL,PERMANENT,18/10/2019,20/11/2019,CLERICAL ASSISTANT,CONTISS,2,3,DIPLOMA IN ENGLISH & ISLAMIC EDUCATION,12-Jun,,
JP/R/2522,,IBRAHIM,,ISHAKA,M,SECURITY,PERMANENT,18/10/2019,14/11/2019,WATCHMAN 1,CONTISS,2,3,SSCE CERTIFICATE,7/4/1984,,
JP/R/2523,,UBALE,SHAFIU,HARUNA,M,SECURITY,PERMANENT,18/10/2019,14/11/2019,WATCHMAN I,CONTISS,2,3,SSCE CERTIFICATE,10/9/1988,,
JP/R/2524,,KHADIJA,SULEIMAN,ABDULHAMID,F,CLERICAL,PERMANENT,18/10/2019,14/11/2019,CLERICAL ASSISTANT,CONTISS,2,3,SSCE CERTIFICATE,14/01/1994,,
JP/R/2525,,ADAMU,,AMINU,M,SECURITY,PERMANENT,18/10/2019,14/11/2019,WATCHMAN II,CONTISS,1,3,SSCE CERTIFICATE,5/2/1988,,
JP/R/2526,,AYUBA ,,SABO,M,SECURITY,PERMANENT,18/10/2019,14/11/2019,WATCHMAN II,CONTISS,1,3,PRIMARY CERTIFICATE,5/3/1976,,
JP/R/2527,,MAGAJI,,AMINU,M,SECURITY,PERMANENT,18/10/2019,14/11/2019,WATCHMAN II,CONTISS,1,3,PRIMARY CERTIFICATE,16/06/1979,,
JP/R/2528,,MURTALA,,MUHAMMED,M,SECURITY,PERMANENT,18/10/2019,14/11/2019,WATCHMAN II,CONTISS,2,3,SSCE CERTIFICATE,7/4/1987,,
JP/R/2529,,KABIRU,,ABDULSALAM,M,SECURITY,PERMANENT,18/10/2019,14/11/2019,WATCHMAN I,CONTISS,2,3,SSCE CERTIFICATE,12/8/1990,,
JP/R/2530,,YAKUBU,,NURA,M,SECURITY,PERMANENT,18/10/2019,14/11/2019,WATCHMAN I,CONTISS,2,3,SSCE CERTIFICATE,2/5/1994,,
JP/R/2531,,SHEHU,,RABIU,M,SECURITY,PERMANENT,18/10/2019,14/11/2019,WATCHMAN II,CONTISS,1,3,PRIMARY CERTIFICATE,3/5/1988,,
JP/R/2532,,SANUSI,BADAWI,AHMAD,M,CLERICAL,PERMANENT,18/10/2019,19/11/2019,CLERICAL OFFICER I,CONTISS,4,3,DIPLOMA,27/07/1991,,
JP/R/2533,,SHAM'UN,ABDULHAMID,SA'AD,M,ICT,PERMANENT,18/10/2019,19/11/2019,DATA PROCESSING ASSISTANT,CONTISS,4,3,DIPLOMA,13/06/1988,,
JP/R/2534,,DAHIRU,,MUSA,M,SECURITY,PERMANENT,18/10/2019,18/11/2019,WATCHMAN II,CONTISS,1,3,PRIMARY CERTIFICATE,25/06/1980,,
JP/R/2535,,AHMED,,ABUBAKAR,M,CLERICAL,PERMANENT,18/10/2019,15/11/2019,CLERICAL ASSISTANT,CONTISS,2,3,SSCE CERTIFICATE,19/08/1993,,
JP/R/2536,,ABDULLAHI,,HASSAN,M,CLERICAL,PERMANENT,18/10/2019,15/11/2019,CLERICAL OFFICER I,CONTISS,4,3,DIPLOMA,5/5/1994,,
JP/R/2537,,AMINU,,HASSAN,M,CLERICAL,PERMANENT,18/10/2019,15/11/2019,CLERICAL OFFICER ,CONTISS,4,3,DIPLOMA,10/1/1997,,
JP/R/2538,,AMADU,,SULE,M,SECURITY,PERMANENT,18/10/2019,14/11/2019,SENIOR PATROL MAN,CONTISS,3,3,SSCE CERTIFICATE,3/12/1980,,
JP/R/2539,,AUWALU,,ABUBAKAR,M,GARDENER,PERMANENT,18/10/2019,14/11/2019,GARDENER I,CONTISS,2,3,SSCE CERTIFICATE,29/02/1996,,
JP/R/2540,,AHMAD,,DALHATU,M,DRIVER,PERMANENT,18/10/2019,6/1/2020,DRIVER III,CONTISS,2,3,SSCE CERTIFICATE,2/3/1988,,
JP/R/2541,,BALA ,,YAHAYA,M,ATTENDENT,PERMANENT,18/10/2019,14/11/2019,FORESTRY ATTENDENT,CONTISS,2,3,SSCE CERTIFICATE,10/101993,,
JP/R/2542,,SHEHU,,GARBA,M,GARDENER,PERMANENT,18/10/2019,14/11/2019,GARDENER I,CONTISS,2,3,SSCE CERTIFICATE,1/1/1983,,
JP/R/2543,,YAZID,HASSAN,YUNUSA,M,ICT,PERMANENT,18/10/2019,14/11/2019,DATA PROCESSING ASSISTANT,CONTISS,4,3,DIPLOMA,10/9/1993,,
JP/R/2544,,ABUBAKAR,KABIRU,A.,M,GARDENER,PERMANENT,18/10/2019,14/11/2019,GARDENER I,CONTISS,2,3,SSCE CERTIFICATE,8/10/1995,,
JP/R/2545,,FATIMA,IBRAHIM,ADAMU,F,CLERICAL,PERMANENT,18/10/2019,14/11/2019,CLERICAL ASSISTANT,CONTISS,2,3,SSCE CERTIFICATE,3/4/1994,,
JP/R/2546,,JAMILU,,SAFIYANU,M,SECURITY,PERMANENT,18/10/2019,13/11/2019,PATROLMAN,CONTISS,2,3,SSCE CERTIFICATE,30/12/1988,,
JP/R/2547,,ABDU,AMADU,TIJJANI,M,OFFICE ATTENDANT,PERMANENT,18/10/2019,14/11/2019,OFFICE ATTENDENT,CONTISS,2,3,SSCE CERTIFICATE,25/01/1992,,
JP/R/2548,,AMADU,,BARAU,M,SECURITY,PERMANENT,18/10/2019,14/11/2019,PATROLMAN,CONTISS,2,3,SSCE CERTIFICATE,2/1/1989,,
JP/R/2549,,SHAMSU,,MUHAMMAD,M,LABORATORY ATTENDANT,PERMANENT,18/10/2019,13/11/2019,LABORATORY ATTENDANT II,CONTISS,2,3,SSCE CERTIFICATE,1/1/1990,,
JP/R/2550,,GARBA,,ALI,M,CLEANER,PERMANENT,18/10/2019,15/11/2019,HEAD CLEANER,CONTISS,2,3,SSCE CERTIFICATE,15/02/1976,,
JP/R/2551,,ZUWAIRA,,UBALE,F,LABOURER,PERMANENT,18/10/2019,11/12/2019,LABOURER,CONTISS,1,3,PRIMARY CERTIFICATE,6/10/1993,,
JP/R/2552,,MAIJIDDA,,ABDULLAHI,F,LABOURER,PERMANENT,18/10/2019,14/11/2019,LABOURER,CONTISS,1,3,PRIMARY CERTIFICATE,15/01/1973,,
JP/R/2553,,HAUWA,,MUSA,F,LABOURER,PERMANENT,18/10/2019,1/11/2019,LABOURER,CONTISS,1,3,PRIMARY CERTIFICATE,1/1/1988,,
JP/R/2554,,SADIYA,,SALE,F,LABOURER,PERMANENT,18/10/2019,5/11/2019,LABOURER,CONTISS,1,3,PRIMARY CERTIFICATE,30/10/1986,,
JP/R/2555,,HAFSAT,,IBRAHIM,F,LABOURER,PERMANENT,18/10/2019,14/11/2019,LABOURER,CONTISS,1,3,PRIMARY CERTIFICATE,20/07/1996,,
JP/R/2556,,HAJARA,,YUSUF,F,LABOURER,PERMANENT,18/10/2019,11/1/2019,LABOURER,CONTISS,1,3,PRIMARY CERTIFICATE,24/10/1968,,
JP/R/2557,,PAUL ,,ELIZABETH,F,LABOURER,PERMANENT,18/10/2019,14/11/2019,HEAD LABOURER,CONTISS,2,3,SSCE CERTIFICATE,3/1/1978,,
JP/R/2558,,SARATU,,ABUBAKAR,F,LABOURER,PERMANENT,18/10/2019,11/5/2019,LABOURER,CONTISS,1,3,PRIMARY CERTIFICATE,15/08/1989,,
JP/R/2559,,LADI,,MUSA,F,LABOURER,PERMANENT,18/10/2019,14/11/2019,LABOURER,CONTISS,1,3,PRIMARY CERTIFICATE,11/1/1984,,
JP/R/2561,,YAHANASU,,ABDULLAHI,F,LABOURER,PERMANENT,18/10/2019,1/11/2019,LABOURER,CONTISS,1,3,PRIMARY CERTIFICATE,11/1/1970,,
JP/R/2562,,ASABE ,ALIYU,GARBA,F,LABOURER,PERMANENT,18/10/2019,15/11/2019,LABOURER,CONTISS,1,3,PRIMARY,20/03/1982,,
JP/R/2563,,JAMILU,MUHAMMAD,ADAM,M,CLERICAL,PERMANENT,18/10/2019,14/11/2019,CLERICAL OFFICER I,CONTISS,4,3,DIPLOMA (LAW),1/1/1992,,
JP/R/2573,,ABDUSSAMAD,MUSA,SALISU,M,OFFICE ATTENDANT,PERMANENT,18/10/2019,18/11/2019,OFFICE ATTENDENT,CONTISS,2,3,SSCE,6/6/1996,,
JP/R/2577,,TUKUR,,ILIYA,M,HALL ATTENDANT,PERMANENT,18/10/2019,14/11/2019,HALL ATTENDANT,CONTISS,2,3,SSCE,5/6/2000,,
JP/R/2578,,HASSAN,,ABUBAKAR,M,OFFICE ATTENDANT,PERMANENT,18/10/2019,18/11/2019,OFFICE ATTENDENT,CONTISS,2,3,SSCE,25/10/1990,,
JP/R/2579,,AHMED,,ISAH,M,CLERICAL,PERMANENT,18/10/2019,14/11/2019,CLERICAL ASSISTANT,CONTISS,2,3,SSCE,20/01/1994,,
JP/R/2580,,IKLIMA,,HUSSEINI,M,CLERICAL,PERMANENT,18/10/2019,14/11/2019,CLERICAL ASSISTANT,CONTISS,2,3,SSCE,25/05/1992,,
JP/R/2582,,MALAMI,,BABAJI,M,ICT,PERMANENT,18/10/2019,15/11/2019,DATA PROCESSING ASSISTANT,CONTISS,4,3,DIPLOMA,20/05/1978,,
JP/R/2583,,NURA,,GARBA,M,GARDENER,PERMANENT,18/10/2019,14/11/2019,GARDENER II,CONTISS,1,3,PRIMARY,18/04/1997,,
JP/R/2584,,ABDULRAHMAN,AHMED,MAHDI,M,GARDENER I,PERMANENT,18/10/2019,11/12/2019,GARDENER I,CONTISS,2,3,SSCE,1/1/1995,,
JP/R/2585,,MUBARAK,,SANI,M,CLERICAL,PERMANENT,18/10/2019,11/12/2019,CLERICAL ASSISTANT,CONTISS,2,3,SSCE,3/2/1998,,
JP/R/2586,,SAMINU ,,YAU,M,CRAFTSMAN,PERMANENT,18/10/2019,15/11/2019,ASSISTANT CRAFTMAN (PLUMBER),CONTISS,2,3,SSCE,23/01/1991,,
JP/R/2587,,ABDULLAHI,ALIYU,ADAMU,M,CLERICAL,PERMANENT,28/09/2019,11/12/2019,CLERICAL OFFICER I,CONTISS,4,3,DIPLOMA,30/01/1988,,
JP/R/2588,,HAJARA,,MOHAMMED,F,LABOURER,PERMANENT,18/10/2019,15/11/2019,LABOURER,CONTISS,2,3,SSCE,5/10/1991,,
JP/R/2589,,SADIYA,,HADEJIA,F,CARETAKING,PERMANENT,18/10/2019,15/11/2019,CARETAKER,CONTISS,4,3,DIPLOMA,13/02/1990,,
JP/R/2590,,ILIYASU,,UBALI,M,OFFICE ATTENDANT,PERMANENT,18/10/2019,14/11/2019,OFFICE ATTENDENT,CONTISS,2,3,SSCE,4/4/1990,,
JP/R/2591,,ABUBAKAR,USMAN,BILYAMINU,M,DRIVER,PERMANENT,18/10/2019,14/11/2019,DRIVER III,CONTISS,2,3,SSCE,4/10/1985,,
JP/R/2592,,ISMAILA ,ALIYU,ADAMU,M,SECURITY,PERMANENT,18/10/2019,15/11/2019,PATROLMAN,CONTISS,2,3,SSCE,23/06/1978,,
JP/R/2593,,FALMATA,,WAKIL,F,OFFICE ATTENDANT,PERMANENT,18/10/2019,15/11/2019,OFFICE ATTENDENT,CONTISS,2,3,SSCE,8/8/1992,,
JP/R/2594,,SALISU,DANISA,ABUBAKAR,M,GARDENER,PERMANENT,18/10/2019,15/11/2019,GARDENER I,CONTISS,2,3,SSCE,,,
JP/R/2595,,USMAN,YUSIF,MUSTAPHA,M,CLERICAL,PERMANENT,18/10/2019,15/11/2019,CLERICAL ASSISTANT,CONTISS,2,3,SSCE,1/1/1994,,
JP/R/2596,,ALIYU,ABDULLAHI,ISMA’IL,M,OFFICE ATTENDANT,PERMANENT,18/10/2019,15/11/2019,OFFICE ATTENDENT,CONTISS,2,3,SSCE,7/2/1988,,
JP/R/2597,,UMARU,WAZIMTU,HASSAN P.,M,CLERICAL,PERMANENT,18/10/2019,30/12/2019,CLERICAL ASSISTANT,CONTISS,2,3,SSCE,19/08/1988,,
JP/R/2599,,HAFSAT,,SAIDU,F,OFFICE ATTENDANT,PERMANENT,18/10/2019,15/11/2019,HALL ATTENDANT,CONTISS,2,3,SSCE,4/11/1979,,
JP/R/2600,,ABDULMAJID,,NASIR ,M,LABORATORY ATTENDANT,PERMANENT,18/10/2019,14/11/2019,LABORATORY ATTENDENT,CONTISS,2,3,SSCE,20/05/1997,,
JP/2601,,USMAN,MIKAIL,UMAR,M,LABORATORY ATTENDANT,PERMANET,18/06/2019,14/11/2019,FACULTY BASIC MEDICAL LABORATORY,CONTISS,2,3,SSCE,31/12/1998,,
JP/R/2603 ,,ISA ,ADO,UMAR,M,HEALTH ATTENDANT,PERMANENT,18/10/2019,11/12/2019,JUNIOR STAFF ESTABLISMENT,CONTISS,2,3,SSCE,9/12/1990,,
JP/R/2604,,ABDULAZIZ,,SULEMAN,M,CONFDENTIAL SECRETARY,PERMANENT,18/10/2019,12/11/2019,JUNIOR STAFF ESTABLISMENT,CONTISS,4,3,DIPLOMER,8/10/1988,,
JP/R/2605,,ISA,A,UMAR,M,OFFICE ATTENDANT,PERMANENT,18/10/2019,11/12/2019,OFFICE ATTENDANT,CONTISS,2,3,SSCE,4/4/1995,,
JP/R/2608,,ABDULMAJIID,,GARBA,M,HEAD CLEANER,PERMANENT,18/10/2019,11/12/2019,HEAD CLEANER,CONTISS,2,3,SSCE,20/10/1994,,
JP/R/2609,,UMAR,MUHAMMAD,TUKUR,M,CLERICAL OFFICER,PERMANENT,18/10/2019,11/12/2019,CLERICAL OFFICER,CONTISS,4,3,DIPLOMA,21/11/1988,,
JP/R/2611,,IBRAHIM,SANI ,MUSBAHU,M,PATROLMAN,PERMANENT,18/10/2019,11/12/2019,PATROLMAN ,CONTISS,2,3,SSCE,22/11/1991,,
JP/R/2615,,HARISU,,MUSA,M,CLERICAL ASSISTANT,PERMANENT,18/10/2019,13/11/2019,CLERICAL ASSISTANT,CONTISS,2,3,SSCE,3/1/1997,,
JP/R/2616,,NASIRU,,MUAMMAD,M,HEAD CLEANER,PERMANENT,18/10/2019,18/11/2019,HEAD CLEANER,CONTISS,2,3,SSCE,5/11/1989,,
JP/R/2617,,MUHAMMAD,,SUNISI,M,PATROLMAN,PERMANENT,18/10/2019,11/8/2019,PATROLMAN ,CONTISS,2,3,SSCE,2/2/1989,,
JP/R/2618,,ALAJI,,NURA,M,CLERICAL ASSISTANT,PERMANENT,18/10/2019,20/11/2019,CLERICAL ASSTANT ,CONTISS,2,3,SSCE,17/06/1995,,
JP/R/2620,,SALISU,,SADAM,M,CLARICAL ASSISTANT,PERMANENT,18/10/2019,15/11/2019,CLERICAL ASSISTANT,CONTISS,2,3,SSCE,28/09/1995,,
JP/R/2621,,PACRICK ,,MOSES,M,SENIOR PATROL MAN ,PERMANENT,18/10/2019,18/11/2019,SENIOR PATROLMAN,CONTISS,3,3,SSCE,12/11/1988,,
JP/R/2622,,SAFIYA,,SUAIBU,F,HALL ATTENDANT,PERMANENT,18/10/2019,14/11/2019,HALL ATANDANT,CONTISS,2,3,SSCE,2/11/1988,,
JP/R/2623,,SADIYA,,UMAR,F,HALL ATTENDANT,PERMANENT,18/10/2019,15/11/2019,HALL ATANDANT,CONTISS,2,3,SSCE,5/10/1978,,
JP/R/2624,,HAMSATU,,GARBA,F,CLERICAL OFFICCR,PERMANENT,18/10/2019,15/11/2019,CLERICAL OFFICER,CONTISS,2,3,SSCE,10/1/1982,,
JP/R/2625 ,,TIKAM,,UGUDA,M,PATROLMAN,PERMANENT,18/101/2019,15/11/2019,PATROLMAN,CONTISS,2,3,SSCE,6/1/1986,,
JP/R/2627,,HGAJARA,,MOHAMMED,F,LABORER,PERMANENT,18/10/2019,11/12/2019,LABORAR,CONTISS,1,2,PRI,3/3/1980,,
JP/R/2628,,HUSAINI ,HUHD,NUHU,M,OFFICE ATTENDANT,PERMANENT,18/10/2019,15/11/2019,OFFICE ATANDANT,CONTISS,2,3,SSCE,1/1/1988,,
JP/R/2629,,SADIQ,,MUSA,M,PATROLMAN,PERMANENT,18/10/2019,18/11/2019,PATROLMAN,CONTISS,2,3,SSCE,4/11/1987,,
JP/R/2631,,ABBA,,LAWAN,M,OFFICE ATTENDANT,PERMANENT,18/10/2019,18/11/2019,OFFICE ATTENDENT,CONTISS,2,3,SSCE,4/7/1994,,
JP/R/2632,,SALEH,,MUSA,M,CLERICAL OFFICER 1,PERMANENT,18/10/2019,15/11/2019,CLERICAL OFFICER,CONTISS,4,3,DIPLOMA,9/9/1989,,
JP/R/2633,,ZAHARADDIN,,USMAN,M,OFFICE ATTENDANT,PERMANENT,18/10/2019,15/11/2019,OFFICE ATAENDENT,CONTISS,2,3,SSCE,,,
JP/R/2634,,AMINU,ALIYU,GIMBA,M,SENIOR ENVIROMENTAL ASSISTANT,PERMANENT,18/10/2019,15/11/2019,SENIOR ENVIROMENTEL,CONTISS,4,3,DIPLOMER,12/3/1991,,
JP/R/2635,,ADAMU,,MOHAMMED,M,SECURITY,PERMANENT,18/10/2019,15/11/2019,PATROLMAN,CONTISS,2,3,SSCE,25/05/1980,,
JP/R/2638,,MUHAMMAD,ARI,HABIBA,F,CLEANER,PERMANENT,18/10/2019,18/11/2019,HEAD CLEANER,CONTISS,2,3,SSCE,10/4/1993,,
JP/R/2639,,AISHA,TIMTA,ADAMU,F,CLERICAL,PERMANENT,18/10/2019,14/11/2019,CLERICAL OOFICER I,CONTISS,4,3,DIPLOMA,9/11/1996,,
JP/R/2640,,HAMZAH,,ISAH,M,OFFICE ATTENDANT,PERMANENT,18/10/2019,15/11/2019,OFFICE ATTENDENT,CONTISS,2,3,SSCE,5-May,,
JP/R/2641,,MARYAM,,AHMAD,F,LABOURER,PERMANENT,18/10/2019,15/11/2019,LABOURER,CONTISS,1,3,PRIMARY,5/3/1984,,
JP/R/2642,,GLORY,,FRIDAY,F,LABOURER,PERMANENT,18/10/2019,15/11/2019,HEAD LABOURER,CONTISS,2,3,SSCE,1/1/1985,,
JP/R/2644,,DABO,ISHAKU,NANKWAT,F,LABOURER,PERMANENT,18/10/2019,15/11/2019,HEAD LABOURER,CONTISS,2,3,SSCE,04/0/1990,,
JP/R/2645,,VERONICA,KOBO,M.,F,LABOURER,PERMANENT,18/10/2019,15/11/2019,HEAD LABOURER,CONTISS,2,3,SSCE,21/07/1983,,
JP/R/2646,,AUWALU,MARKE,MUSA,M,CLERICAL,PERMANENT,18/10/2019,15/11/2019,LABOURER,CONTISS,2,3,SSCE,6/3/1989,,
JP/R/2647,,ABDULSALAM ,LAWAN,MUHD,M,CLERICAL,PERMANENT,18/10/2019,18/11/2019,CLERICAL ASSISTANT,CONTISS,2,3,SSCE,9/12/2000,,
JP/R/2648,,ADO,,LAWAN,M,OFFICE ATTENDANT,PERMANENT,18/10/2019,19/11/2019,OFFICE ATTENDENT,CONTISS,2,3,SSCE,2/1/1996,,
JP/R/2649,,MARYAM,,ABUBAKAR,F,CLEANER,PERMANENT,18/10/2019,15/11/2019,CLEANER,CONTISS,1,3,PRIMARY,1/1/1975,,
JP/R/2650,,ALI,,ABDULLAHI,M,LABOURER,PERMANENT,18/10/2019,12/12/2019,HEAD LABOURER,CONTISS,2,3,SSCE,3/2/1993,,
JP/R/2651,,BELLO ,,YUNUSA,M,LABOURER,PERMANENT,18/10/2019,1/6/2020,PATROLMAN,CONTISS,2,3,SSCE,7/7/1991,,
JP/R/2652,,IBRAHIM,IZGE,AFAMAI,M,ICT,PERMANENT,18/10/2019,8/1/2020,TECHICAL ASSISTANT I,CONTISS,4,3,DIPLOMA,30/12/1969,,
JP/R/2659,,BELLO ,,UMAR,M,OFFICE ATTENDANT,PERMANENT,18/10/2019,18/12/2019,OFFICE ATTENDENT,CONTISS,2,3,SSCE,6/4/1994,,
JP/R/2661,,USMAN,ABUBAKAR,MAIDALA,M,CLERICAL,PERMANENT,18/10/2019,30/12/2019,CLERICAL OFFICER I,CONTISS,4,3,DIPLOMA,20/01/1995,,
JP/R/2668,,ABUBAKAR,ADAMU,AHMAD,M,FISHERIES,PERMANENT,18/10/2019,12/12/2019,SENIOR FISHERIES ASSITANT,CONTISS,4,3,DIPLOMA,1/1/1993,,
JP/R/2669,,DINI,A.,SADIQ,M,CLERICAL,PERMANENT,18/10/2019,19/11/2019,CLERICAL ASSISTANT,CONTISS,2,3,SSCE,15/05/1982,,
JP/R/2670,,RABIU,ISHAQ,ISAH,M,CLERICAL,PERMANENT,18/10/2019,19/12/2019,CLERICAL ASSISTANT,CONTISS,2,3,SSCE,7/6/1987,,
JP/R/2671,,SULAIMAN,ABUBAKAR,YAKUBU,M,CLERICAL,PERMANENT,18/10/2019,17/12/2019,CLERICAL OFFICER I,CONTISS,4,3,DIPLOMA,17/01/1980,,
JP/R/2672,,AMINU,,MOHAMMED,M,OFFICE ATTENDANT,PERMANENT,18/10/2019,7/1/2020,OFFICE ATTENDENT,CONTISS,2,3,SSCE,7/5/1992,,
JP/R/2673,,AISHABA,,YAKUBU,F,OFFICE ATTENDANT,PERMANENT,18/10/2019,12/11/2019,OFFICE ATTENDENT,CONTISS,2,3,SSCE,21/12/1994,,
JP/R/2674,,SHEHU,,MUKTAR,M,STORE OFFICER,PERMANENT,18/10/2019,27/12/2019,SENIOR STORE KEEPER,CONTISS,4,3,DIPLOMA,9/11/1989,,
JP/R/2676,,HARUNA,SAGIRU,ISHAQ,M,OFFICE ATTENDANT,PERMANENT,18/10/2019,19/12/2019,OFFICE ATTENDENT,CONTISS,2,3,SSCE,2/1/1999,,
JP/R/2677,,BASHIR,AUWALU,INUSA,M,ICT,PERMANENT,18/10/2019,12/11/2019,DATA PROCESSING ASSISTANT,CONTISS,4,3,DIPLOMA,1/1/1989,,
JP/R/2680,,NAJAATU,JAURO,ABDULKARIM,F,CLERICAL,PERMANENT,18/10/2019,12/10/2019,CLERICAL OFFICER I,CONTISS,4,3,DIPLOMA,1/1/1988,,
JP/R/2681,,USMAN,UMAR,,M,ATTENDENT,PERMANENT,18/10/2019,19/11/2019,HALL ATTENDANT,CONTISS,2,3,SSCE,25/04/1977,,
JP/R/2682,,HALEN,MOSES,,M,LABOURER,PERMANENT,18/10/2019,17/12/2019,LABOURER,CONTISS,1,3,PRIMARY,12/5/1978,,
JP/R/2686,,ABDULLAHI,ABUBAKAR,BELLO,M,OFFICE ATTENDANT,PERMANENT,18/10/2019,19/12/2019,OFFICE ATTENDENT,CONTISS,2,3,SSCE,6/1/1992,,
JP/R/2694,,KASSIM,,GADDAFI,M,OFFICE ATTENDANT,PERMANENT,18/10/2019,16/12/2019,OFFICE ATTENDENT,CONTISS,2,3,SSCE,19/09/1995,,
JP/R/2695,,YAKUBU,,MUSA,M,OFFICE ATTENDANT,PERMANENT,18/10/2019,19/12/2019,OFFICE ATTENDENT,CONTISS,2,3,SSCE,20/11/2019,,
JP/R/2698,,BALA ,,MUSA,M,OFFICE ATTENDANT,PERMANENT,18/10/2019,17/12/2019,OFFICE ATTENDENT,CONTISS,2,3,SSCE,10/1/1993,,
JP/R/2707,,AHMED,KYARI,ALHAJI,M,LABORATORY,PERMANENT,18/10/2019,19/12/2019,LABORATORY,CONTISS,4,3,DIPLOMA,1/10/1992,,
JP/R/2709,,BASHIR,,YAU,M,LABOURER,PERMANENT,18/10/2019,17/12/2019,HEAD LABOURER,CONTISS,2,3,SSCE,4/9/1992,,
JP/R/2710,,ANAS,,YUSUF,M,LABOURER,PERMANENT,18/10/2019,17/12/2019,HEAD LABOURER,CONTISS,2,3,SSCE,6/7/1990,,
JP/R/2711,,ALI,UMAR,A.,M,OFFICE ATTENDENT,PERMANENT,11/12/2019,18/12/2019,OFFICE ATTENDENT,CONTISS,2,3,SSCE,20/05/1996,,
JP/R/2712,,ADAMU ,,USMAN,M,LABOURER,PERMANENT,18/10/2019,31/12/2019,HEAD LABOURER,CONTISS,2,3,SSCE,10/5/1969,,
JP/R/2713,,ABBA,,AHMED,M,LABOURER,PERMANENT,18/10/2019,19/11/2019,HEAD LABOURER,CONTISS,2,3,SSCE,15/01/1988,,
JP/R/2714,,AMINU,,ABDULLAHI,M,LABOURER,PERMANENT,18/10/2019,31/12/2019,HEAD LABOURER,CONTISS,2,3,SSCE,25/05/1981,,
JP/R/2715,,HASHIM,,HASSAN,M,LABOURER,PERMANENT,18/10/2019,2/1/2020,HEAD LABOURER,CONTISS,2,3,SSCE,1/1/1980,,
JP/R/2716,,MOHAMMADD,,ILU,M,LABOURER,PERMANENT,18/10/2019,31/12/2019,HEAD LABOURER,CONTISS,2,3,SSCE,8/1/1985,,
JP/R/2717,,SHUAIBU,,USMAN,M,LABOURER,PERMANENT,18/10/2019,16/12/2019,HEAD LABOURER,CONTISS,2,3,SSCE,3/3/1983,,
JP/R/2718,,SULEIMAN,,ADAMU,M,LABOURER,PERMANENT,18/10/2019,17/12/2019,HEAD LABOURER,CONTISS,2,3,SSCE,25/02/1994,,
JP/R/2719,,IDRIS,,UBANI,M,LABOURER,PERMANENT,18/10/2019,17/12/2019,LABOURER,CONTISS,1,2,PRIMARY CERTIFICATE,6/6/1982,,
JP/R/2720,,JIBRIN ,,MOHAMMED,M,LABOURER,PERMANENT,18/10/2019,19/11/2019,HEAD LABOURER,CONTISS,2,3,SSCE,1/1/1995,,
JP/R/2721,,SADIYA,,IBRAHIM,F,CLERICAL,PERMANENT,18/10/2019,18/12/2019,CLERICAL ASSISTANT,CONTISS,2,3,SSCE,1/1/1988,,
JP/R/2724,,YAKUBU,,MAGAJI,M,LABOURER,PERMANENT,18/10/2019,16/12/2019,HEAD LABOURER,CONTISS,2,3,SSCE,2/2/1993,,
JP/R/2724,,YAKUBU,,MAGAJI,M,LABOURER,PERMANENT,18/10/2019,16/12/2019,HEAD LABOURER,CONTISS,2,3,SSCE,2/2/1993,,
JP/R/2726,,ABUBAKAR,TURA,ABDULLAHI,M,CLERICAL,PERMANENT,11/12/2019,17/12/2019,CLERICAL ASSISTANT,CONTISS,2,3,SSCE,29/12/1989,,
JP/R/2728,,JAZULI ,,UMAR,M,CLERICAL,PERMANENT,11/12/2019,18/12/2019,CLERICAL OFFICER 1,CONTISS,4,3,DIPLOMA IN MARKETING,9/8/1991,,
JP/R/2729,,MUTTAKA, WADA ,MUHAMMAD,M,OFFICE ATTENDANT,PERMANENT,11/12/2019,23/12/2019,OFFICE ATTENDENT,CONTISS,2,3,SSCE,4/8/1993,,
JP/R/2730,,ABDULRAHMAN,,SABO,M,CLERICAL,PERMANENT,11/12/2019,18/12/2019,CLERICAL OFFICER 1,CONTISS,4,3,DIPLOMA IN LAW,30/03/1993,,
JP/R/2731,,SAGIR ,,IBRAHIM,M,FIRE ATTENDANT ,PERMANENT,18/10/2019,19/11/2019,FIRE ATTENDANT,CONTISS,1,3,PRIMARY CERTIFICATE,2/5/1982,,
JP/R/2732,,YUSUF ,,MAGAJI,M,LABOURER,PERMANENT,18/10/2019,19/12/2019,HEAD LABOURER,CONTISS,2,3,SSCE,10/8/1980,,
JP/R/2733,,BABANGIDA ,,IBRAHIM,M,CLERICAL,PERMANENT,18/10/2019,19/11/2019,CLERICAL OFFICER 1,CONTISS,4,3,DIPLOMA IN COMPUTER,10/11/1989,,
JP/R/2734,,BASHIR ,,ABDULLAHI,M,LABOURER,PERMANENT,18/10/2019,19/11/2019,HEAD LABOURER,CONTISS,2,3,SSCE,10/3/1995,,
JP/R/2737,,YAKUBU ,,YUSUF,M,OFFICE ATTENDANT,PERMANENT,11/12/2019,23/12/2019,OFFICE ATTENDENT,CONTISS,2,3,SSCE,30/12/1993,,
JP/R/2741,,MUKTAR,,MUSA,M,LABOURER,PERMANENT,18/10/2019,13/12/2019,HEAD LABOURER,CONTISS,2,3,SSCE,7/3/1990,,
JP/R/2742,,USMAN,,AHMED,M,LABOURER,PERMANENT,18/10/2019,19/12/2019,HEAD LABOURER,CONTISS,2,3,SSCE,11/11/1993,,
JP/R/2743,,SADIK,,INUSA,M,LABOURER,PERMANENT,18/10/2019,19/12/2019,HEAD LABOURER,CONTISS,2,3,SSCE,1/1/1990,,
JP/R/2744,,WADA,,MUHAMMAD,M,LABOURER,PERMANENT,18/10/2019,19/12/2019,LABOURER,CONTISS,1,3,SSCE,4/1/1998,,
JP/R/2745,,BALA,KHANNA,MOHAMMED,M,LABOURER,PERMANENT,18/10/2019,8/1/2020,HEAD LABOURER,CONTISS,2,3,SSCE,11/8/1994,,
JP/R/2746,,UMAR,ZAMBUK,ABUBAKAR,M,CLERICAL,PERMANENT,18/10/2019,19/12/2019,CLERICAL OFFICER 1,CONTISS,4,3,DIPLOMA,15/01/1983,,
JP/R/2750,,MOHAMMAD,,ANAS,M,CLERICAL ,PERMANENT,19/12/2019,19/12/2019,CLERICAL ASSISTANT ,CONTISS,2,3,NCE,16/03/1988,,
JP/R/2751,,SANI,,YAKUBU,M,LABOURER,PERMANENT,18/10/2019,19/12/2019,HEAD LABOURER,CONTISS,2,3,PRIMARY CERTIFICATE,16/02/1981,,
JP/R/2752,,MOHAMMED ,,MUSA,M,LABOURER,PERMANENT,18/10/2019,19/12/2019,HEAD LABOURER,CONTISS,2,3,PRIMARY CERTIFICATE,1/1/1980,,
JP/R/2753,,ABDULSALAM,,MOHAMMED,M,LABOURER,PERMANENT,18/10/2019,19/12/2019,HEAD LABOURER,CONTISS,2,3,SSCE,1/2/1989,,
JP/R/2754 ,,KABIRU,,ALI,M,LABOURER,PERMANENT,18/10/2019,19/12/2019,HEAD LABOURER,CONTISS,2,3,PRIMARY CERTIFICATE,8/10/1980,,
JP/R/2755,,SHEHU ,,MUBARAK,M,LABOURER,PERMANENT,18/10/2019,18/12/2019,HEAD LABOURER,CONTISS,2,3,SSCE,18/12/1997,,
JP/R/2757,,MOHAMMAD,,ZUBAIRU,M,LABOURER,PERMANENT,18/10/2019,19/12/2019,HEAD LABOURER,CONTISS,2,3,SSCE,10/5/1988,,
JP/R/2758,,HAMISU,,SHEHU,M,LABOURER,PERMANENT,148/10/2019,19/12/2019,LABOURER,CONTISS,2,3,SSCE,7/1/1994,,
JP/R/2759,,IDRIS,,AHMED,M,LABOURER,PERMANENT,11/12/2019,19/12/2019,HEAD LABOURER,CONTISS,2,3,SSCE,1/1/1981,,
JP/R/2762,,BUHARI ,,BASIRU,M,LABOURER,PERMANENT,18/10/2019,20/12/2019,HEAD LABOURER,CONTISS,2,3,SSCE,10/8/1996,,
JP/R/2764,,KAUNA,,ISHAKU,F,LABOURER,PERMANENT,18/10/2019,19/12/2019,HEAD LABOURER,CONTISS,2,3,SSCE,8/9/1989,,
JP/R/2767,,IBRAHIM,,UMAR,M,LABOURER,PERMANENT,18/10/2019,20/12/2019,HEAD LABOURER,CONTISS,2,3,PRIMARY CERTIFICATE,1/1/1981,,
JP/R/2768,,HASSAN,,UMAR,M,LABOURER,PERMANENT,18/10/2019,20/12/2019,LABOURER,CONTISS,1,3,PRIMARY CERTIFICATE,28/31/1984,,
JP/R/2769,,SHUAIBU,,YAU,M,LABOURER,PERMANENT,18/10/2019,20/12/2019,HEAD LABOURER,CONTISS,2,3,SSCE,11/12/1980,,
JP/R/2770,,ISYAKU,,MUHAMMAD,M,LABOURER,PERMANENT,18/10/2019,20/12/2019,LABOURER,CONTISS,1,3,PRIMARY CERTIFICATE,15/02/1985,,
JP/R/2773,,AMINU,JIBRIN,AUWALU,M,LABOURER,PERMANENT,18/10/2019,24/12/2019,HEAD LABOURER,CONTISS,2,3,SSCE,3/4/1994,,
JP/R/2774,,KHALIL,MUHAMMAD,MUHAMMAD,M,CLERICAL,PERMANENT,18/10/2019,19/12/2019,CLERICAL ASSISTANT,CONTISS,2,3,SSCE,4/6/1987,,
JP/R/2775,,MUHAMMAD,A.,NASIR,M,LABOURER,PERMANENT,18/10/2019,9/1/2020,HEAD LABOURER,CONTISS,2,3,SSCE,1/1/1992,,
JP/R/2776,,GARBA,,MASA'UDU,M,LABOURER,PERMANENT,18/10/2019,20/12/2019,LABOURER,CONTISS,1,3,PRIMARY CERTIFICATE,1/1/1989,,
JP/R/2777,,MU'AZU,,IDRIS,M,LABOURER,PERMANENT,18/10/2019,20/12/2019,HEAD LABOURER,CONTISS,2,3,SSCE,7/7/1998,,
JP/R/2778,,ALHASSAN,,UMAR,M,LABOURER,PERMANENT,18/10/2019,19/12/2019,HEAD LABOURER,CONTISS,2,3,SSCE,15/03/1996,,
JP/R/2779,,SUNUSI,,YAHAYA,M,LABOURER,PERMANENT,18/10/2019,20/12/2019,HEAD LABOURER,CONTISS,2,3,SSCE,2/2/1992,,
JP/R/2780,,YAHAYA,,SAIDU,M,LABOURER,PERMANENT,18/10/2019,20/12/2019,HEAD LABOURER,CONTISS,2,3,SSCE,1/1/1994,,
JP/R/2781,,MUSA,,AMADU,M,LABOURER,PERMANENT,18/10/2019,20/12/2019,HEAD LABOURER,CONTISS,2,3,SSCE,13/05/1997,,
JP/R/2782,,BASIRU,,DALHATU,M,LABOURER,PERMANENT,18/10/2019,20/12/2019,HEAD LABOURER,CONTISS,2,3,SSCE,1/1/1996,,
JP/R/2783,,ABDULLAHI,,ADAMU,M,CLERICAL,PERMANENT,18/10/2019,19/12/2019,CLERICAL OFFICER 1,CONTISS,4,3,DIPLOMA,10/8/1998,,
JP/R/2784,,ABUBAKAR,,JAFAR,M,OFFICE ATTENDENT,PERMANENT,11/12/2019,19/12/2019,OFFICE ATTENDENT,CONTISS,2,3,SSCE,25/03/1990,,
JP/R/2787,,TIJJANI,USMAN,SHEHU,M,CLERICAL,PERMANENT,18/12/2019,30/12/2019,CLERICAL ASSISTANT,CONTISS,2,3,SSCE,15/05/1998,,
JP/R/2790,,UMAR,,YAHAYA,M,LABOURER,PERMANENT,18/10/2019,20/12/2019,HEAD LABOURER,CONTISS,2,3,SSCE,1/1/1991,,
JP/R/2791,,TUKUR,,SAMAILA,M,LABOURER,PERMANENT,18/10/2019,20/12/2019,LABOURER,CONTISS,1,3,PRIMARY CERTIFICATE,25/04/1988,,
JP/R/2805,,LAWAL,SAGIR,BELLO,M,CLERICAL,PERMANENT,18/12/2019,30/12/2019,CLERICAL OFFICER 1,CONTISS,4,3,DIPLOMA,17/11/1981,,
JP/R/2806,,ABUBAKAR,,SALISU,M,CLERICAL,PERMANENT,18/12/2019,30/12/2019,CLERICAL OFFICER (ACCOUNT),CONTISS,4,3,DIPLOMA,17/07/1996,,
JP/R/2808,,ZUBAIRU,,MUHAMMED,M,LABORATORY,PERMANENT,18/12/2019,30/12/2019,LABORATORY ATTENDENT,CONTISS,2,3,SSCE,31/05/1992,,
JP/R/2811,,NUHU ,,NAZIFI,M,OFFICE ATTENDENT,PERMANENT,18/12/2019,2/1/2020,OFFICE ATTENDENT,CONTISS,2,3,SSCE,2/5/1998,,
JP/R/2814,,WADA,,MUSTAPHA,M,CLERICAL,PERMANENT,18/12/2019,31/12/2019,CLERICAL ASSISTANT,CONTISS,2,3,SSCE,3/9/1986,,
JP/R/2826,,MUFTAHU,,ILIYASU,M,CLERICAL,PERMANENT,18/10/2019,2/1/2020,CLERICAL ASSISTANT,CONTISS,2,3,SSCE,4/4/2000,,
JP/R/2827,,NASIR,MUHD,MUSTAPHA,M,CLERICAL,PERMANENT,18/12/2019,2/1/2020,CLERICAL OFFICER,CONTISS,2,3,SSCE,9/11/1990,,
JP/R/2828,,YUNUSA,,NURA,M,LABORATORY,PERMANENT,23/12/2019,30/12/2019,LABORATORY ATTENDENT II,CONTISS,2,3,SSCE,10/3/1993,,
JP/R/2829,,IBRAHIM,,UMAR,M,LABORATORY,PERMANENT,18/12/2019,2/1/2020,LABORATORY ATTENDENT,CONTISS,2,3,SSCE,20/08/1998,,
JP/R/2836,,AHMAD,,UMAR,M,CLERICAL,PERMANENT,23/12/2019,2/1/2020,CLERICAL ASSISTANT,CONTISS,2,3,SSCE,25/09/1996,,
JP/R/2837,,ADAMU ,,ABUBAKAR,M,LABOURER,PERMANENT,23/12/2019,6/1/2020,HEAD LABOURER,CONTISS,2,3,SSCE,1/3/1989,,
JP/R/2839,,IBRAHIM,MUSA,IDRIS,M,CLERICAL,PERMANENT,18/12/2019,7/1/2020,CLERICAL OFFICER I,CONTISS,4,3,DIPLOMA,15/10/1991,,
JP/R/2841,,MUHAMMAD,ABUBAKAR,MUKAFFA,M,CLERICAL,PERMANENT,23/12/2019,6/1/2020,CLERICAL OFFICER I,CONTISS,4,3,DIPLOMA,14/03/1990,,
JP/R/2842,,MUHAMMAD,,BARA'U,M,OFFICE ATTENDENT,PERMANENT,11/12/2019,2/1/2020,OFFICE ATTENDENT,CONTISS,2,3,SSCE,10/10/1992,,
JP/R/2845,,AMINU,,MANSUR,M,OFFICE ATTENDENT,PERMANENT,23/12/2019,3/1/2020,OFFICE ATTENDENT,CONTISS,2,3,SSCE,3/3/1997,,
JP/R/2846,,DAUDA,,USAINI,M,OFFICE ATTENDENT,PERMANENT,23/12/2019,3/1/2020,OFFICE ATTENDENT,CONTISS,2,3,SSCE,1/1/1985,,
JP/R/2848,,ABUBAKAR,,RABIU,M,OFFICE ATTENDENT,PERMANENT,18/10/2019,8/1/2020,OFFICE ATTENDENT,CONTISS,2,3,SSCE,4/1/1993,,
JP/R/2850,,SHUAIBU,LAWAN,YARO,M,CLERICAL OFFICER I,PERMANENT,23/12/2019,7/1/2020,CLERICAL OFFICER I,CONTISS,4,3,DIPLOMA,10/11/1990,,
JP/R/2851,,NAFI'U,,MURTALA,M,OFFICE ATTENDENT,PERMANENT,23/12/2019,8/1/2020,OFFICE ATTENDENT,CONTISS,2,3,SSCE,29/03/1991,,
JP/R/2852,,ANAS ,,ALI,M,DRIVER III/MECHANIC,PERMANENT,30/12/2019,8/1/2020,DRIVER III,CONTISS,2,3,SSCE,1/1/1991,,
JP/R/2853,,ALI,,SAMAILA,M,LABOURER,PERMANENT,23/12/2019,8/1/2020,HEAD LABOURER,CONTISS,2,3,SSCE,2/2/1994,,
JP/R/2858,,HADIZA,,WADA,M,HALL ATTENDENT,PERMANENT,18/12/2019,8/1/2020,HALL ATTENDETN,CONTISS,2,3,SSCE,18/01/1992,,
JP/R/2860,,HALIMA,,UMAR,M,OFFICE ATTENDENT,PERMANENT,23/12/2019,7/1/2020,OFFICE ATTENDENT,CONTISS,2,3,SSCE,4/1/1993,,
JP/R/2861,,HAKILU,,ADAMU,M,DATA PROCESSING,PERMANENT,23/12/2019,8/1/2020,DATA PROCESSING ASSISTANT ,CONTISS,4,3,DIPLOMA,6/6/1999,,
JP/R/2867,,YUSUF ,BALA,SALISU,M,DRIVER,PERMANENT,30/12/2019,13/01/2020,DRIVER III/MATE,CONTISS,2,3,SSCE,1/10/1985,,
JP/R/2868,,ALIYU,BELLO,INUSA,M,OFFICE ATTENDENT,PERMANENT,18/12/2019,9/1/2020,OFFICE ATTENDENT,CONTISS,2,3,SSCE,4/4/1999,,
JP/R/2870,,IMRANA,,MUSA,M,CRAFTSMAN,PERMANENT,23/12/2019,10/1/2020,ASSISTANT CRAFTSMAN,CONTISS,2,3,SSCE,1/1/1998,,
JP/R/2871,,MUHAMMAD,,NAYAYA,M,SECRETARY,PERMANENT,23/12/2019,10/1/2020,CONFIDENCIAL SEC. V,CONTISS,4,3,DIPLOMA,1/1/1994,,
JP/R/2872,,SANI,ADAMU,MUHD,M,CRAFTSMAN,PERMANENT,23/12/2019,10/1/2020,ASSISTANT CRAFTSMAN,CONTISS,2,3,SSCE,1/3/1993,,
JP/R/2873,,NURA,,NUHU,M,CRAFTSMAN,PERMANENT,23/12/2019,10/1/2020,ASSISTANT CRAFTSMAN,CONTISS,2,3,SSCE,23/05/1974,,
JP/R/2874,,IBRAHIM,,MUHAMMAD,M,ASSISTANT CRAFTSMAN,PERMANENT,23/12/2019,10/1/2020,ASSISTANT CRAFTSMAN,CONTISS,2,3,SSCE,27/12/1989,,
JP/R/2877,,SALISU,,SHUAIBU,M,CRAFTSMAN,PERMANENT,30/12/2019,14/01/2020,ASSISTANT CRAFTSMAN,CONTISS,2,3,SSCE,1/1/1997,,
JP/R/2878,,ABDULLAHI,,BELLO,M,CRAFTSMAN,PERMANENT,30/12/2019,,ASSISTANT CRAFTSMAN,CONTISS,2,3,SSCE,17/06/1996,,
JP/R/2879,,ABDUL'AZIZ,,IBRAHIM,M,GARDENER,PERMANENT,23/12/2019,14/01/2020,GARDENER I,CONTISS,2,3,SSCE,1/1/1998,,
JP/R/2880,,ADAMU,,IBRAHIM,M,CRAFTSMAN,PERMANENT,23/12/2019,,ASSISTANT CRAFTSMAN,CONTISS,2,3,SSCE,15/04/1979,,
JP/R/2886,,KABIRU,YUSUF,YA'U,M,CRAFTSMAN,PERMANENT,23/12/2019,15/01/2020,ASSISTANT CRAFTSMAN,CONTISS,2,3,SSCE,20/08/1991,,
JP/R/2887,,MUHAMMAD,,SHUAIBU,M,LABORATORY ATTENDANT,PERMANENT,1/8/2020,17/01/2020,LABORATORY ATTENDENT,CONTISS,2,3,SSCE,3/2/1993,,
JP/R/2888,,ABDULLAHI,,MUSA,M,CRAFTSMAN,PERMANENT,23/12/2019,21/01/2020,ASSISTANT CRAFTSMAN,CONTISS,2,3,SSCE,15/04/1974,,
JP/R/2892,,INUWA,,USAMATU,M,GARDENER 1,PERMANENT,12/11/2019,22/01/2020,GARDENER I,CONTISS,2,3,SSCE,6/5/1986,,
JP/R/2893,,MUSA,,GARBA,M,CRAFTSMAN,PERMANENT,18/10/2019,22/01/2020,ASSISTANT CRAFTSMAN,CONTISS,2,3,SSCE,2/1/1984,,
JP/R/2894,,STELLA,,OKOYE,F,GARDENER 1,PERMANENT,23/12/2019,2/4/2020,GARDENER 1,CONTISS,2,3,SSCE,19/10/1993,,
JP/R/3081,,ABBA,IBRAHIM,SULEIMAN,M,OFFICER ATTENDANT,PERMANENT,13/01/2020,5/10/2020,LABORATORY ATTENDANT,CONTISS,2,3,SSCE,14/12/1994,,
JP/R/3082,,ABBA,SAIFULLAHI,SULEIMAN,M,CLERICAL,PERMANENT,13/01/2020,5/10/2020,CLERICAL ASSISTANT,CONTISS,2,3,SSCE,1/5/1993,,
JP/R/3084,,JIBRIN ,,YAHUZA,M,CLERICAL,PERMANENT,13/01/2020,2/10/2020,CLERICAL OFFICER I,CONTISS,4,3,DIPLOMA,1/10/1986,,
JP/R/3112,,BASHIR,UMAR,MUHAMMAD,M,CLERICAL,PERMANENT,13/01/2020,13/01/2020,CLERICAL OFFICER 1,CONTISS,4,2,OND,13/02/1986,,
JP/R/3113,,MUHAMMED,MUHAMMED,,M,CLERICAL,PERMANENT,13/01/2020,13/01/2020,CLERICAL OFFICER 1,CONTISS,4,2,OND LAW,15/04/1987,,
JP/R/3114,,MOHAMMED,MAHDI,,M,CLERICAL,PERMANENT,13/01/2020,13/01/2020,CLERICAL ASSISTANT,CONTISS,2,3,S.S.C.E,15/03/1988,,
JP/R/3115,,ABDULMUMINU,SAIDU,,M,CLERICAL,PERMANENT,13/01/2020,13/01/2020,CLERICAL ASSISTANT,CONTISS,2,3,SSCE,15/03/1994,,
JP/R/3126,,SULAIMANU,ABDULLAHI,,M,CLERICAL,PERMANENT,13/01/2020,13/01/2020,CLERICAL OFFICER 1,CONTISS,4,2,OND,11/12/1979,,
JP/R/27676,,IBRAHIM,,UMAR,M,LABOURER,PERMANENT,18/10/2019,20/12/2019,LABOURER,CONTISS,1,3,PRIMARY CERTIFICATE,5/2/1978,,
JP/R/3132,,DAHIRU,,ABDULRASHEED,M,DRIVER,PERMANENT,1/12/2020,1/12/2020,DRIVER/MECHANIC II,CONTISS,3,2,TRADE TEST,20/02/1986,,
