STAFF NO,TITLE,FIRST NAME,MIDDLE NAME,LAST NAME,GENDER,CADRE,NATURE OF APPOINTMENT,DATE OF 1ST APPOINTMENT,DATE OF PRESENT APPOINTMENT,PRESENT RANK,SALARY STRUCTURE,GRADE LEVEL,STEP,QUALIFICATION,D.O.B,E-MAIL,PHONE NUMBER
SP/R/003,,MUHD,SANUSI,S. KIRU,M,ADMINISTRATIVE,PERMANENT,1/3/2011,1/3/2011,PRINCIPAL ASSISTANT REGISTRAR,CONTISS,13,9,BS.C GEOGRAPHY,25/07/1973,majidadikiru@gmail.com,8033330440
SP/R/004,,YAHAYA,MOHAMMAD,,M,DRIVING,PERMANENT,23/02/2012,1/10/2017,CHIEF DRIVER,CONTISS,6,2,GRADE TEST CERTIFICATE,15/06/1987,yahayamuhammed199@yahoo.com,7065866992
SP/R/010,,USMAN,BALA,BELLO,M,AUDIT,PERMANENT,12/3/2012,1/10/2017,DEPUTY DIRECTOR AUDIT,CONTISS,14,2,M. BUSINESS ADMINISTRATION,10/2/1969,usman.bala@fud.edu.ng,8028378670
SP/R/011,,HASSAN,,BALARABE,M,ACCOUNTING,PERMANENT,18/02/1991,1/10/2017,DEPUTY BURSAR,CONTISS,14,3,BS.C ACCOUNTING (ANAN)/MASTER OF ACCOUNTING AND FINANCIAL MANAGEMENT,7/7/1969,hbalarabe76@yahoo.com,8034537984
SP/R/013,,ABUBAKAR,UMAR,IBRAHIM,MF,ADMINISTRATIVE,PERMANENT,1/12/2012,1/10/2017,SENIOR ASSISTANT REGISTRAR  II,CONTISS,11,2,B SC BUSINESS ADMINISTRATION,24/09/1978,aui35@yahoo.com,8035222561
SP/R/014,,BALA,ISYAKU,ISMAIL,M,ADMINISTRATIVE,PERMANENT,11/12/2011,1/10/2017,SENIOR ASSISTANT REGISTRAR I,CONTISS,12,4,MASTERS IN BUSINESS ADMINISTRATION,12/3/1975,balafdutse@yahoo.com,8036830164
SP/R/015,,ABDULMALIK,H.,MODIBBO,M,ADMINISTRATIVE,PERMANENT,1/12/2011,1/10/2017,SENIOR ASSISTANT REGISTRAR II,CONTISS,11,2,PGD IN ACCOUNTING & FINANCE,3/7/1976,mmhamid2004@yahoo.com,8037504169
SP/R/016,,BASHIRU,,IDRIS,M,ADMINISTRATIVE,PERMANENT,1/12/2011,1/10/2017,ASSISTANT REGISTRAR,CONTISS,9,3,PGD COMMUNICATIVE ENGLISH,5/5/1979,bashsong519@gmail.com,8037593199
SP/R/017,,ABDULLAHI,,MOHAMMED,M,ADMINISTRATIVE,PERMANENT,1/12/2011,1/10/2017,ASSISTANT REGISTRAR,CONTISS,9,3,B SC.   POLITICAL SCIENCE,25/03/1982,goni.abdullahi33@gmail.com,8033516083
SP/R/018,,ISA,SALI,SONG,M,ADMINISTRATIVE LIBRARIAN,PERMANENT,1/12/2011,1/10/2014,PRINCIPAL LIBRARIAN I,CONTISS,13,3,M TECH LIBRARY & INFORMATION TECHNOLOGY,1/12/2011,issong2008@yahoo.com,8025523874
SP/R/019,,SHAMSUDEEN,MUSTAPHA,MOHAMMED,M,ADMINISTRATIVE,PERMANENT,1/12/2011,1/10/2017,ASSISTANT REGISTRAR,CONTISS,9,3,B SC.   PUBLIC ADMINISTRATION/ MASTER IN DEVELOPMENT STUDIES,15/01/1984,shamsukiru@yahoo.com,8037710282
SP/R/020,,ALIYU,,SHEHU,M,ACCOUNTING,PERMANENT,1/12/2011,10/1/2017,PRINCIPAL ACCOUNTANT,CONTISS,11,3,PGD IN ACCOUNTING & FINANCE/ MASTER OF ACCOUNTING & FINANCIAL MANAGEMENT,17/04/1977,aliyukiru@yahoo.com,8034513977
SP/R/021,,SAIFULLAHI,KABIR,DALHA,M,ADMINISTRATIVE,PERMANENT,1/8/2012,1/8/2015,ASSISTANT REGISTRAR,CONTISS,9,1,B.A. HAUSA,22/08/1985,saifullahidalha19@gmail.com,8034315328
SP/R/022,,SADIYA,MUHD,RIYAD,F,ADMINISTRATIVE,PERMANENT,5/12/2011,1/10/2017,SENIOR ASSISTANT REGISTRAR II,CONTISS,11,2,B.Sc GEOGRAPHY/ PGD IN EDUCATION,20/09/1977,sadiyariyad@fud.edu.ng,8099441345
SP/R/026,,AUWALU,ADAMU,,M,EXECUTIVE ,PERMANENT,5/11/2013,1/10/2018,EXECUTIVE OFFICER (ADMINISTRATIVE),CONTISS,6,1,GCE,3/1/1977,aauuwwaall77@gmail.com,8065400002
SP/R/030,,BASHIR,ADO,GARBA,M,EXECUTIVE,PERMANENT,15/02/2012,1/10/2017,SENIOR EXECUTIVE OFFICER (ADMINISTRATIVE),CONTISS,8,2,DIPLOMA IN PUBLIC ADMINSTRATION,25/12/1972,basiru2rng@gmail.com,"07034223201, 08076751319"
SP/R/031,,ALIYU,,GIDADO,M,EXECUTIVE,PERMANENT,15/05/2012,1/10/2018,HIGHER EXECUTIVE OFFICER (ADMINISTRATIVE),CONTISS,7,1,NATIONAL DIPLOMA IN LAW,19/02/1976,aliyugidado1234@gmail.com,8090663514
SP/R/032,,SADIQ,,ABDULRAHAMAN,M,ADMINISTRATIVE,PERMANENT,25/01/2012,1/10/2017,SENIOR ASSISTANT REGISTRAR II,CONTISS,11,2,B.Sc BUSINESS ADMINISTRATION PGD. EDUCATION,14/08/1978,sadiqabdulrahman@gmail.com,8034404721
SP/R/033,,ASHIRU,ABUBAKAR,MUSA,M,TECHNICAL,PERMANENT,5/3/2012,1/10/2017,PRINCIPAL TECHNICAL OFFICER II,CONTISS,9,2,H.N.D IN CHEMICAL ENGINEERING,1/7/1978,ashiru.musa@gmail.com,8067185372
SP/R/034,,AMINU,SANI,IBRAHIM,M,ENGINEER,PERMANENT,1/3/2012,1/10/2017,DEPUTY DIRECTOR,CONTISS,14,5,MSC QUANTITY SURVEY,17/07/1972,aminusi72@gmail.com,8035904471
SP/R/035,,ABUBAKAR,TURAWA,YOLA,M,PROCUREMENT,PERMANENT,5/3/2012,1/10/2017,ASSISTANT CHIEF PROCUREMENT OFFICER,CONTISS,12,4,HND ESTATE MANAGEMENT,8/2/1968,abubakar4yola@yahoo.com,7039653718
SP/R/036,,ZAINAB,GARBA,RINGIM,F,ADMINISTRATIVE,PERMANENT,1/3/2012,1/10/2017,ASSISTANT REGISTRAR,CONTISS,9,2,B.A. ENGLISH/ PGD IN EDUCATION,26/01/1985,zringim@gmail.com,8106100370
SP/R/038,,AHMAD,ISMA'IL,ABDULLAHI,M,EXECUTIVE,PERMANENT,2/4/2012,1/10/2017,SENIOR EXECUTIVE OFFICER (ADMINISTRATIVE),CONTISS,8,2,NCE HAUSA/ISLAMIC STUDIES,18/07/2002,abbagarkuwa006@gmail.com,8064894539
SP/R/051,,MAHMUD,,HAMID,M,ADMINISTRATIVE,PERMANENT,1/2/2012,1/10/2017,ADMINISTRATIVE OFFICER,CONTISS,8,3,B SC BUSINESS ADMINISTRATION,20/12/1989,,
SP/R/054,,MURTALA,UMAR,SHAGARI,M,ADMINISTRATIVE,PERMANENT,31/10/2012,1/10/2017,ASSISTANT REGISTRAR,CONTISS,9,2,BA (HON) LINGUISTIC,26/01/1984,murtalashagarib@gmail.com,8068704846
SP/R/055,,MUHAMMED,SHEHU,USMAN,M,ADMINISTRATIVE,PERMANENT,1/2/2012,1/10/2017,ASSISTANT REGISTRAR,CONTISS,9,2,B SC.   POLITICAL SCIENCE,25/02/1984,shehu_yabo@yahoo.co.in,8034226592
SP/R/056,,MOHAMMED,GARBA,BELLO,M,ADMINISTRATIVE,PERMANENT,1/2/2012,1/10/2016,ASSISTANT REGISTRAR,CONTISS,9,4,B SC GEOGRAPHY,20/01/1974,muhammadgarbaballe@yahoo.co.uk,8035185393
SP/R/059,,ALIYU,,ABDULKARIM,M,ARTHITECTS,PERMANENT,1/2/2012,1/10/2017,SENIOR ARCHITECH,CONTISS,9,2,B SC. ARCHITECTURE,22/06/1981,abdulkarimaliyu4@gmail.com,8156538684
SP/R/060,,KABIRU,,ISMAIL,M,LIBRARY OFFICER,PERMANENT,1/2/2012,1/10/2019,SENIOR LIBRARY OFFICER,CONTISS,8,3,DIPLOMA IN PUBLIC ADMINISTRATION/ ADVANCE DIPLOMA IN PUBLIC ADMINSTRATION,15/06/1974,kabiruismaila@gmail.com,8034617160
SP/R/061,,NAFISA,YUSUF,RINGIM,F,SYSTEM ANALYST,PERMANENT,1/2/2012,1/10/2017,SENIOR SYSTEM ANALYST,CONTISS,9,2,B SC. (HON) COMPUTER SCIENCE,23/03/1983,mrsismailsaleh@gmail.com,7032219900
SP/R/065,,ABDULLAHI,YAHYA,BELLO,M,ADMINISTRATIVE,PERMANENT,1/3/2012,1/10/2017,SENIOR ASSISTANT REGISTRAR I,CONTISS,12,4,B SC.   POLITICAL SCIENCE,13/03/1973,aybello@yahoo.com,8052178353
SP/R/067,,AMINU,YAHAYA,INUWA,M,SYSTEM ANALYST,PERMANENT,1/2/2012,18/04/2016,SYSTEM ANALYST,CONTISS,7,4,B.Sc INFORMATION TECHNOLOGY,30/05/1988,boyringim@gmail.com,7032216972
SP/R/068,,ABDULMUMINI,BALA,ABDULLAHI,M,LIBRARIAN,PERMANENT,1/4/2012,1/10/2017,LIBRARIAN I,CONTISS,9,2,B SC LIBRARY & INFORMATION  SCIENCE/ POLITICAL SCIENCE/ PGD INFORMATION MANAGEMENT,16/03/1979,abalaabdullahi@gmail.com,8033852914
SP/R/071,,MUSA,MUHAMMAD,DANKAWU,M,SYSTEM  ANALYST ,PERMANENT,1/3/2012,1/10/2018,SYSTEM  ANALYST I,CONTISS,8,2,B.Sc IN COMPUTER SCIENCE,25/12/1986,mdankawu@gmail.com,8035187398
SP/R/072,,ABDULLAHI,,UMAR,M,COACHING,PERMANENT,1/4/2012,1/10/2017,ASSISTANT CHIEF COACH,CONTISS,12,3,B SC. PHYSICAL &HEALTH. EDUCATION,3/5/1972,abdullahiumarbk@yahoo.com,8060243573
SP/R/073,,ILLIYASU,HUSSAINI,JAHUN,M,COACHING,PERMANENT,2/3/2012,1/10/2014,CHIEF COACH,CONTISS,13,2,B SC PHYSICAL &HEALTH. EDUCATION,16/03/1966,abdullahiumarbk@yahoo.com,8060243573
SP/R/074,,HAFSAT,GARBA,ABDULKADIR,M,STEWARD,PERMANENT,4/1/2012,10/1/2019,ASSISTANT CATERING OFFICER,CONTISS,6,1,ND HOTEL AND CATERING,2/8/1985,,8036448696
SP/R/075,,SANI,MUHAMMAD,ADAMU,M,EXECUTIVE,PERMANENT,2/4/2012,1/10/2017,SENIOR EXECUTIVE OFFICER (ADMINISTRATIVE),CONTISS,8,2,HND BUSINESS ADMINISTRATION,7/5/1971,sanimadam@gmail.com,8065729602
SP/R/078,,SHATTIMA,,LAWAN,M,ADMINISTRATIVE,PERMANENT,10/4/2012,1/10/2017,ASSISTANT REGISTRAR,CONTISS,9,2,B SC. BUSINESS ADMINISTRATION,4/4/1981,lawan.shettima@yahoo.com,8067641836
SP/R/079,,FATIMA,,MOHAMMED,M,SECURITY,PERMANENT,1/9/2012,1/10/2018,ASSISTANT PATROL SUPERVISOR,CONTISS,6,1,DIPLOMA IN SOCIAL ADMINISTRATION,26/12/1980,uwandansarki@gmail.com,7039710463
SP/R/080,,DANGIDA,UMAR,FARUK,M,LIBRARY ,PERMANENT,2/4/2012,1/10/2014,HIGHER  LIBRARY OFFICER,CONTISS,7,6,B A. LIBRARY & INFORMATION SCIENCE/POLITICAL SCIENCE,5/4/1987,elfaruqonmail@yahoo.com,8032751326
SP/R/081,,OLADAPO,RASHIDAT,OLAJUMOKE,F,SECRETARIAL,PERMANENT,2/4/2012,1/10/2014,PRINCIPAL CONFIDENTIAL SECRETARY,CONTISS,11,2,HND SECRETARIAL STUDIES,10/5/1976,sheedat2013@gmail.com,7058093358
SP/R/082,,HUSSAINI,,GINDAU,M,LIBRARIAN,PERMANENT,2/4/2012,1/10/2019,LIBRARIAN I,CONTISS,9,3,(BLIS) LIBRARY & INFORMATION SCIENCE,1/10/1981,hussain.gindau3@gmail.com,8062630048
SP/R/083,,ABDULLAHI,SA’IDU,MUHAMMAD,M,EXECUTIVE,PERMANENT,2/4/2012,1/10/2017,HIGHER EXECUTIVE OFFICER (ADMINISTRATIVE),CONTISS,7,2,DIPLOMA IN PUBLIC ADMINISTRATION,6/10/1980,abbajudjec@yahoo.com,8062772366
SP/R/084,,USMAN,HASSAN,MAHMUD,M,ADMINISTRATIVE,PERMANENT,4/4/2012,10/23/2019,ADMINISTRATIVE OFFICER,CONTISS,8,1,B.SC BUSINESS ADMINISTRATION,5/8/1986,usmanringim4all@gmail.com,8038316857
SP/R/086,,GARBA,YAHYA,BELLO,M,ADMINISTRATIVE,PERMANENT,2/4/2012,1/10/2017,ASSISTANT REGISTRAR,CONTISS,9,2,B SC. ECONOMICS,13/06/1977,yahyagarbabello@gmail.com,8033863711
SP/R/087,,USMAN,MUHAMMAD,JADA,M,ADMINISTRATIVE,PERMANENT,2/4/2012,1/10/2017,SENIOR ASSISTANT REGISTRAR  II,CONTISS,11,2,B.Sc ECONOMICS/PGD COMMUNICATIVE ENGLISH,9/7/1968,usmojada49@gmail.com,8033477975
SP/R/093,,HARUNA,,BABALE,M,ICT TECHNICIAN,PERMANENT,5/4/2012,1/10/2017,TECHNICAL OFFICER I ICT,CONTISS,8,2,DIPLOMA IN OFFIC TECHNOLOGY AND MANAGEMENT,31/12/1960,harunababale1958@gmail.com,7086607240
SP/R/095,,IBRAHIM,MOHAMMED,SONG,M,TECHNOLOGIST,PERMANENT,10/4/2012,10/4/2015,CHIEF FORESTRY TECHNOLOGIST,CONTISS,13,9,P.G.D. AGRONOMY/HIGHER DIPLOMA HORTICULTURE,1/1/1959,imohdsog@gmail.com,7032853386
SP/R/098,,YAKUBU,S.,DANLADI,M,SECURITY OFFICER,CONTRACT,15/04/2012,10/1/2016,HIGHER SECURITY OFFICER,CONTISS,7,3,ADVANCED CERIFICATE. IN SECURITY MANAGEMENT,5/7/1959,ask4chake@yahoo.com,8033391013
SP/R/098,,YAKUBU,S.,DANLADI,M,SECURITY OFFICER,CONTRACT,15/04/2012,18/01/2016,SECURITY OFFICE II,CONTISS,7,2,ADVANCED CERIFICATE. IN SECURITY MANAGEMENT,5/7/1959,ask4chake@yahoo.com,8033391013
SP/R/099,,DR. USAINI,AHMAD,ABDULLAHI,M,MEDICAL OFFICER,PERMANENT,15/04/2012,18/04/2016,CHIEF MEDICAL OFFICER,CONTISS,14,9,M.D. (GENERAL MEDICINE)/ M.Sc ENDOCRINOLOGY,12/2/1973,usaini122@yahoo.com,8036862108
SP/R/100,,ADAMU,,USMAN,M,EXECUTIVE,PERMANENT,16/04/2012,1/10/2019,HIGHER EXECUTIVE OFFICER (ADMINISTRATIVE),CONTISS,7,1,B.Sc POLITICAL SCIENCE/ DIPLOMA IN PUBLIC ADMINISTRATON,1/10/1988,adamudutse2012@gmail.com,7063936578
SP/R/106,,ADAMU,,UMARU,M,PLANNING,PERMANENT,14/05/2012,1/10/2018,PRINCIPAL ACADEMIC PLANNING OFFICER,CONTISS,11,1,PGD INDUSTRIAL LABOUR RELATION/ B.Sc MATHEMATICS,31/12/1969,adamu.umar@fud.edu.ng,8036515999
SP/R/107,,HAUWA,,ADAMU,F,ADMINISTRATIVE,PERMANENT,16/04/2012,1/10/2017,SENIOR ASSISTANT REGISTRAR  I,CONTISS,12,3,B. A. ENGLISH/PGD EDUCATION PGD ,1/3/1973,hjiddah73@gmail.com,8037036653
SP/R/112,,CAPT. ABUBAKAR,ABDU,WAYA (RTD),M,SECURITY,PERMANENT,16/04/2012,1/10/2017,PRINCIPAL SECURITY OFFICER I,CONTISS,11,2,B.ED ADULT EDUCATION/ MASTER IN DEVELOPMENT STUDIES,1/12/1967,aawayax@yahoo.com,8035896996
SP/R/114,,UMAR,ABDULLAHI,MUSA,M,NURSING,PERMANENT,2/5/2012,1/10/2015,SENIOR NURSING OFFICER,CONTISS,9,6,B.Sc NURSING/ HND PUBLIC HEALTH NURSING,1/8/1980,umarmusa80@yahoo.com,8060443720
SP/R/115,,RAFAT,,JIMOH,F,NURSING,PERMANENT,2/5/2012,1/10/2019,PRINCIPAL NURSING SUPERINTENDENT II,CONTISS,9,1,GENERAL  NURSING CERTIFICATE,1/7/1987,rafatjimoh35@gmail.com,8036263815
SP/R/116,,JANET,NYIONI,SARKI,F,NURSING,PERMANENT,2/5/2012,1/10/2015,SENIOR NURSING OFFICER,CONTISS,9,4,GENERAL  NURSING CERTIFICATE,25/09/1975,jankabon@yahoo.com,8039700394
SP/R/117,,SALEH,IDRIS,ABUBAKAR,M,NURSING,PERMANENT,7/5/2012,1/10/2019,PRINCIPAL NURSING SUPERINTENDENT II,CONTISS,9,1,DIPLOMA IN NURSING,15/02/1975,idrisaleh4@gmail.com,8098517772
SP/R/118,,OWONIYI,,OLURANTI,F,NURSING,PERMANENT,2/5/2012,1/10/2019,PRINCIPAL NURSING SUPERINTENDENT II,CONTISS,9,1,GENERAL  NURSING CERTIFICATE,21/08/1981,olurantiowoniyi872@gmail.com,8165665872
SP/R/119,,NAFISATU,MUHAMMAD,YAKASAI,F,NURSING,PERMANENT,2/5/2012,1/10/2019,ASSITANT CHIEF NURSING SUPERITENDENT,CONTISS,12,2,DIPLOMA IN NURSING & MIDWIFERY,23/04/1971,Mamanyanbiu123@gmail.com,8038872750
SP/R/120,,HAMISU,SANI,BEBEJI,M,NURSING,PERMANENT,7/6/2012,1/10/2015,PRINCIPAL NURSING OFFICER,CONTISS,11,4,"DIPLOMA IN EAR, NOSE & THROAT NURSING",5/29/1905,hamisusanibebeji@gmail.com,8037391519
SP/R/121,,UDEH,,JOEL,M,LIBRARIAN,PERMANENT,2/5/2012,1/10/2018,LIBRARIAN II,CONTISS,8,1,B.Sc LIBRARY & INFORMATION STUDIES,23/05/1986,manjoelo4real@gmail.com,7038356969
SP/R/122,,ALI,,IBRAHIM,M,LIBRARY OFFICER,PERMANENT,7/5/2012,7/5/2019,ASSISTANT LIBRARIAN,CONTISS,7,1,BLS. LIBRARY & INFORMATION SCIENCES,31/12/1969,ibrahimbuba@gmail.com,7084596002
SP/R/123,,SHAMSU,,ALMUSTAPHA,M,LIBRARY OFFICER,PERMANENT,2/5/2012,1/10/2018,SENIOR LIBRARY OFFICER,CONTISS,8,1,DIP. LIBRARY & INFORMATION SCIENCES,25/09/1978,shamsualmustapha@yahoo.com,8036131384
SP/R/124,,IKOGWE,O.,STEPHEN,M,LIBRARY,PERMANENT,2/5/2012,1/10/2018,SENIOR LIBRARY OFFICER,CONTISS,8,2,ND LIBRARY AND INFORMATION TECHNOLOGY,3/4/1982,stephineikogwe@gmail.com,8036830164
SP/R/126,,INUWA,DAHIRU,ADAMU,M,CONFIDENTIAL SECRETARIAL,PERMANENT,4/5/2012,1/10/2015,SENIOR CONFIDENTIAL SECRETARY,CONTISS,9,1,HND SECRETARIAL STUDIES,17/07/1974,inuwa dahiru@yahoo.co.uk,8036909243
SP/R/127,,ISMAILA,,IBRAHIM,M,EXECUTIVE,PERMANENT,2/5/2012,1/10/2019,PRINCIPAL EXECUTIVE OFFICER (ADMINISTRATIVE),CONTISS,9,1,PG IN SECRETARIAL STUDIES/HND BUSINESS ADMINISTRATION,15/07/1982,isma39ilibrahim@yahoo.com,8032879407
SP/R/128,,BALA,IBRAHIM,ADAMU,M,CONFIDENTIAL SECRETARIAL,PERMANENT,10/6/2012,1/10/2019,SENIORCONFIDENTIAL SECRETARY,CONTISS,9,1,B.Sc BUSINESS ADMINISTRATION/ HND SECRETARIAT STUDIES,25/01/1982,balaibrahim.adamu@yahoo.com,8030433463
SP/R/129,,MUHAMMAD,SHU’AIBU,GWARAM,M,CONFIDENTIAL SECRETARIAL,PERMANENT,2/5/2012,1/10/2018,CONFIDENTIAL SECRETARY,CONTISS,8,1,DIPLOMA IN INFORMATION TECHNOLOGY,1/2/1965,msgwaram918@gmail.com,8036866999
SP/R/130,,ABDULLAHI,ADAMU,ALIYU,M,CONFIDENTIAL SECRETARIAL,PERMANENT,2/5/2012,1/10/2015,CONFIDENTIAL SECRETARY I,CONTISS,8,2,ND SECRETARIAL STUDIES,9/5/1983,abdulgama04@gmail.com,8062618938
SP/R/196,,OLUWATOYIN.,O,OLAJUMOKE,F,CONFIDENTIAL SECRETARIAL,PERMANENT,15/05/2012,1/10/2015,SENIOR CONFIDENTIAL SECRETARY II,CONTISS,9,1,"PGD in DEVELOPMENT STUDIES, HND SECRETARIAL STUDIES",16/01/1978,oluwatoyin.akande@ymail.com,8032931187
SP/R/197,,MUHAMMAD,,HARUNA,M,CONFIDENTIAL SECRETARIAL,PERMANET,16/05/2012,1/10/2018,SENIOR CONFIDENTIAL SECRETARY,CONTISS,9,1,HND SECRETARIAL STUDIES,15/10/1967,bilatum14@yahoo.com,803693270
SP/R/198,,RUQAYYA,MUHD,I.,F,CONFIDENTIAL SECRETARIAL,PERMANENT,15/05/2012,1/10/2018,SENIOR CONFIDENTIAL SECRETARY,CONTISS,9,1,"MASTERS IN PUBLIC ADMINISTRATION/ PGD, HND SEC. STUDIES",19/06/1973,iyekpogu@yahoo.com,8036931268
SP/R/249,,AMINU,MAITAMA,YUSUF,M,EXECUTIVE,PERMANENT,1/5/2012,1/10/2015,PRINCIPAL EXECUTIVE OFFICER (ACCOUNT),CONTISS,9,1,HND ACCOUNTING,3/9/1983,aminumaitamayusufu@gmail.com,7038766861
SP/R/250,,ISMA’ILA,,ABDULMUMINI,M,ACCOUNTANT ,PERMANENT,21/05/2012,1/10/2018,SENIOR ACCOUNTANT,CONTISS,9,1,B SC. ACCOUNTING,20/01/1984,ismlaasong@gmail.com,8035935578
SP/R/251,,ABDULRAZAK,,ADAMU,M,ACCOUNTANT ,PERMANENT,21/05/2012,1/10/2019,SENIOR ACCOUNTANT,CONTISS,9,1,HND ACCOUNTING,15/12/1981,husab@gmail.com,8039644108
SP/R/253,,AUWALU,,IBRAHIM,M,ACCOUNTANT ,PERMANENT,24/05/2012,1/10/2015,SENIOR INTERNAL AUDITOR,CONTISS,9,4,B SC. ACCOUNTING,25/05/1974,a.ibrahimgombe@gmail.com,7037857986
SP/R/255,,ABDULLAHI,,NUHU,M,MEDICAL LABORATORY SCIENTIST,PERMANENT,28/05/2012,1/10/2015,PRINCIPAL MEDICAL LABORATORY SCIENTIST,CONTISS,11,4,M.Sc MEDICAL MICROBIOLOGY/ PGD MEDICAL LAB SCIENCE,17/02/1972,abdulgambari@fud.edu.ng,8091606867
SP/R/256,,ALIYU,AHMED,GA’ANDA,M,EXECUTIVE,PERMANENT,28/05/2012,1/10/2018,SENIOR EXECUTIVE OFFICER (ADMINISTRATIVE),CONTISS,8,1,PGD DEVELOPMENT STUDIES/ ND BANKING AND FINANCE,15/11/1981,aliyuahmedg@gmail.com,8035896243
SP/R/257,,ABDULKADIR,,AHMED,M,ADMINISTRATIVE,PERMANENT,30/05/2012,1/10/2018,SENIOR ASSISTANT REGISTRAR II,CONTISS,11,1,B SC. BUSINESS ADMINISTRATION,13/10/1982,abahmad08@yahoo.com,8034421344
SP/R/262,,EMMANUEL,IGE,OLUKAYODE,M,ADMINISTRATIVE,PERMANENT,2/7/2012,1/10/2015,SENIOR ASSISTANT REGISTRAR I,CONTISS,11,4,MASTERS IN INFORMATION SCIENCE,1/5/1981,kayfatherus@yahoo.com,8034542055
SP/R/263,,AMINU,YUSUF,BUGAJE,M,INVESTMENT,PERMANENT,2/7/2012,1/10/2018,ASSISTANT CHIEF INVESTMENT OFFICER,CONTISS,12,2,MASTER IN BANKING & FINANCE,4/7/1975,AMINUYUSUFBUGAJE@@gmail.com,8065459204
SP/R/265,,BELLO,,LAMIDO,M,EXECUTIVE,PERMANENT,3/7/2012,1/10/2017,ASSISTANT CHIEF CLERICAL OFFICER,CONTISS,6,3,"DIPLOMA IN CRIME MANAGEMENT, PREVENTION CONTROL",12/4/1986,lamido86@gmail.com,8031317150
SP/R/266,,ADAMU,,LAMIDO,M,EXECUTIVE,PERMANENT,3/7/2012,3/7/2019,HIGHER EXECUTIVE OFFICER (ADMINISTRATIVE),CONTISS,7,1,B.SC PUBLIC ADMINISTRATION,16/09/1986,adamubamaina98@gmail.com,8038078328
SP/R/267,,ABDULLAHI,,AMINU,M,ADMINISTRATIVE,PERMANENT,2/7/2012,1/10/2018,ASSISTANT REGISTRAR,CONTISS,9,1,MASTER OF PUBLIC POLICY AND ADMINISTRATION/ B.A. HISTORY,12/7/1985,abdullahiaminurng@yahoo.com,8033942006
SP/R/270,,AHMAD,,IBRAHIM,M,ADMINISTRATIVE,PERMANENT,2/7/2012,1/10/2018,SENIOR ASSISTANT REGISTRAR II,CONTISS,11,1,B.A. HISTORY/ PGD PUBLIC ADMINISTRATION,25/07/1982,ibrahimargungu07@yahoo.com,8033933355
SP/R/271,,ABDULRASHEED,,SARKI,M,ADMINISTRATIVE,PERMANENT,2/7/2012,1/10/2018,ASSISTANT REGISTRAR,CONTISS,9,1,B ED. BUSINESS EDUCATION,15/04/1973,abdulrasheedsarki@gmail.com,7061212173
SP/R/272,,MUNIR,YUSUF,MUHAMMAD,M,ENGINEER,PERMANENT,2/7/2012,2/7/2019,SENIOR ENGINEER,CONTISS,9,1,M.Sc ENERGY ENGINEERING/ HND MECH. ENGINEERING,10/2/1985,munirjay@yahoo.com,8038030903
SP/R/273,,KHADIJA,,YUNUSA,F,ADMINISTRATIVE,PERMANENT,2/7/2012,1/10/2018,ASSISTANT REGISTRAR,CONTISS,9,1,B.A. ED. ECONOMICS,22/05/1986,yunusakhadijah@yahoo.com,8038141430
SP/R/274,,AINA’U,MUSTAPHA,RINGIM,F,EXECUTIVE,PERMANENT,2/7/2012,10/10/2017,HIGHER EXECUTIVE OFFICER (ADMINISTRATIVE),CONTISS,7,2,HND ACCOUNTING,20/03/1983,sanusibs@gmail.com,8036584826
SP/R/275,,ZAINAB,MUSA,AHMAD,F,ADMINISTRATIVE,PERMANENT,2/7/2012,1/10/2018,ASSISTANT REGISTRAR,CONTISS,9,1,B. ED. ENGLISH,20/06/1985,zainabahmedmusa@gmail.com,8132600502
SP/R/277,,SANUSI,,BASIRU,M,FARM MANAGEMENT,PERMANENT,2/7/2012,1/10/2015,SENIOR FARM OFFICER,CONTISS,9,1,B.A. AGRIC. ECONOMIC,4/9/1981,sanusibs@gmail.com,8034527269
SP/R/279,,FATIMA,,UZAIFA,F,EXECUTIVE,PERMANENT,4/7/2012,1/10/2019,SENIOR EXECUTIVE OFFICER (ADMINISTRATIVE),CONTISS,8,1,NCE BIOLOGY/PES,20/10/1988,fringim88@gmail.com,8112645351
SP/R/280,,KABIRU,,BALARABE,M,COACHING,PERMANENT,2/2/2012,1/10/2018,SPORT COACH II,CONTISS,8,1,NCE PHE,15/07/1973,kbalarabe11@gmail.com,8024959866
SP/R/281,,ABDULKADIR,ADAMU,JA’AFAR,M,COACHING,PERMANENT,2/7/2012,1/10/2018,PRINCIPAL COACH,CONTISS,9,1,B SC. PHE,17/12/1980,jafarabdulkadir104@gmail.com,8069196197
SP/R/282,,IBRAHIM,,ALHAJI,M,EXECUTIVE,PERMANENT,15/08/2012,1/10/2018,EXECUTIVE OFFICER (ADMINISTRATIVE),CONTISS,6,7,DIPLOMA IN PUBLIC ADMINISTRATION,13/12/1972,alhajiibrahim72@gmail.com,8068310203
SP/R/283,,MURTALA,AMINU,MUDI,M,EXECUTIVE,PERMANENT,10/7/2012,1/10/2015,PRINCIPAL EXECUTIVE OFFICER  (ACCOUNT),CONTISS,9,2,PGD ACCT. & FINANCE,15/12/1979,mur1aminu@yahoo.com,8034331693
SP/R/284,,MUSA,AKILU,KANWA,M,ACCOUNTANT ,PERMANENT,2/7/2012,1/10/2015,SENIOR ACCOUNTANT,CONTISS,9,6,B SC. ACCOUNTING,27/09/1964,musaakilukanwa@gmail.com,8065665329
SP/R/285,,LAWAN,,ZUBAIRU,M,ENGINEER,PERMANENT,2/7/2012,1/10/2018,SENIOR ENGINEER,CONTISS,9,1,B. TECH INDUSTRIAL & TECHNOLOGY (AUTOMOBILE),5/1/1975,lawanzubsjh@gmail.com,8068623593
SP/R/289,,AUWALU,A.,HAMISU,M,COACHING,PERMANENT,2/7/2012,1/10/2019,SPORTS COACH II,CONTISS,7,1,B.Sc PHYSICAL EDUCATION,5/7/1977,auwalu05@gmail.com,8065661930
SP/R/290,,ABUBAKAR,ISA,ABBA,M,ADMINISTRATIVE,PERMANENT,2/7/2012,1/10/2018,ASSISTANT REGISTRAR,CONTISS,9,1,B SC. GEOGRAPHY,22/09/1983,bakariabba@gmail.com,8035054533
SP/R/291,,UMAR,MUHAMMAD,LAWAL,M,ADMINISTRATIVE,PERMANENT,3/7/2012,1/10/2018,SENIOR ASSISTANT REGISTRAR II,CONTISS,11,1,B SC. ECONOMIC,2/4/1976,muhdinuwaumar@gmail.com,8065115435
SP/R/292,,BAPPA,USMAN,SHAMSUDDEEN,M,ADMINISTRATIVE,PERMANENT,2/7/2012,1/10/2015,ASSISTANT REGISTRAR,CONTISS,9,1,B SC. PUBLIC ADMINISTRATION,18/03/1988,bappa_us@hotmail.com,8033555153
SP/R/293,,AKINBOBOLA,ABIMBOLA,OLALEYE,M,ADMINISTRATIVE,PERMANENT,2/7/2012,1/10/2019,ASSISTANT REGISTRAR,CONTISS,9,1,B SC. DEMOGRAPHY & SOCIAL STATISTICS,6/2/1981,bobbybimbo83@yahoo.com,8036214064
SP/R/294,,SAIDU,MUSA,FARAGAI,M,SURVEYOR,PERMANENT,2/7/2012,1/10/2017,PRINCIPAL QUANTITY SURVEYOR,CONTISS,11,2,HND QUANTITY SURVEY,12/10/1972,saidumusafaragai@yahoo.com,8062113622
SP/R/296,,SANI,UMAR,RIJIYAR ZAKI,M,ADMINISTRATIVE,PERMANENT,2/7/2012,1/10/2019,ASSISTANT REGISTRAR,CONTISS,9,1,B SC. POLITICAL SCIENCE,14/05/1978,saniumarrijiyazaki@yahoo.com,8037007916
SP/R/297,,HALADU,UMARU,DAMINA,M,ADMINISTRATIVE,PERMANENT,3/7/2012,1/10/2018,ASSISTANT REGISTRAR,CONTISS,9,1,B SC. SOCIOLOGY,28/12/1981,umarhaladu3@gmail.com,8062187875
SP/R/299,,USMAN,,LAWAN,M,ADMINISTRATIVE LIBRARIAN,PERMANENT,18/07/2012,1/10/2018,LIBRARIAN I,CONTISS,9,1,B. LIBRARY SCIENCE,1/10/1980,usmlawanfud@gmail.com,8037054806
SP/R/304,,ABDULLAHI,U.,BALARABE,M,EXECUTIVE,PERMANENT,2/7/2012,1/10/2018,HIGHER EXECUTIVE OFFICER (ADMINISTRATIVE),CONTISS,7,1,N.C.E EDUCATION,28/09/1982,abalarabe756@gmail.com,8069401490
SP/R/305,,KABIRU,SA’AD,SA’ID,M,ADMINISTRATIVE,PERMANENT,2/7/2012,1/10/2015,ASSISTANT REGISTRAR,CONTISS,9,1,PGD MANAGEMENT,29/06/1986,kabirusaadsaid@yahoo.com,8034565763
SP/R/306,,MUSTAPHA,MUSA,KUNDIRI,M,FARM MANAGEMENT,PERMANENT,2/7/2012,1/10/2019,SENIOR FARM OFFICER,CONTISS,9,1,B AGRIC,29/08/1975,mustaphakundiri247@gmail.com,8069577164
SP/R/307,,USMAN,IBN,MUSA,M,ACCOUNTING,PERMANENT,2/7/2012,1/10/2015,ASSISTANT CHIEF ACCOUNTANT,CONTISS,12,2,MASTERS  INBANKING AND FINANCE,28/10/1968,mufidaah@yahoo.com,8134240102
SP/R/308,,ABDULLAHI,H.,HAMZA,M,ICT DATA PROCESSING,PERMANENT,25/06/2012,1/10/2015,DATA PROCESSING OFFICER III,CONTISS,7,1,NATIONAL DIPLOMA BUSINESS STUDIES,12/12/1981,ahyahaya36@gmail.com,7036945056
SP/R/309,,ISAH,LAWAN,EMMAH,M,EXECUTIVE,PERMANENT,2/7/2012,1/10/2015,SENIOR OFFICER (ADMINISTRATIVE),CONTISS,8,1,NATIONAL DIPLOMA IN MARKETING,2/10/1988,isaalwaily@gmail.com,8071950805
SP/R/311,,ABDULLAHI,FAROUK,EL-YAKUB,M,ADMINISTRATIVE,PERMANENT,2/7/2012,1/10/2015,SENIOR ASSISTANT REGISTRAR II,CONTISS,11,4,B SC. POLITICAL SCIENCE,1/3/1973,a.elyakub@fud.edu.ng,8036270071
SP/R/312,,DAUDA,,MOHAMMED,M,ADMINISTRATIVE,PERMANENT,2/7/2012,1/10/2015,ASSISTANT REGISTRAR,CONTISS,9,1,B SC. MANAGEMENT,28/08/1980,amdauda80@gmail.com,8163384988
SP/R/314,,MUHAMMAD,,SALEH,M,ADMINISTRATIVE,PERMANENT,9/7/2012,1/10/2017,SENIOR ASSIST REGISTRAR I,CONTISS,12,3,B SC. GEOGRAPHY,/07/1969,muhammasaleh@gmail.com,8101124090
SP/R/316,,HARUNA,IBRAHIM,WUDIL,M,TECHNICAL,PERMANENT,2/7/2012,1/10/2018,SENIOR TECHNICAL OFFICER,CONTISS,8,1,CERT IN MECHANICAL ENGINEERING,3/9/1969,wuduharuna@gmail.com,8066497696
SP/R/323,,SA’IDU,,UMAR,M,SECURITY,PERMANENT,2/7/2012,1/10/2019,SENIOR SECURITY OFFICER,CONTISS,8,1,B.SC CRIMINOLOGY,15/03/1989,saeedumar84@gmail.com,8038425923
SP/R/337,,MALAMI,NAZIFI,KACHAKO,M,MEDICAL LABORATORY TECHNICIAN,PERMANENT,2/7/2012,1/10/2015,SENIOR LABORATORY ASSISTANT,CONTISS,7,1,NATIONAL EXAMINATION OF MEDICAL LAB,5/3/1988,nmkachako@gmail.com,8069770330
SP/R/339,,ABUBAKAR,BABANNAN,,M,EXECUTIVE,PERMANENT,3/7/2012,1/10/2017,EXECUTIVE OFFICER (ADMINISTRATIVE),CONTISS,6,2,B.Sc. PUBLIC ADMINISTRATION,16/03/1987,bbnbkd@gmail.com,8067063801
SP/R/342,,GARBA,,MUSA,M,HEALTH RECORD TECHNICIAN,PERMANENT,3/7/2012,1/10/2019,SENIOR HEALTH RECORD TECHNICIAN,CONTISS,8,1,DIPLOMA INFORMATION TECHNICIAN,1/1/1988,garbamusa805@gmail.com,8067679562
SP/R/343,,MUDASSIRU,,IBRAHIM,M,HEALTH INFORMATION,PERMANENT,3/7/2012,1/10/2019,SENIOR HEALTH RECORD TECHNICIAN,CONTISS,8,1,HND HEALTH MANAGEMENT,6/8/1988,mudassiruibrahimkyw@gmail.com,8032623605
SP/R/344,,IBRAHIM,,AHMED,M,MEDICAL LABORATORY TECHNICIAN,PERMANENT,2/7/2012,1/10/2019,MEDICAL LABORATORY SCIENTIST ,CONTISS,8,7,DIPLOMA  MED. LAB TECHNICIAN,14/04/1986,ibarb9595@gmail.com,8033918370
SP/R/345,,HADIZA,,BELLO,F,EXECUTIVE,PERMANENT,2/7/2012,1/10/2015,EXECUTIVE OFFICER (ADMINISTRATIVE),CONTISS,6,5,DIPLOMA IN ENGLISH/ISLAMIC STUDIES,22/12/1982,hadizabello82@gmail.com,8037040894
SP/R/346,,GARBA,,IDRIS,M,EXECUTIVE,PERMANENT,17/07/2012,1/10/2018,HIGHER EXECUTIVE OFFICER (ADMINISTRATIVE),CONTISS,7,1,DIPLOMA IN LOCAL GOVERNMENT STUDIES,5/6/1979,kachigarba@gmail.com,8034544170
SP/R/347,,MODU,SHERIFF,SALISU,M,ADMINISTRATIVE,PERMANENT,5/7/2012,1/10/2018,ADMINISTRATIVE OFFICER,CONTISS,9,1,B SC. GEOGRAPHY,9/5/1982,S_muhammad74@yahoo.com,8038943418
SP/R/348,,ABUBAKAR,IBRAHIM,ADAM,M,FARM MANAGEMENT,PERMANENT,4/7/2012,1/10/2017,FARM OFFICER I,CONTISS,8,4,B ENGR. IRRIGATION,12/4/1985,fihafs1@gmail.com,7036272875
SP/R/362,,MUHAMMAD,,ABDULMAJID,M,LIBRARY OFFICER,PERMANENT,16/07/2012,2/1/2018,ASSISTANT LIBRARY OFFICER,CONTISS,6,1,DIPLOMA IN LIBRARY AND INFORMATION SCIENCE,1/12/1989,amajidazare@gmail.com,8067717490
SP/R/365,,MUHAMMAD,UMAR,TUKU,M,ADMINISTRATIVE ,PERMANENT,7/16/2012,10/1/2019,ADMINISTRATIVE ASSISTANT,CONTISS,7,1,B.SC CRIMINOLOGY AND SECURITY STUDIES,5/15/1989,,
SP/R/367,,YUSUF,ABBA,SARKI,M,ADMINISTRATIVE,PERMANENT,4/7/2012,1/10/2015,ASSISTANT REGISTRAR,CONTISS,9,1,B.A. HAUSA,28/02/1985,yusufabba188@gmail.com,
SP/R/372,,MUHAMMAD,,NASIR,M,STORE OFFICER,PERMANENT,16/07/2012,1/10/2018,HIGHER STORE OFFICER,CONTISS,8,2,HND PURCHASING AND SUPPLY,29/04/1978,nasirstore78@gmail.com,7034514493
SP/R/373,,UMAR,USMAN,YAKASAI,M,ADMINISTRATIVE LIBRARIAN,PERMANENT,1/8/2012,1/10/2018,LIBRARIAN II,CONTISS,8,3,B.A. LIBRARY & INFORMATION SCIENCE/ POLITICAL SCIENCE,20/08/1985,uyakasai@yahoo.com,8061231724
SP/R/376,,MUSBAHU,,MALLAM,M,EXECUTIVE,PERMANENT,1/4/2013,1/10/2019,ASSISTANT REGISTRAR,CONTISS,9,1,B.SC POLITICAL SCIENCE,1/1/1986,mallammuhammad@gmail.com,7035888853
SP/R/386,,USMAN,AMINU,JIBRILLA,M,ACCONTANT,PERMANENT,1/8/2012,1/10/2017,SENIOR ACCOUNTANT,CONTISS,9,3,HND ACCOUNTING,15/03/1980,jiblamin@yahoo.com,7036607799
SP/R/387,,SANI,,IBRAHIM,M,ADMINISTRATIVE,PERMANENT,10/8/2012,1/10/2018,ASSISTANT REGISTRAR,CONTISS,9,1,B SC SOCIOLOGY,30/09/1977,kmata36@hotmail.com,8033639467
SP/R/388,,AISHA,AHMED,TANKO,F,ADMINISTRATIVE,PERMANENT,1/8/2012,1/10/2018,ADMINISTRATIVE OFFICER,CONTISS,9,1,B SC SOCIOLOGY,29/12/1984,AYEESHATANKO@YAHOO.COM,8035618109
390,,TERHEMEN,AMBROS,LADI,F,FARM SUPERINTENDENT,PERMANENT,8/1/2012,10/1/2019,AGRICULTURAL SUPERINTENDENT,CONTISS,7,1,DIPLOMA IN AGRICULTURAL TECHNOLOGY,13/10/198,,
SP/R/391,,MURTALA,MUHAMMAD,BELLO,M,SECURITY,PERMANENT,6/8/2012,1/10/2015,HIGHER SECURITY OFFICER,CONTISS,7,4,PROFESSIONAL CERT.,1/10/1970,murtalamuhammadbello1234@gmail.com,8133684642
SP/R/394,,YUSUF,JELILAT,OLUSOLA,F,SYSTEM ANALYST,PERMANENT,6/8/2012,1/10/2018,SYSTEM ANALYST II,CONTISS,9,1,B.TECH.COMPUTER SC.,6/7/1985,jelilatjoy12@gmail.com,8066781743
SP/R/395,,HAPPINESS,OYENIKE,ADEGOKE,F, CONFIDENTIALSECRETARIAL,PERMANENT,13/08/2012,1/10/2018,CONFIDENTIAL SECRETARY,CONTISS,9,1,HND OFFICE TECH. & MANAGEMENT,23/05/1982,happiness.adegoke@yahoo.com,7061066147
SP/R/397,,AHMED,ALIYU,ILALLAH,M, CONFIDENTIALSECRETARIAL,PERMANENT,3/8/2012,1/10/2018,CONFIDENTIAL SECRETARY I,CONTISS,8,1,HND SECRETARIAL STUDIES,29/09/1974,alhajilallah@gmail.com,8032901869
SP/R/398,,SABEER,FAROUK,HASSAN,M,CONFIDENTIAL SECRETARIAL,PERMANENT,13/08/2012,1/10/2018,CONFIDENTIAL SECRETARY I,CONTISS,9,1,HND SECRETARIAL STUDIES,27/02/1984,sabeerfarouq@gmail.com,8034532621
SP/R/403,,BUNDI,ALHAJI,GAMBO,M,ADMINISTRATIVE,PERMANENT,24/09/2012,1/10/2018,DEPUTY REGISTRAR,CONTISS,14,1,B SC POLITICAL SCIENCE,15/06/1970,agbundis@yahoo.co.uk,8035301781
SP/R/404,,LUKMAN,,ABDULAZIZ,M,ADMINISTRATIVE,PERMANENT,16/09/2012,1/10/2019,ASSISTANT REGISTRAR,CONTISS,9,2,MASTER OF PUBLIC POLICY & ADMINISTRATION,3/1/1976,luksydabdul28@gmail.com,8032879687
SP/R/405,,IBRAHIM,,DANJUMA,M,ADMINISTRATIVE,PERMANENT,10/2/2012,10/1/2019,ADMINISTRATIVE ASSISTANT,CONTISS,7,1,B.SC POLITICAL SCIENCE,8/6/1983,,8037710568
SP/R/410,,ABDULRAZZAK,UMAR,ABDULLAHI,M,PROGRAMMER,PERMANENT,3/10/2012,1/10/2017,PROGRAMMER I,CONTISS,8,5,B.SC COMPUTER SCIENCE,15/01/1985,abdulumar63@gmail.com,8066951038
SP/R/417,,NURA,GARBA,HARIS,M,TECHNOLOGIST,PERMANENT,2/10/2012,1/10/2015,SENIOR TECHNOLOGIST,CONTISS,9,1,PGD BIOLOGICAL SCIENCE,15/01/1983,harisnura@gmail.com,7039797966
SP/R/422,,MUKHTAR,ABDULKADIR,,M,TECHNICAL,PERMANENT,2/10/2012,1/10/2018,SENIOR TECHNICAL OFFICER,CONTISS,8,1,ND IN BUILDING TECHNOLOGY,14/04/1989,abdulkadirmuk1@gmail.com,8038281212
SP/R/433,,FLORENCE,KEMI,AMOO,F,TECHNOLOGIST,PERMANENT,1/9/2012,1/10/2018,SCIENCE LABORATORY TECHNOLOGISTT,CONTISS,9,1,HND SCIENCE LAB TECHNOLOGY,24/09/1984,amooflorence@gmail.com,8034940166
SP/R/436,,MUHAMMAD,MAHMUD,SULE,M,ADMINISTRATIVE,PERMANENT,2/1/2013,1/10/2015,SENIOR ASSISTANT REGISTRAR I,CONTISS,12,3,M SC BANKING & FINANCE,22/06/1964,mmsule1980@gmail.com,8036062112
SP/R/437,,MARYAM,ILIYA,IBRAHIM,F,ACCOUNTANT ,PERMANENT,5/1/2012,1/10/2018,ACCOUNTANT I,CONTISS,8,1,BSC ACCOUNTING,28/04/1984,maryamilya@yahoo.com,7065802331
SP/R/438,,MUSA,,AHMADU,M,TECHNOLOGIST,PERMANENT,01/10//2012,1/10/2018,SCIENCE LABORATORY TECHNICAIN,CONTISS,8,3,B SC CHEMISTRY,19/09/1985,ahmadumusa681@gmail.com,7036141228
SP/R/442,,MUHAMMMAD,,MUTARI,M,PHARMACY TECHNICIAN,PERMANENT,1/10/2012,1/10/2016,HIGHER PHHARMACY TECHNICIAN,CONTISS,7,3,DIP.IN PHARMACY TECHNICIAN,1/2/1986,mmtsuru8@gmail.com,"07062183017, 09033433553"
SP/R/443,,NAWIYYU,,MUSA,M,PHARMACY TECHNICIAN,PERMANENT,16/10/2012,16/10/2012,PHHARMACY TECHNICIAN,CONTISS,6,8,DIP.IN PHARMACY TECHNICIAN,8/8/1986,nawiyyumusa@yahoo.com,7035885646
SP/R/444,,RABIATU,MUSA,ABDULLAHI,F,NURSING,PERMANENT,9/4/2014,1/10/2018,ASSISTANT CHIEF NURSING OFFICER,CONTISS,12,2,B SC NURSING,21/08/1970,iyoma90@gmail.com,8052618082
SP/R/450,,MUHAMMAD,,SAHABO,M,ADMINISTRATIVE,PERMANENT,1/1/2012,1/1/2017,ASSISTANT REGISTRAR,CONTISS,9,5,B SC ECONOMICS,10/4/1980,sahabom@fud.edu.ng,8034382137
SP/R/451,,AMINU,,ABUBAKAR,M,LIBRARIAN,PERMANENT,20/10/2012,1/10/2019,LIBRARIAN II,CONTISS,8,4,B.A LIBRARY SCI/ECONOMICS,7/6/1968,aminuabubakarfud8@gmail.com,8023835159
SP/R/452,,HUSSAINI,G.,ABDULRAMAN,M,SYSTEM ANALYST,PERMANENT,1/10/2012,1/10/2019,SYSTEM ANALYST I,CONTISS,8,2,B TECH COMPUTER SCIENCE,15/06/1986,abdulgaladima@gmail.com,8034821566
SP/R/457,,JAMILU,,ABDULLAHI,M,EXECUTIVE,PERMANENT,11/15/2012,10/1/2019,HIGHER EXECUTIVE OFFICER,CONTISS,7,1,HND ACCOUNTANCY,6/27/1986,,8030666783
SP/R/458,,THLAMA,YUSUF,,F,SECURITY,PERMANENT,15/11/2012,3/1/2019,SENIOR SECURITY OFFICER,CONTISS,8,1,NCE,15/01/1982,yusufrhoda@gmail.com,8062448902
SP/R/462,,SHA’AIBU,USMAN,WAZIRI,M,EXECUTIVE,PERMANENT,15/01/2012,1/10/2017,EXECUTIVE OFFICER (ADMINISTRATIVE),CONTISS,6,2,DIPLOMA IN ISLAMIC & ARABIC LANGUAGE EDUCATION,2/2/1972,wazirisu@gmail.com,8034888430
SP/R/535,,USMAN,MOHAMMED,KAWU,M,CLERICAL,PERMANENT,18/12/2012,1/10/2016,ASSISTANT CHIEF CLERICAL OFFICER,CONTISS,6,3,"DIPLOMA IN CRIME MANAGEMENT , PREVENTION & CONTROL",1/2/1982,ukawu101@gmail.com,8138693266
SP/R/538,,UMAR,,KAWU,M,ENGINEER,PERMANENT,17/12/2012,10/1/2016,ASSISTANT CHIEF ENGINEER,CONTISS,12,7,B.ENG.ELECTRIC ENGINEERING,15/01/1974,umaru.kawu@gmail.com,8034136832
SP/R/539,,HASSANA,,GARBA,F,CONFIDENTIAL SECRETARIAL,PERMANENT,17/12/2012,1/10/2019,SENIOR CONFIDENTIAL SECRETARY,CONTISS,9,1,"HND OFFICE TECH.& MANAGEMENT, PGD COMMUNICATIVE ENGLISH",9/3/1985,hassanagarba74@gmail.com,7038415089
SP/R/543,,ENGR.HASSAN,,ABDULKADIR,M,ENGINEER,PERMANENT,17/12/2012,10/1/2019,PRINCIPAL ENGINEER,CONTISS,11,3,B. ENG MECHANICAL ENGINEERING,23/01/1963,hassanashehu@yahoo.com,8065280245
SP/R/544,,ENGR. SALISU,D.,ISMAILA,M,ENGINEER,PERMANENT,17/12/2012,1/10/2017,SENIOR ENGINEER,CONTISS,9,5,PGD MECHANICAL ENGINEERING,27/01/1969,ismailasalihu2008@gmail.com,8082503810
SP/R/545,,MAMMAN,,ABDULMUTALLAB,M,BUILDER,PERMANENT,17/12/2012,17/12/2012,SENIOR BUILDER,CONTISS,9,8,B SC BUILDING,1/7/1973,abdulmutallabhalliru@yahoo.com,7083221551
SP/R/555,,ZAINAB,ADAMU,KAILA,F,ADMINISTRATIVE,PERMANENT,1/1/2013,1/1/2017,SENIOR ASSISTANT REGISTRAR II,CONTISS,11,1,B.A MASS COMMUNICATION,16/10/1969,zainabadamukailah@yahoo.co.uk,8033084979
SP/R/558,,USMAN,MUSTAPHA,ALIYU BIU,M,ADMINISTRATIVE,PERMANENT,1/10/2013,1/10/2016,SENIOR ASSISTANT REGISTRAR I,CONTISS,12,7,B SC PUBLIC ADMINISTRATION,16/01/1966,mustaphabiu1@gmail.com,8062654815
SP/R/559,,AJAYI,SALIHU,SALAWUDEEN,M,TECHNOLOGIST,PERMANENT,1/10/2013,1/10/2019,SENIOR LABORATORY SCIENTIST,CONTISS,9,1,B SC ED CHEMISTRY EDUCATION,1/1/1981,joyoyi133@rocketmail.com,8164233990
SP/R/561,,YA’U,,MUSA,M,TECHNOLOGIST,PERMANENT,1/10/2013,1/10/2019,SENIOR LABORATORY SCIENTIST,CONTISS,9,1,B SC CHEMISTRY,27/05/1979,yamushadis@gmail.com,8032511881
SP/R/564,,MAHMOUD,MUSA,YAKUBU,M,ADMINISTRATIVE,PERMANENT,15/01/2013,1/15/2019,ADMINISTRATIVE OFFICER,CONTISS,8,5,MASTER OF PUBLIC RELATION,21/08/1983,myshamsuddeen@yahoo.com,7033041640
SP/R/565,,ABDULLAHI,USMAN,MUSA,M,ADMINISTRATIVE,PERMANENT,4/2/2013, ,ADMINISTRATIVE ASSISTANT,CONTISS,7,1,B.SC CRIMINOLOGY & SECURITY STUDIES,20/05/1988,,8023696431
SP/R/567,,ILIYASU,NURA,MUHAMMAD,M,FIRE SUPRETENDENT,PERMANENT,29/01/2013,1/10/2018,FIRE OFFICER I,CONTISS,8,1,BS.c PHYSICS/DIPLOMA  IN STATISTICS,15/02/1978,ilyasumuhammadnura@gmail.com,7034601336
SP/R/567,,NURADDEEN,MUHAMMAD,ILIYAU,M,FIRE SUPRETENDENT,PERMANENT,1/1/2013,10/1/2018,FORE OFFICER I,CONTISS,8,1,B.SC PHYSICS,2/15/1978,,7034601336
SP/R/590,,IBIHUWA,P,VICTOR,M,COACHING,PERMANENT,8/2/2013,1/10/2017,ASSISTANT COACH,CONTISS,6,2,NCE,1/10/1974,,7064881870
SP/R/599,,SOLOMON,ORYENGA,CHRISTOPHER,M,ADMINISTRATIVE,PERMANENT,2/13/2013,10/1/2019,ADMINISTRATIVE ASSISTANT,CONTISS,7,1,B.SC POLITICAL SCIENCE,4/6/1982,itseemsuhatemoney@gmail.com,8034744070
SP/R/601,,SURAJO,ABDULKADIR,BARI,M,STORE OFFICER,PERMANENT,13/03/2013,1/10/2016,PRINCIPAL STORE OFFICER,CONTISS,9,7,HND COOPERATIVE ECONOMICS & MGT.,1/8/1974,surajobari@gmail.com,8034376773
SP/R/603,,UMAR,IBRAHIM,YAZID,M,EXECUTIVE,PERMENNET,4/3/2013,1/10/2019,SENIOR EXECUTIVE OFFICER (ADMINISTRATIVE),CONTISS,8,1,POST GRADUATE DIPLOMA IN COMMUNICATIVE ENGLISH,1/8/1981,umaryazid@yahoo.com,8028378107
SP/R/604,,ALI,ABDU,GINGINYU,M,ADMINISTRATIVE,PERMANENT,1/3/2013,1/10/2019,ASSISTANT REGISTRAR,CONTISS,9,1,M ED EDUCATION,15/02/1973,aliabdugiginyu@yahoo.com,8069337226
SP/R/605,,MAHMOUD,BELLO,AMINU,M,LEGAL,PERMANENT,1/3/2013,1/10/2016,SENIOR LEGEAL OFFICER,CONTISS,9,4,LL.B (HON),9/1/1977,mbkano@gmail.com,8060787520
SP/R/606,,IBRAHIM,MUSA,YA’U,M,ADMINISTRATIVE,PERMANENT,19/03/2013,2/22/2019,ASSISTANT REGISTRAR,CONTISS,9,1,MASTERS IN DEVELOPMENT STUDIES,15/01/1980,ibrahimmy013@gmail.com,8035981364
SP/R/607,,KHAMISU,USMAN,YERIMA,M,TECHNOLOGIST,PERMANENT,5/3/2013,1/10/2019,SCIENCE LABORATORY SCIENTIST,CONTISS,9,1,B SC PHYSICS,24/12/1983,khamisuyerima01@gmail.com,8037335151
SP/R/610,,ABBA,,DALLATU,M,ADMINISTRATIVE,PERMANENT,4/3/2013,1/10/2016,ASSISTANT REGISTRAR,CONTISS,9,3,MASTERS IN DEVELOPMENT STUDIES,14/12/1971,abba.dallatu@yahoo.com,8037013211
SP/R/611,,AMINU,ALIYU,USMAN,M,ADMINISTRATIVE,PERMANENT,3/6/2013,1/10/2017,ADMINISTRATIVE OFFICER,CONTISS,8,3,B. ED SOCIAL STUDIES,20/02/1978,aminualiyuusman@gmail.com,8032385413
SP/R/615,,USMAN,,UMAR,M,SECURITY,PERMENENT,1/3/2013,1/10/2017,HIGHRE SECURITY OFFICER,CONTISS,7,2,NATIONAL DIPLOMA IN MASS COMMUNIACTION,1/4/1983,usmanumar2463@gmail.com,8034582463
SP/R/627,,ADAMU,,ILIYASU,M,AGRICULTURAL SUPRITENDENT,PERMANENT,3/18/2013,10/1/2019,HIGHER AGRICULTURAL SUPERITENDENT,CONTISS,8,1,ND AGRICULTURAL TECHNOLOGY,20/01/198,,
SP/R/629,,IBRAHIM,,JIBRIN,M,TECHNOLOGIST,PERMANENT,2/4/2013,1/3/2019,SYSTEM ANALYST I,CONTISS,8,1,ND COMPUTER SCIENCE,7/1/1987,ibrahimjibrin65@gmail.com,7035948291
SP/R/630,,SHUAIBU,LAWAN,YAHYA,M,TECHNOLOGIST,PERMANENT,3/4/2013,1/10/2016,SCIENCE LABORATORY TECHNOLOGIST I,CONTISS,8,6,HND SCIENCE LAB TECHNOLOGY,15/04/1983,shuaibulawal9999@yahoo.com,8038689868
SP/R/656,,IBRAHIM,DANKAWU,MUHAMMAD,M,EXECUTIVE (ADMINISTRATION),PERMANENT,1/4/2013,1/10/2019,PRINCIPAL EXECUTIVE OFFICER II (ADMINISTRATIVE),CONTISS,9,1,"HND BUSINESS, ADVANCED DIPLOMA & NCE ACCOUNTING/EDU",25/12/1986,muhirab@gmail.com,7035875789
SP/R/657,,ZUHRA,BASHIR,AMINU,F,TECHNICAL,PERMANENT,1/4/2013,1/10/2019,PRINCIPAL  TECHNICAL OFFICER II,CONTISS,9,1,HND MECHANICAL ENGINEERING,14/04/1987,zuhrabashir@yahoo.com,8038881224
SP/R/660,,MUHAMMAD,B.H,JIBRIN,M,ADMINISTRATIVE,PERMANENT,3/4/2013,1/10/2019,ADMINISTRATIVE ASSISTANT,CONTISS,7,1,B.Sc POLITICAL SCIENCE,2/3/1983,,8183969537
SP/R/661,,ALI,,ABDURRAHMAN,M,ENVIRONMENTAL,PERMANENT,27/03/2013,1/10/2018,PHARMACY TECHNICIAN,CONTISS,7,2,B.Sc ENVIRONMENTAL. HEALTH SCIENCE,1/3/1983,aliabdurrahman121@gmail.com,8069213979
SP/R/685,,ISMAILA,,UMAR,M,SECURITY OFFICER,PERMANENT,23/04/2013,1/10/2016,SECURITY OFFICER,CONTISS,6,3,DIPLOMA IN LOCAL GOVT ADMIN,17/07/1978,ismailaumar080@gmail.com,8065527614
SP/R/689,,MOHAMMED,,TIJJANI,M,ADMINISTRATIVE,PERMANENT,1/4/2013,1/10/2019,ASSISTANT REGISTRAR,CONTISS,9,1,B.A ISLAMIC STUDIES,25/12/1983,tijanni.m@fud.edu.ng,8030642701
SP/R/693,,NURA,MUHAMMAD,ADAMU,M,CONFIDENTIAL SECRETARIAL,PERMANENT,16/04/2013,1/10/2018,TECHNICAL OFFICER III ICT,CONTISS,6,1,DIPLOMA IN COMPUTER SCIENCE,5/4/1986,nuramuhammaadamu22@gmail.com,7045144407
SP/R/700,,SAKINAT,A.,SULEIMAN,F,EXECUTIVE,PERMANENT,2/5/2013,10/10/2018,SENIOR EXECUTIVE OFFICER (ADMINISTRATIVE),CONTISS,8,1,HND BUSINESS ADMIN & MANAGEMENT,10/2/1989,sakinatsuleiman02@gmail.com,8036225680
SP/R/703,,MUHABUB,UMAR,MOHD,M,SYSTEM ANALYST,PERMANENT,30/03/2012,1/10/2019,SENIOR ICT TECHNICIAN,CONTISS,7,1,B.SC INFORMATION TECHNOLOGY,13/09/1984,mbumarmohd@yahoo.co.uk,8098463198
SP/R/712,,NURA,,TALA,M,TECHNICAL,PERMANENT,2/5/2013,1/10/2018,HIGHER TECHNICAL OFFICER,CONTISS,7,1,NATIONAL DIPLOMA IN ELECTRICAL/ ELECTRONICS ENGINEERING,10/6/1985,ntsayeone@gmail.com,8036786014
SP/R/739,,YAU,YAHYA,USMAN,M,EXECUTIVE,PERMANENT,8/5/2013,8/5/2019,HIGHER EXECUTIVE OFFICER (ADMINISTRATIVE),CONTISS,7,1,NCE AGRICULTURE EDUCATION,22/02/1983,yauusman2@gmail.com,8069788649
SP/R/742,,JIBRIN,ABDU,NEV,M,EXECUTIVE,PERMANENT,21/05/2013,1/10/2017,EXECUTIVE OFFICER (ADMINISTRATIVE),CONTISS,6,2,ADVANCED DIPLOMA IN PUBLIC ADMINISTRATION,1/1/1987,,8133599334
SP/R/743,,SABIU,,UMAR,M,PHARMACY TECHNICIAN,PERMANENT,15/05/2013,15/05/2013,HIGHER PHARMACY TECHNICIAN,CONTISS,7,1,DIPLOMA IN PHARMACY TECHNICIAN,21/05/1984,sabiuumar74@gmail.com,7035461291
SP/R/744,,SHEHU,,ABDULHAMID,M,PHARMACY TECHNICIAN,PERMANENT,17/06/2013,1/10/2016,HIGHER PHARMACY TECHNICIAN,CONTISS,7,3,PHARMACY CERTIFICATE,12/12/1978,shehuharuna888@gmail.com,8038163036
SP/R/745,,ABUBAKAR,B.,KABIRU,M,TECHNICIAN,PERMANENT,20/03/2013,5/22/2019,HIGHER ENVIRONMENTAL SUPERINTEDENT,CONTISS,7,1,DIPLOMA IN ENVIRONMENTAL HEALTH,2/2/1990,kabirabbakar745@gmail.com,8167973921
SP/R/746,,ISMAIL,MUHAMMAD,GANAMA,M,ENVIRONMENTAL HEALT,PERMANENT,20/05/2013,1/10/2019,SENIOR ENVIRONMENTAL SUPERINTEDENT,CONTISS,8,1,DIPLOMA ENT HEALTH TECH.,31/10/1986,ismailmuhammad83@gmail.com,8053624339
SP/R/755,,ATIKAH,,ABBA,F,ADMINISTRATIVE,PERMANENT,3/6/2013,1/10/2019,ASSISTANT REGISTRAR,CONTISS,9,1,B.A FULFULDE/LANGUISTICS,24/05/1980,atikahabba@gmail.com,8038358669
SP/R/763,,YUSUF,YAKUBU,SALIHI,M,LAND SURVEYOR,PERMANENT,27/06/2013,1/10/2019,SENIOR ESTATE SURVEYOR ,CONTISS,9,1,B.TECH ESTATE MANAGEMENT,23/09/1977,wakilinarewa92k@gmail.com,8143532352
SP/R/765,,KAMAL,MOHAMMED,IBRAHIM,M,CAMPUS PLANNER,PERMANENT,17/06/2013,1/10/2017,SENIOR CAMPUS PLANNER,CONTISS,9,6,B.TECH URBAN  & REGIONAL PLANNING,15/07/1979,kmi_157@yahoo.com,8033668422
SP/R/766,,MATHEW,KUNLE,ABISOYE,M,CAMPUS PLANNER,PERMANENT,3/6/2013,3/6/2019,SENIOR CAMPUS PLANNER,CONTISS,9,1,B. URBAN  & REGIONAL PLANNING,22/04/1984,abisoyekunle@yahoo.com,8065736258
SP/R/799,,RUTH,,YUNANA,F,EXECUTIVE (ADMINISTRATION),PERMANENT,1/7/2013,1/10/2019,EXECUTIVE OFFICER (ADMINISTRATIVE),CONTISS,6,1,ND BUSINESS ADMINISTRATION & MANAGEMENT,12/6/1988,,703747251
SP/R/802,,SULEIMAN,SA’AD,AHMED,M,TECHNICAL,PERMANENT,1/7/2013,1/10/2019,PRINCIPAL TECHNICAL OFFICER II,CONTISS,9,1,HND ELECTRIC ENGINEERING,26/04/1978,saadsulaimanahmad@gmail.com,8036039343
SP/R/804,,SULE,MUSA,DAWAKI,M,SECRETARIAL,PERMANENT,15/07/2013,1/10/2019,SENIOR CONFIDENTIAL SECRETARY  ,CONTISS,9,1,HND SECRETARIAL STUDIES,2/5/1977,msule15713@gmail.com,8029155562
SP/R/805,,AHMAD,AHMAD,RUFA’I,M,CONFIDENTIAL SECRETARIAL,PERMANENT,1/8/2013,1/8/2019,SENIOR CONFIDENTIAL SECRETARY I,CONTISS,9,1,PGD BUSINESS ADMIN/MANAGEMENT,9/7/1978,aarufai4real@yahoo.com,8032863259
SP/R/806,,ESTHER,OBIAGELI,OGIRI,F,CONFIDENTIAL SECRETARY,PERMANENT,1/8/2013,1/10/2019,SENIOR CONFIDENTIAL SECRETARY ,CONTISS,9,1,PGD HUMAN RELATION MANAGEMENT,25/12/1973,esthercliff@yahoo.com,8058190993
SP/R/807,,LAWAN,,AUWALU,M,CONFIDENTIAL SECRETARIAL,PERMANENT,8/7/2013,1/10/2019,SENIOR CONFIDENTIAL SECRETARY ,CONTISS,9,1,HND OFFICE TECHNOLOGY & MANAGEMENT,2/5/1984,lawanauwal@gmail.com,8067128993
SP/R/808,,ABUBAKAR,,IDRIS,M,EXECUTIVE,PERMANENT,8/7/2013,1/10/2016,CONFIDENTIAL SECRETARY III,CONTISS,6,3,DIPLOMA IN OFFICE TECHNOLOGY & MANAGEMENT,22/02/1989,ahakimistreet@yahoo.com,8062420412
SP/R/810,,YUSUF,,HASSAN,M,ADMINISTRATIVE,PERMANENT,16/07/2013,1/10/2019,ASSISTANT REGISTRAR,CONTISS,9,1,B SC POLITICAL SCIENCE,13/08/1974,yhmailabari@gmail.com,7037732938
SP/R/812,,IBILADE,ABDURRASAQ,IBIYEMI,M,ENGINEER,PERMANENT,8/7/2013,10/1/2018,ENGINEER I,CONTISS,8,3,MASTER OF  TECH.ELECTRINIC & ELECTRICAL  ENGINEERING,1/7/1980,bladenyem@gmail.com,8037268256
SP/R/815,,AMINU,MUHAMMAD,ABUBAKAR,M,SYSTEM ANALYST,PERMANENT,16/07/2013,16/07/2013,SYSTEM ANALYST,CONTISS,8,3,B SC INFORMATION & COMMUNICATION TECHNOLOGY,16/01/1982,aminukano001@gmail.com,8031178461
SP/R/816,,RIHANAT,BOLA,AGBOOLA,F,SYSTEM ANALYST,PERMANENT,8/7/2013,1/10/2019,SENIOR SYSTEM ANALYST ,CONTISS,9,1,B SC COMPUTER SCIENCE,15/01/1985,ruhanat@fud.edu.ng,8065934242
SP/R/819,,HARUNA,MUHD,SADIQ,M,EXECUTIVE,PERMANENT,24/07/2013,1/10/2019,HIGHER EXECUTIVE OFFICER (ACCOUNT),CONTISS,7,1,"DIPLOMA IN ACCOUNTING & AUDITING , ADVANCE DIPLOMA ACCOUNTING & AUDITING",12/6/1972,harmasadi996@gmail.com,8036302541
SP/R/821,,ABDULLAHI,IBRAHIM,ABBAS,M,EXECUTIVE,PERMANENT,15/08/2013,10/1/2018,SENIOR EXECUTIVE OFFICER (ADMINISTRATIVE),CONTISS,8,1,HND BUSINESS ADMIN & MANAGEMENT,3/4/1981,abdulfid2@gmail.com,8065565853
SP/R/822,,ABDURRAHMAN,,YAKUBU,M,TECHNICAL,PERMANENT,23/07/2013,7/23/2019,HIGHER TECHNICAL OFFICER (ELECTRICAL),CONTISS,7,1,NATIONAL DIPLOMA (ELECTRICAL/ELECTRONICS ENGINEERING),16/06/1989,aywakili@yahoo.com,7036929222
SP/R/828,,MUNNIR,,ABDULLAHI,M,ADMINISTRATION,PERMANENT,23/07/2013,1/10/2019,ADMINISTRATION ASSISTANT,CONTISS,7,1,B.Sc POLITICAL SCIENCE,13/02/1988,,8033505485
SP/R/837,,MUHAMMED,,YAKUBU,M,TECHNICAL,PERMANENT,23/07/2013,23/07/2013,TECHNICAL OFFICER,CONTISS,6,6,NCE,1/10/1987,mlamido3@gmail.com,8038302741
SP/R/838,,SHARAFADDIN,SAIDU,ADAMU,M,EXECUTIVE,PERMANENT,22/07/2013,1/10/2019,SENIOR EXECUTIVE OFFICER (ADMINISTRATIVE),CONTISS,8,1,NCE BUSINESS EDUCATION,1/10/1982,saidshaifaddin@gmail.com,8037741772
SP/R/842,,HALIMA,,SULEIMAN,F,CLERICAL,PERMANENT,23/07/2013,1/10/2016,ASSISTANT CHIEF CLERICAL OFFICER,CONTISS,6,3,DIPLOMA,15/01/1970,halimasule760@yahoo.com,8033301751
SP/R/844,,MUHAMMAD,UBA,USMAN,M,EXECUTIVE,PERMANENT,16/07/2013,1/10/2016,EXECUTIVE OFFICER (ADMINISTRATIVE),CONTISS,6,3,N.C.E HAUSA/ENGLISH EDU.,15/02/1989,muhdf816@gmail.com,8069365535
SP/R/845,,AHMAD,BASHIR,CHIROMA,M,EXECUTIVE,PERMANENT,16/07/2013,1/10/2019,SENIOR EXECUTIVE OFFICER (ADMINISTRATIVE),CONTISS,8,1,NCE BIOLOGY/GEOGRAPHY,19/03/1984,chiromaahmadbashir@yahoo.com,8038924790
SP/R/848,,NASIRU,SANI,YOLA,M,ADMINISTRATIVE,PERMANENT,14/08/2013,14/08/2013,ASSISTANT REGISTRAR,CONTISS,9,1,MASTER IN PUBLIC POLICY & ADMINISTRATION,25/01/1977,nasiruyola2015@gmail.com,8030596631
SP/R/849,,ABUBAKAR,IMAM,YOLA,M,ADMINISTRATIVE,PERMANENT,15/08/2013,15/08/2013,SENIOR ASSISTANT REGISTRAR I,CONTISS,11,1,MASTER OF PUBLIC POLICY & ADMINISTRATION,28/08/1975,imamyola2015@gmail.com,8036304539
SP/R/857,,ABDULLAHI,,LAWAN,M,EXECUTIVE,PERMANENT,26/09/2013,1/10/2019,SENIOR EXECUTIVE OFFICER (ACCOUNTS),CONTISS,8,1,DIPLOMA IN PUBLIC ACCT & AUDITING,25/07/1984,lawanabdullahi07@gmail.com,7082344793
SP/R/859,,IBRAHIM,,MUSA,M,ADMINISTRATIVE,PERMANENT,10/9/2013,1/10/2016,ASSISTANT REGISTRAR,CONTISS,9,3,PGD MASS COMMUNICATION,20/10/1976,imusa2006@yahoo.com,8064890095
SP/R/860,,AMINU,,IGUDA,M,DATA PROCESSING,PERMANENT,1/1/2013,1/10/2017,SENIOR DATA PROCESSING OFFICER,CONTISS,7,2,DIPLOMA COMPUTER SCIENCE,25/02/1976,igudaaminu@gmail.com,8027273386
SP/R/866,,SHEHU,,BALA,M,EXECUTIVE,PERMANENT,17/09/2013,1/10/2016,SENIOR EXECUTIVE OFFICER (ADMINISTRATIVE),CONTISS,8,1,NATIONAL DIPLOMA IN BUSINESS STUDIES,2/12/1982,shehubala304gmail.com,8163236612
SP/R/867,,MARYAM,UMAR,MA’AJI,F,ADMINISTRATIVE,PERMANENT,1/9/2013,1/9/2019,ADMINISTRATIVE OFFICER,CONTISS,8,1,M SC EDUCATION GEOGRAPHY,25/09/1987,maryammaaji@gmail.com,8069479379
SP/R/869,,SULEIMAN,SAIDU,ZARMA,M,TECHNOLOGIST,PERMANENT,7/10/2013,1/10/2017,SENIOR CHIEF TECHNOLOGIST,CONTISS,14,2,M SC PHYSICS,21/04/1968,saiduzrm@gmail.com,7036033334
SP/R/870,,AMINA,ABUBAKAR,KUNDIRI,F,ADMINISTRATIVE,PERMANENT,18/06/2015,18/06/2018,SENIOR ASSISTANT REGISTRAR II,CONTISS,11,1,MBA MARKETING,12/12/1972,,8057244901
SP/R/872,,UMAR,BUBA,SA’AD,M,ADMINISTRATIVE,PERMANENT,17/09/2013,1/10/2019,B.A HISTORY,CONTISS,8,2,ADMINISTRATIVE ASSITANT,7/12/1971,umarsandasaad@gmail.com,8136960189
SP/R/877,,IBRAHIM,SULE,HARUNA,M,PLANNING,PERMANENT,30/09/2013,1/10/2016,SENIOR PLANNING OFFICER,CONTISS,9,3,B SC STATISTICS,13/02/1981,ibrahimsulebkd201@gmail.com,8034121755
SP/R/878,,RALIYA,,ALIYU,F,TECHNOLOGIST,PERMANENT,16/09/2013,1/10/2019,SENIOR LABORATORY SCIENTIST,CONTISS,9,1,PGD EDUCTAION,9/5/1977,radhiyataliyu@gmail.com,8066022528
SP/R/879,,ADEBAYO,,ADELOMO,F,TECHNOLOGIST,PERMANENT,16/09/2013,1/10/2016,SCIENCE LABORATORY TECHNOLOGIST I,CONTISS,8,3,HND CHEMISTRY/BIOCHEMISTRY,28/09/1984,adelomoadebayo@gmail.com,8063965460
SP/R/880,,ABBATI,BARDE,,M,EXECUTIVE,PERMANENT,19/09/2013,1/10/2017,EXECUTIVE OFFICER (ADMINISTRATIVE),CONTISS,6,2,DIPLOMA IN LOCAL GOVERNMENT STUDIES,25/01/1988,abbatibarde200@gmail.com,7067675000
SP/R/889,,HAMZA,,MOHAMMED,M,EXECUTIVE,PERMANENT,10/9/2013,1/10/2019,SENIOR EXECUTIVE OFFICER (ADMINISTRATIVE),CONTISS,8,1,NCE ECONS/GEOGRAPHY,27/09/1987,nuruhamza15@gmail.com,7056963159
SP/R/892,,ISAH,MUHAMMED,OLDI,M,CONFIDENTIAL SECRETARIAL,PERMANENT,4/12/2013,1/10/2017,CONFIDENTIAL SECRETARY II,CONTISS,7,2,NCE SECRETATRIAT  STUDIES,5/2/1982,isaholdi@gmail.com,8098769394
SP/R/898,,UMMAKALTHUM,MU’AZU,KABIRU,F,EXECUTIVE,PERMANENT,6/1/2013,10/1/2019,ADMINISTRATIVE ASSISTANT,CONTISS,8,1,BUSINESS STUDIES,20/08/1978,kabiru.sulaiman@yahoo.com,8039556191
SP/R/899,,ADAMU,,SULEIMAN,M,EXECUTIVE,PERMANENT,8/10/2013,1/10/2017,SENIOR EXECUTIVE OFFICER (ADMINISTRATIVE),CONTISS,8,3,MASTER OF DEVELOPMENT STUDIES,20/06/1985,sulemanadamu@gmail.com,8036405057
SP/R/900,,FATIMA,,IBRAHIM,F,ADMINISTRATIVE,PERMANENT,21/10/2013,1/10/2017,ADMINISTRATIVE OFFICER,CONTISS,8,3,B SC MANAGEMENT,3/9/1984,famus84@yahoo.com,8036426881
SP/R/901,,DANLADI,,BELLO,M,ADMINISTRATIVE,PERMANENT,8/10/2013,1/10/2017,ADMINISTRATIVE OFFICER,CONTISS,8,3,B SC ED BUSINESS,20/08/1982,galico82@gmail.com,8066382118
SP/R/904,,BASHIR,,BUNU,M,ADMINISTRATIVE,PERMANENT,30/10/2013,1/10/2017,ADMINISTRATIVE OFFICER,CONTISS,8,3,B. A. ISLAMIC STUDIES,14/05/1982,bashirbunu0@gmail.com,8061605612
SP/R/906,,HAMID,,HAMMAN,M,ADMINISTRATIVE,PERMANENT,3/10/2013,1/10/2017,ADMINISTRATIVE OFFICER,CONTISS,8,3,B SC PUBLIC ADMINISTRATION,8/6/1982,hhamidgirei@gmail.com,7039799719
SP/R/907,,MURTALA,,IBRAHIM,M,ADMINISTRATIVE,PERMANENT,21/10/2013,1/10/2017,ADMINISTRATIVE OFFICER,CONTISS,8,2,PGD IN LAND ADMINISTRATION,13/02/1988,mureegwiwa@gmail.com,8030527047
SP/R/910,,ALABI,VICTORIA,ANAYIMI,F,ADMINISTRATIVE,PERMANENT,8/10/2013,1/10/2017,ADMINISTRATIVE OFFICER,CONTISS,8,2,B SC ED ENGLISH,20/07/1982,victolab@gmail.comyahoo.com,7036111549
SP/R/911,,NURUDDEEN,,IBRAHIM,M,ADMINISTRATIVE,PERMANENT,21/10/2013,1/10/2017,ASSISTANT REGISTRAR,CONTISS,9,3,M ASTERS  OF  BUSINESS ADMINISTRATION,18/10/1974,ibrahimnurudeen453@gmail.com,8032125760
SP/R/912,,SALISU,,DAHIRU,M,ADMINISTRATIVE,PERMANENT,16/12/2013,1/10/2017,ASSISTANT REGISTRAR,CONTISS,9,3,MASTERS IN  PUBLIC  POLICY & ADMINISTRATION,31/12/1978,salisdom@gmail.com,8030637626
SP/R/913,,GADDAFI,ABBA,UMAR,M,SYSTEM ANALYST,PERMANENT,9/10/2013,1/10/2017,SYSTEM ANALYST 1,CONTISS,8,3,B SC BUSINESS COMPUTING AND INFORMATION TECHNOLOGY,13/04/1985,gkukuma@gmail.com,9075166661
SP/R/914,,BALA,,BABAYO,M,ACCOUNTING,PERMANENT,5/2/2014,1/10/2017,SENIOR ACCOUNTANT,CONTISS,9,3,BSC.ACCOUNTANCY(ANAN),10/10/1970,el-shirawiy@gmail.com,8030527027
SP/R/916,,ASMA’U,SAIYADI,RINGIM,F,TECHNOLOGIST,PERMANENT,3/10/2013,1/10/2017,TECGNOLOGIST I,CONTISS,8,3,B SC APPLED BIOLOGY,5/1/1983,asmausaiyadiringim@yahoo.com,8036966002
SP/R/926,,ABDULLAHI,,MUKTARI,M,EXECUTIVE,PERMANENT,10/10/2013,10/10/2019,EXECUTIVE OFFICER (ACCOUNTS),CONTISS,6,6,NATIONAL DIPLOMA ACCOUNTING,14/03/1990,,
SP/R/928,,JAMILA,,USMAN,F,LIBRARIAN,PERMANENT,01//10/2013,1/10/2017,LIBRARIAN II,CONTISS,8,3,B. LIBRARY & INFORMATION SCIENCE,4/1/1988,jamilaismail988@gmail.com,7062874710
SP/R/929,,MUSA,,USMAN,M,ADMINISTRATIVE,PERMANENT,9/10/2013,1/10/2017,ADMINISTRATIVE OFFICER,CONTISS,8,3,B SC BUSINESS ADMINSTRATION,4/4/1986,musausman961@gmail.com,8026364479
SP/R/938,,SAGIR,RABIU,ABUBAKAR,M,COACHING,PERMANENT,9/10/2013,1/10/2017,DATA PROCESSING OFFICER II,CONTISS,7,2,HND COMPUTER SCIENCE,12/12/1984,kabirabbakar745@gmail.com,8167973921
SP/R/939,,ADAMU,,SHUAIBU,M,SYSTEM ANALYST,PERMANENT,10/10/2013,10/10/2013,SYSTEM ANALYST,CONTISS,7,1,INTERNATIONAL DIPLOMA IN COMPUTER,1/1/1981,adamucovering@yahoo.com,8065404244
SP/R/940,,NURA,BARAU,DAMBATTA,M,ADMINISTRATIVE,PERMANENT,28/10/2013,1/10/2017,DEPUTY REGISTRAR,CONTISS,14,5,B.A.  PGD IN EDUCATION,15/01/1969,nuradanbabatta@yahoo.com,8183993308
SP/R/941,,SAIFULLAHI,NA’IBI,KIRU,M,EXECUTIVE,PERMANENT,10/10/2013,10/10/2019,HIGHER EXECUTIVE OFFICER (ACCOUNT),CONTISS,7,1,B. SC ECONOMICS,12/5/1987,saifkiru@yahoo.com,8066371994
SP/R/942,,JIBRIN,SANI,ALKALI,M,SECURITY,PERMANENT,15/10/2013,1/10/2017,HIGHER SECURITY OFFICER,CONTISS,7,2,NATIONAL DIPLOMA IN BUSINESSN ADMIN. AND MANAGEMENT,20/10/1983,jibson333@gmail.com,8034280931
SP/R/949,,ZAINUL,ABIDIN,SUNUSI,M,ADMINISTRATIVE,PERMANENT,7/1/2013,1/10/2017,ADMINISTRATIVE OFFICER,CONTISS,8,3,PGD IN  PUBLIC  POLICY & ADMINISTRATION,16/01/1984,zainulabidinsunusi@yahoo.com,8036029386
SP/R/952,,MOHAMMED,,GARBA,M,PROCUREMENT,PERMANENT,1/1/2013,1/10/2017,PROCUREMENT OFFICER I,CONTISS,8,3,B SC BUSINESS ADMINISTRATION (MANAGEMENT),6/6/1988,ringimmg@gmail.com,7039357617
SP/R/954,,ALHASSAN,,ABDULLAHI,M,EXECUTIVE,PERMANENT,12/1/2013,1/10/2017,HIGHER EXECUTIVE OFFICER (ADMINISTRATIVE),CONTISS,7,2,HND IN PUBLIC ADMINISTRATION,25/07/1984,alhassanabdullahi224@gmail.com,9038387341
SP/R/958,,NAJEEM,BELLO,UMAR,M,FARM MANAGEMENT,PERMANENT,12/1/2013,1/10/2017,FARM OFFICER I,CONTISS,8,3,B. AGRICULTURE,12/10/1984,najeemumarbello@gmail.com,8135956896
SP/R/959,,GARBA,MUSA,ADAMU,M,EXECUTIVE,PERMANENT,12/1/2013,1/10/2017,EXECUTIVE OFFICER (ACCOUNT),CONTISS,6,2,ADVANCED DIPLOMA,31/08/1987,adamumusagarba@gmail.com,8034583310
SP/R/960,,BUHARI,TIJJANI,,M,TECHNICAL OFFICER,PERMANENT,12/11/2013,13/11/201,HIGHER TECHNICAL OFFICER,CONTISS,7,1,ND BUILDING TWCHNOLOGY,10/11/1986,buharitijjani@gmail.com,8065581996
SP/R/962,,ABDULRAHMAN,UBA,RINGIM,M,EXECUTIVE,PERMANENT,12/1/2013,1/10/2017,SENIOR EXECUTIVE OFFICER (ADMINISTRATIVE),CONTISS,8,2,MASTERS IN DEVELOPMENT STUDIES,25/10/1982,baba_ringim@yahoo.com,8036309770
SP/R/963,,AMINU,,HUSSEINI,M,EXECUTIVE,PERMANENT,12/1/2013,1/10/2017,HIGHER EXECUTIVE OFFICER (ADMINISTRATIVE),CONTISS,7,2,NCE,4/3/1986,aminuhussain005@gmail.com,8033469970
SP/R/966,,SALISU,,ABBA,M,EXECUTIVE,PERMANENT,5/14/2013,10/1/2019,EXECUTIVE OFFICER,CONTISS,6,1,NIGERIA CERTIFICATE IN EDUCATION,1/1/1988,,8132567280
SP/R/967,,TIJJANI,MANNIR,,M,EXECUTIVE,PERMANENT,13/01/2013,10/1/2017,EXECUTIVE OFFICER,CONTISS,6,3,BACHELLOR OF LAW,12/8/1988,mannirtijjani@yahoo.com,8066040229
SP/R/968,,ALIYU,,UMAR,M,HEALTH RECORD TECHNICIAN,PERMANENT,1/10/2014,1/10/2017,MEDICAL RECORD OFFICER ,CONTISS,7,2,DPLOMA HEALTH  INFORMATION MANAGEMENT,15/08/1986,aliyuumar871@gmail.com,8136476736
SP/R/969,,AHMAD,,ABDULAZEEZ,M,ADMINISTRATIVE,PERMANENT,11/14/2013,10/1/2019,ADMINISTRATIVE ASSISTANT,CONTISS,7,1,B.SC ECONOMICS,10/25/1988,jentledude07@yahoo.com,8037331889
SP/R/972,,NURA,,SULE,M,EXECUTIVE,PERMANENT,14/01/2013,1/10/2017,SENIOR EXECUTIVE OFFICER (ADMINISTRATIVE),CONTISS,8,3,HND STATISTICS,4/4/1982,nurasule82@gmail.com,8064372310
SP/R/973,,YAKUBU,BABURA,ABDULKADIR,M,ADMINISTRATIVE,PERMANENT,14/01/2013,1/10/2017,ADMINISTRATIVE OFFICER,CONTISS,8,3,B SC GEOGRAPHY,15/12/1988,abdulkadiryakubu6@gmail.com,8064378834
SP/R/974,,BELLO,IBRAHIM,GUMEL,M,SYSTEM ANALYST,PERMANENT,14/01/2013,1/10/2017,SYSTEM ANALYST I,CONTISS,8,3,B SC COMPUTING SOFTWARE,2/2/1983,gumel2007@gmail.com,8035930857
SP/R/975,,ABDULLAHI,SAMINU,UMAR,M,EXECUTIVE,PERMANENT,14/01/2013,01/102019,HIGHER EXECUTIVE OFFICER (ADMINISTRATIVE),CONTISS,7,1,NCE ECONS/SOCIAL STUDIES,16/10/1987,asumar20@yahoo.com,7069739010
SP/R/978,,AMINUDDEN,,ABUBAKAR,M,SYSTEM ANALYST,PERMANENT,19/01/2013,1/10/2017,SYSTEM ANALYST I,CONTISS,8,3,B SC COMPUTER SCIENCE,15/03/1986,aminuddeen@fud.edu.ng,8038901725
SP/R/980,,RABI’U,,MUHAMMAD,M,TECHNOLOGIST,PERMANENT,25/11/2013,25/11/2013,TECHNICAL OFFICER,CONTISS,6,6,HIGHER NATIONAL DIPLOMA IN COMPUTER SCIENCE,20/06/1985,rabiumuhammad0029@gmail.com,8069510154
SP/R/982,,STEPHEN,PATRICK,BASHIR,M,PLANNING,PERMANENT,3/12/2013,1/10/2017,ACADEMIC PLANNING OFFICER I,CONTISS,8,2,PGD.B SC GEOGRAPHY,4/8/1985,patrickstephen730@gmail.com,8038641050
SP/R/983,,UMAR,,YUSUF,M,ADMINISTRATIVE,PERMANENT,3/12/2013,1/10/2017,ADMINISTRATIVE OFFICER,CONTISS,8,3,B SC GEOGRAPHY,19/01/1985,uyusuf440@gmail.com,8061546539
SP/R/986,,ATIKU,,IBRAHIM,M,ADMINISTRATIVE,PERMANENT,3/12/2013,1/10/2017,ADMINISTRATIVE OFFICER,CONTISS,8,2,B SC POLITICAL SCIENCE,20/06/1980,atikuibrahimsaadu@gmail.com,8035667749
SP/R/1005,,ADAMU,,SAMBO,M,TECHNICIAN,PERMANENT,12/10/2013,10/1/2019,MEDICAL LABORATORY TECHNICIAN,CONTISS,6,1,MEDICAL LABORATORYCERTIFICATE ,5/16/1988,,8065771645
SP/R/1014,,ORIYOMI,RACHEAL,ADENIKE,F,COACHING,PERMANENT,6/12/2013,1/10/2017,SPORT COACH I,CONTISS,8,3,B ED P.H.E,17/10/1988,rachaeladenikeoriyomi@yahoo.com,8032988270
SP/R/1015,,MUHAMMAD,YUSUF,MAFARA,M,ADMINISTRATIVE,PERMANENT,9/12/2013,9/12/2013,ADMINISTRATIVE  OFFICER,CONTISS,8,3,B SC MASS COMMUNICATION,17/01/1984,mafara2012@gmail.com,7034772375
SP/R/1016,,ONOJA,JANET,UNEH,F,ARCHITECT,PERMANENT,9/12/2013,1/10/2017,ARCHITECH I,CONTISS,8,3,B SC ARCHITECT,23/05/1989,jazexklue2009@yahoo.com,8065957201
SP/R/1017,,IBRAHIM,KHALIL,YAHYA,M,TECHNOLOGIST,PERMANENT,9/12/2013,1/10/2017,TECHNOLOGIST I,CONTISS,8,3,B SC PHYSICS,4/9/1982,mankhalil82@gmail.com,8035366444
SP/R/1020,,ALIYU,,ABUBAKAR,M,ADMINISTRATIVE,PERMANENT,10/12/2013,1/10/2017,ADMINISTRATIVE OFFICER,CONTISS,8,2,B SC PUBLIC ADMINISTRATION,15/12/1984,aliyudigil@gmail.com,7034570075
SP/R/1021,,AHMED,,YAHAYA,M,ADMINISTRATIVE,PERMANENT,10/12/2013,1/10/2017,ADMINISTRATIVE OFFICER,CONTISS,8,2,B SC SOCIOLOGY & ANTHROPOLOGY,15/08/1983,maiminti@yahoo.com,7032346362
SP/R/1025,,NAFISAH,MUHAMMAD,SANI,M,ADMINISTRATIVE,PERMANENT,1/12/2013,1/12/2019,ADMINISTRATIVE  OFFICER,CONTISS,8,3,B SC ED CHEMISTRY,3/8/1987,nafmsani@gmail.com,8034272702
SP/R/1026,,SULEIMAN,ALIYU,HAMMANGABDO,M,ADMINISTRATIVE,PERMANENT,1/12/2013,1/10/2017,ADMINISTRATIVE OFFICER,CONTISS,8,2,B SC GEOGRAPHY,20/07/1986,suleey348@gmail.com,8065396096
1029,,SHU’AIBU,SHU’AIBU,RABI;U,M,SYSTEM ANALYST,PERMANENT,12/17/2013,12/17/2019,SYSTEM ANALYST II,CONTISS,7,1,B.SC COMPUTER SCIENCE,7/22/1983,,
SP/R/1036,,MUZZAMMIL,HAMISU,IBRAHIM,M,ACCOUNTANT ,PERMANENT,16/12/2013,1/10/2017,ACCOUNTANT I,CONTISS,8,3,HND ACCOUNTANCY,28/10/1980,muazzamilhamisu@gmail.com,8036528593
SP/R/1037,,MRS. EJIKE,IFEANYI,PEACE NKIRUKA,F,EXECUTIVE,PERMANENT,18/12/2013,10/1/2017,SYSTEM ANALYST I,CONTISS,8,3,HND COMPUTER SCIENCE,29/01/1985,ejikeifeanyi80@gmail.com,9022937927
SP/R/1038,,ZAKARIYAU,ADO,MINJIBIR,M,EXECUTIVE,PERMANENT,6/1/2014,6/1/2019,HIGER EXECUTIVE OFFICER (ADMINISTRATIVE),CONTISS,7,1,ND BUSINESS ADMINISTRATION & MANAGEMENT,20/04/1987,zakariyauminjibir@gmail.com,8068626397
SP/R/1042,,ABUBAKAR,YABA,SULAYMAN,M,ADMINISTRATIVE,PERMANENT,6/1/2014,1/10/2017,ADMINISTRATIVE OFFICER,CONTISS,8,3,B SC BUSINESS ADMINISTRATION,27/04/1984,abubakarsulayman@yahoo.com,8030940468
SP/R/1044,,ABDULLAHI,AUDU,DANYELWA,M,ACCOUNTING,PERMANENT,8/1/2014,1/10/2017,SENIOR ACCOUNTANT,CONTISS,9,6,MBA FINANCE,14/09/1965,danyelwa2@gmail.com,8034094943
SP/R/1045,,ABDULLAHI,MUHAMMAD,IBRAHIM,M,ENGINEER,PERMANENT,20/01/2014,1/10/2017,ENGINEER I,CONTISS,8,3,B ENG ELECTRICAL ENGINEERING,22/01/1986,abdul_ami@yahoo.com,7032959986
SP/R/1074,,ABDULRAUF,A.,YAMTA,M,SYSTEM ANALYST ,PERMANENT,1/4/2014,1/10/2017,SYSTEM ANALYST I,CONTISS,8,4,B SC SCIENCE IN INFORMATION SYSTEM,25/02/1989,yemta.a@gamil.com,7065377331
SP/R/1075,,DR. SANI,ABDULMUMINI,SA’AD,M,MEDICAL OFFICER,PERMANENT,1/4/2014,1/10/2017,MEDICAL OFFICER,CONTISS,11,2,MBBS,23/04/1984,abdulsudaisy@gmail.com,8033491613
SP/R/1078,,BELLO,MUKHTAR,,M,EXECUTIVE,PERMANENT,10/4/2014,1/10/2017,EXECUTIVE OFFICER (ADMINISTRATIVE),CONTISS,6,2,DIPLOMA IN QUR’ANIC SCIENCE,22/04/1986,bellomuktar855@gmail.com,7064831915
SP/R/1091,,DR. RUKAIYATU,USMAN,AHMAD,F,ARCHITECTS,PERMANENT,1/4/2013,1/4/2013,DEPUTY DIRECTOR,CONTISS,14,7,PGD PLANNING,15/08/1963,rukaiya63@gmail.com,8108521080
SP/R/1094,,SAADATU,,ABDULLAHI,F,ADMINISTRATIVE,PERMANENT,22/04/2014,1/10/2017,ADMINISTRATIVE OFFICER,CONTISS,8,2,B SC PUBLIC ADINISTRATION,2/10/1987,saadatuabdullahi50@gmail.com,8032714188
SP/R/1102,,IBRAHIM,AMINU,IBRAHIM,M,EXECUTIVE (ACCOUNT),PERMANENT,23/04/2014,1/10/2017,SENIOR EXECUTIVE OFFICER (ADMINISTRATIVE),CONTISS,8,2,HND ACCOUNTANCY,1/8/1980,baballe1980@yahoo.com,8121030002
SP/R/1103,,JIBRIL,,GARBA,M,ADMINISTRATIVE,PERMANENT,24/04/2014,1/10/2017,ADMINISTRATIVE OFFICER,CONTISS,8,2,B SC  BUSSINESS COMPUTING,3/1/1985,jibrinsarkingabass@yahoo.com,8030694828
606,,IBRAHIM,,ADAMU,M,EXECUTIVE ,PERMANENT,29/04/2014,1/10/2017,HIGHER EXECUTIVE OFFICER (ACCOUNT),CONTISS,7,2,NATIONAL DIPLOMA IN ACCOUNTING,19/05/1987,ibrahimadamu917@yahoo.com,8030667585
SP/R/1111,,FATIMA,,ADAM,F,FARM MANAGEMENT,PERMANENT,12/5/2014,1/10/2017,FARM OFFICER I,CONTISS,8,2,B SC FORESTRY & WILDLIFE,27/05/1987,fadam406@gmail.com,7066040441
SP/R/1112,,ALIYU,,HAYATU,M,TECHNICAL,PERMANENT,12/5/2014,1/10/2017,HIGHER TECHNICAL OFFICER,CONTISS,7,2,DIPLOMA CIVIL/WATER ENGINEERING,24/12/1988,hayatualiyu50@gmail.com,8069228882
SP/R/1116,,BALA,,UBA,M,ADMINISTRATIVE,PERMANENT,14/05/2014,1/10/2019,ADMINISTRATIVE ASSISTANT,CONTISS,7,1,B.SC CRIMINOLOGY & SECURITY STUDIES,25/07/1989,,8038598457
SP/R/1118,,MUHAMMED,,BAFFA,M,EXECUTIVE,PERMANENT,14/05/2014,1/10/2017,EXECUTIVE OFFICER (ADMINISTRATIVE),CONTISS,6,2,DIPLOMA IN PUBLIC ADMINISTRATION,10/5/1984,muhammedbaffa1@gmail.com,8032479793
SP/R/1123,,UMAR,SULAIMAN,K/WAMBAI,M,EXECUTIVE,PERMANENT,20/05/2014,1/10/2017,HIGHER EXECUTIVE OFFICER (ADMINISTRATIVE),CONTISS,7,2,NCE ARABIC/ISLAMIC STUDIES,2/12/1990,umarskwambai@gmail.com,8030443502
SP/R/1124,,KABIRU,SURAJO,ABDULLAHI,M,EXECUTIVE,PERMANENT,5/19/2014,10/1/2019,HIGHER EXECUTIVE OFFICER,CONTISS,7,1,ND PUBLIC ADMINISTRATION,8/11/1983,,8033663996
SP/R/1126,,RABI,O.,ABDULSALAM,F,ADMINISTRATIVE,PERMANENT,20/05/2014,20/05/2014,ADMINISTRATIVE OFFICER,CONTISS,8,6,B SC POLITICAL SCIENCE,28/02/1984,oizee4sure@yahoo.com,7030624009
SP/R/1132,,SHAMSUDDEEN,MUHAMMAD,ILIYA,M,TECHNOLOGIST,PERMANENT,21/05/2014,1/10/2017,TECHNOLOGIST I,CONTISS,8,2,B TECH ENVIRONMENT MGT TECHNOLOGY,12/8/1984,shamsuiliya@yahoo.com,8033668073
SP/R/1135,,SHUAIBU,IBRAHIM,DUTSE,M,SYSTEM ANALYST,PERMANENT,5/22/2014,10/1/2019,SYSTEM ANALYST II,CONTISS,7,1,NIGERIA CERTIFICATE IN EDUCATION,5/20/1990,shuphat@gmail.com,8033824106
SP/R/1137,,BELLO,IBRAHIM,,M,ICT TECHNICAL,PERMANENT,22/05/2014,1/10/2017,TECHNICAL OFFICER III ICT,CONTISS,6,2,DIPLOMA IN COMPUTER STUDIES,8/10/1984,belloibrahim206@gmail.com,8032285656
SP/R/1138,,MUHAMMAD,SAADU,BARWA,M,EXECUTIVE,PERMANENT,22/05/2014,1/10/2017,EXECUTIVE OFFICER (ADMINISTRATIVE),CONTISS,6,2,NCE,1/6/1986,barwashams@gmail.com,7036005448
SP/R/1144,,ABUBAKAR,UMAR,BAKO,M,ADMINISTRATIVE,PERMANENT,27/05/2014,1/10/2017,ADMINISTRATIVE OFFICER,CONTISS,8,2,B.A Ed EDUCATION ARABIC,28/03/1986,aubabuabdul@gmail.com,8037471955
SP/R/1149,,NASIRU,,SANI,M,ADMINISTRATIVE,PERMANENT,2/6/2014,2/6/2014,ADMINISTRATIVE OFFICER,CONTISS,8,6,M SC HEALTH INFORMATION & MANAGEMENT,16/06/1985,nasirusanimusa@gmail.com,8069487121
SP/R/1150,,MAHMUD,MOHAMMED,JADA,M,ADMINISTRATIVE,PERMANENT,30/05/2014,1/10/2017,ADMINISTRATIVE OFFICER,CONTISS,8,2,B SC POLITICAL SCIENCE,22/06/1978,jada4muhd@gmail.com,8033086652
SP/R/1151,,NI’IMA,SHEHU,AMMANI,F,ADMINISTRATIVE,PERMANENT,2/6/2014,2/6/2019,ADMINISTRATIVE OFFICER,CONTISS,8,3,B A ENGLISH,24/04/1991,ammaniima@gmail.com,7038801792
SP/R/1160,,TAHIR,,ABUBAKAR,M,ADMINISTRATIVE,PERMANENT,2/6/2014,1/10/2017,ADMINISTRATIVE OFFICER,CONTISS,8,2,B SC PUBLIC ADMINISTRATION,26/07/1977,tmam7752@gmailo.com,8033014452
SP/R/1161,,MOHAMMED,,AHMED,M,SYSTEM ANALYST,PERMANENT,2/6/2014,1/10/2017,SYSTEM ANALYST I,CONTISS,8,2,B TECH INFORMATION & COMM TECHNOLOGY,6/4/1984,ahmed.m@fud.edu.ng,8053640128
SP/R/1165,,ABDUSSALAM,ABBA,TUKUR,M,SYSTEM ANALYST,PERMANENT,3/6/2014,10/1/2019,SYSTEM ANALYST I,CONTISS,8,2,B TECH INFORMATION AND COMMUNICATION TECHNOLOGY,1/1/1984,tkrabba@gmail.com,7038510663
SP/R/1169,,ABDULLAHI,YUSUF,MUHAMMAD,M,ENGINEER,PERMANENT,4/6/2014,1/10/2017,SENIOR ENGINEER,CONTISS,9,2,B ENGINEERING CIVIL,10/9/1975,billata99@gmail.com,8037549666
SP/R/1170,,CHRISTIANA,OKEYINKA,OLUWATOYIN,F,SYSTEM ANALYST,PERMANENT,5/6/2014,1/10/2017,SYSTEM ANALYST I,CONTISS,8,2,HND COMPUTER SCIENCE,15/01/1983,christianaoluwatoyin@gmail.com,8063038686
SP/R/1172,,YUSUF,,MUSTAPHA,M,FARM MANAGEMENT,PERMANENT,4/6/2014,1/10/2017,FARM OFFICER I,CONTISS,8,2,B AGRICULTURAL EXTENSION,10/4/1987,jmustapha418@gmail.com,8038667111
SP/R/1173,,ABDULMUMINI,,IDRIS,M,EXECUTIVE,PERMANENT,4/6/2014,1/10/2017,SENIOR EXECUTIVE OFFICER (ADMINISTRATIVE),CONTISS,8,2,HND PUBLIC ADMINISTRATION,24/01/1984,abdulkakun@gmail.com,8065880192
SP/R/1176,,MOHAMMED,ABDULLAHI,IBRAHIM,M,TECHNICAL,PERMANENT,9/6/2014,1/10/2017,SENIOR TECHNICAL OFFICER,CONTISS,8,2,HND MECHANICAL ENGINEERING,1/2/1982,ask4mohaa@yahoo.com,8054286307
SP/R/1180,,MOHAMMAD,SHAMSU,USMAN,M,SYSTEM ANALYST,PERMANENT,1/6/2014,1/10/2017,SYSTEM ANALYST I,CONTISS,8,2,B SC COMPUTER SCIENCE,13/06/1986,muhdshamsuman@gmail.com,8034859193
SP/R/1182,,AHMAD,,MUJAHEED,M,TECHNOLOGIST,PERMANENT,11/6/2014,11/6/2014,"TECHNICAL OFFICER, ICT",CONTISS,6,5,B SC COMPUTER SCIENCE,10/1/1993,mackcy0013@gmail.com,7068786889
SP/R/1184,,RAHMATU,ISMA’ILA,ZUBAIRU,F,ADMINISTRATIVE,PERMANENT,13/06/2014,1/10/2017,ADMINISTRATIVE OFFICER,CONTISS,8,2,B SC POLITICAL SCIENCE,13/08/1984,ramatzubairu@yahoo.com,809292997
SP/R/1187,,HYICENT,JOSEPH,,M,EXECUTIVE,PERMANENT,17/06/2014,1/10/2017,EXECUTIVE OFFICER (ADMINISTRATIVE),CONTISS,6,2,DIPLOMA IN ACCOUNTING,24/09/1986,hycentjoseph@gmail.com,8138302023
SP/R/1191,,RUFA’I,,YAHAYA,M,ADMINISTRATIVE,PERMANENT,18/06/2014,1/10/2017,ADMINISTRATIVE OFFICER,CONTISS,8,2,B ED SOCIAL STUDIES,22/04/1980,rufaiyahaya004@gmail.com,7039002717
SP/R/1193,,ZAINAB,SULAIMAN,DUHU,F,ADMINISTRATIVE,PERMANENT,1/10/2014,1/10/2017,ADMINISTRATIVE ASSISTANT,CONTISS,7,2,LLB (HON),27/08/1972,zeeduhu@gmail.com,8036299162
SP/R/1194,,YUSUF,RABIU,,M,EXECUTIVE,PERMANENT,23/05/2014,1/10/2017,HIGHER EXECUTIVE OFFICER (ACCOUNT),CONTISS,7,2,HND  ACCOUNTANCY,10/10/1985,rabiauatyusuf@yahoo.com,
SP/R/1202,,SADIQ,,MUSA,M,TECHNICAL ICT,PERMANENT,25/06/2014,1/10/2017, TECHNICAL OFFICER II,CONTISS,7,2,NATIONAL DIPLOMA IN COMPUTER SCIENCE,2/7/1990,sadiqmusadz@gmail.com,8031514525
SP/R/1205,,HAFSAT,,ILIYASU,M,TECHNOLOGIST,PERMANENT,6/30/2014,10/1/2019,SCIENCE LABORATORY TECHNOLOGIST II,CONTISS,7,1,DIPLOMA IN SCIENCE LAB. TECHNOLOGY,2/12/1993,hafsatyusuf@gmail.com,7030988646
SP/R/1207,,ABUBAKAR,UBA,MAKAMA,M,EXECUTIVE,PERMANENT,26/06/2014,1/10/2017,SENIOR EXECUTIVE OFFICER (ADMINISTRATIVE),CONTISS,8,2,HND PUBLIC ADMINISTRATIVE,17/07/1970,,8061618853
SP/R/1208,,DAUDA,SAIDU,GARBA,M,TECHNOLOGIST,PERMANENT,26/06/2014,1/10/2017,TECHNOLOGIST I,CONTISS,8,2,B SC ENVIROMENTAL BIOLOGY,25/08/1986,daudasaf20@gmail.com,8035469002
SP/R/1216,,AHMED,ABDULLAHI,,M,EXECUTIVE,PERMANENT,4/7/2014,1/10/2017,EXECUTIVE OFFICER (ADMINISTRATIVE),CONTISS,6,2,DIPLOMA IN PUBLIC ADMINISTRATION,1/2/1986,abdullahiahmad96@yahoo.com,7033262107
SP/R/1217,,IBRAHIM,MUHAMMAD,SANI,M,EXECUTIVE,PERMANENT,30/06/2014,1/10/2017,HIGHER EXECUTIVE OFFICER (ADMINISTRATIVE),CONTISS,7,2,NCE ENGLISH/HAUSA,20/06/1984,saniibrahimm19@gmail.com,8038026698
SP/R/1219,,SALIHU,,USMAN,M,ADMINISTRATIVE LIBRARIAN,PERMANENT,1/7/2014,1/10/2017,LIBRARIAN II,CONTISS,8,2,B SC LIBRARY SCIENCE,4/1/1984,salkonooo@gmail.com,8064732310
SP/R/1221,,LAWAN,IBRAHIM,TUNAU,M,ADMINISTRATIVE,PERMANENT,2/7/2014,2/7/2014,ADMINISTRATIVE  ASSISTANT,CONTISS,7,5,B SC BUSINESS ADMINISTRATION,22/02/1985,ibtunau@gmail.com,8037335382
SP/R/1222,,SAIDU,MUSA,SAIDU,M,EXECUTIVE,PERMANENT,3/7/2014,1/10/2017,HIGHER EXECUTIVE OFFICER (ADMINISTRATIVE),CONTISS,7,2,NCE  HAUSA/ARABIC,12/9/1980,saidumusa62@gmail.com,7035499898
SP/R/1223,,YAKUBU,MUSA,YANKARI,M,EXECUTIVE,PERMANENT,3/7/2014,1/10/2017,HIGHER EXECUTIVE OFFICER (ADMINISTRATIVE),CONTISS,7,2,NCE  BIOLOGY/COMPUTER SCIENCE,10/10/1988,yakubu.yankari@fud.edu.ng,O7063698628
SP/R/1224,,UMAR,,HALIRU,M,EXECUTIVE,PERMANENT,3/7/2014,1/10/2017,HIGHER EXECUTIVE OFFICER (ADMINISTRATIVE),CONTISS,7,2,NCE  SOCIAL STUDIES/PES,2/2/1982,umarhaliru2019@gmail.com,8062312367
SP/R/1230,,ABDULSAMAD,GARBA,SUDAWA,M,EXECUTIVE,PERMANENT,9/7/2014,1/10/2017,EXECUTIVE OFFICER (ADMINISTRATIVE),CONTISS,6,2,DIPLOMA IN LAW,21/06/1980,bjsud@gmail.com,7063561552
SP/R/1231,,JAMILU,,HARUNA,M,ADMINISTRATIVE LIBRARIAN,PERMANENT,7/7/2014,1/10/2019,FARM MANAGER,CONTISS,12,5,M SC ANIMAL SCIENCE,2/2/1974,shamsualmustapha47@gmail.com,8036131384
SP/R/1233,,ABUBAKAR,,ISMAIL,M,ADMINISTRATIVE,PERMANENT,7/10/2014,10/1/2019,ADMINISTRATIVE ASSISTANT,CONTISS,7,1,B.SC PUBLIC ADMINISTRATION,4/1/1988,abubakarismail934@gmail.com,8033460154
SP/R/1234,,ISAH,,AMINU,M,EXECUTIVE,PERMANENT,9/7/2014,9/7/2019,HIGHER EXECUTIVE  OFFICER (ADMINISTRATIVE),CONTISS,7,1,NCE GEOGRAPHY/HISTORY,6/10/1991,isahaminu10@gmail.com,7068337179
SP/R/1236,,WADA,,ABDULLAHI,M,EXECUTIVE,PERMANENT,10/7/2014,10/7/2019,HIGHER EXECUTIVE OFFICER (ADMINISTRATIVE),CONTISS,7,1,N ATIONAL DIPLOMA BUSINESS ADMINISTRATION,3/6/1983,wadaabdullahi1983@gmail.com,7032136118
SP/R/1243,,MURTALA,,AHMED,M,EXECUTIVE,PERMANENT,11/4/2014,11/4/2018,HIGHER EXECUTIVE OFFICER (ADMINISTRATIVE),CONTISS,7,2,DIPLOMA IN PUBLIC ADMINISTARTION,25/09/1989,ahmedmurtala018@yahoo.com,7064645014
SP/R/1254,,ABUBAKAR,,UMAR,M,TECHNICAL,PERMANENT,14/07/2014,1/10/2017,HIGHER TECHNICAL OFFICER,CONTISS,7,2,NCE BUILDING TECHNOLOGY/TECHNICAL DRAWING,1/5/1981,abubakarumar@yahoo.com,7032956692
SP/R/1258,,USMAN,ADAMU,DANLADI,M,EXECUTIVE,PERMANENT,17/07/2014,1/10/2017,EXECUTIVE OFFICER (ADMINISTRATIVE),CONTISS,6,2,DIPLOMA IN ENGLISH/ISLAMIC STUDIES/EDUCATION,20/05/1976,bensy19790@gmail.com,7032771140
SP/R/1259,,UBA,HAMZA,GAYA,M,TECHNICAL OFFICER,PERMANENT,16/07/2014,1/10/2017,SENIOR TECHNICAL OFFICER,CONTISS,8,2,HND BUILDING TECHNOLOGY,1/1/1975,,7061633624
SP/R/1260,,ALHASSAN,,LURWANU,M,EXECUTIVE,PERMANENT,3/7/2014,1/10/2019,SENIOR EXECUTIVE OFFICER (ADMINISTRATIVE),CONTISS,8,1,POSTGRADUAE DIPLOMA PUBLIC POLICY ADMIN.,15/02/1987,alhassanlurwanu@gmail.com,8067208140
SP/R/1263,,KAM-SELEM,KYARI,DIKWA,M,ENGINEER,PERMANENT,1/7/2014,1/10/2017,ENGINEER I,CONTISS,8,2,PGD CIVIL ENGINEERING,25/08/1978,kkdikwa@gmail.com,8065460409
SP/R/1264,,ABDULHAKIM,B,DATTI,M,EXECUTIVE,PERMANENT,24/07/2014,1/10/2019,SENIOR EXECUTIVE OFFICER (ADMINISTRATIVE),CONTISS,8,1,PGDE PUBLIC POLICY AND ADMINISTRATION,31/12/1987,abdulhakimbashirdatti@gmail.com,8039520572
SP/R/1268,,GARBA,,SHITU,M,EXECUTIVE,PERMANENT,22/07/2014,01/102018,HIGHER EXECUTIVE OFFICER (ADMINISTRATIVE),CONTISS,7,1,NCE ENGLISH/HAUSA,2/10/1988,gshitugalambi@gmail.com,8063443898
SP/R/1269,,MUAZU,ABDULLAHI,ZANGO,M,EXECUTIVE,PERMANENT,22/07/2014,1/10/2017,SENIOR EXECUTIVE OFFICER (ADMINISTRATIVE),CONTISS,8,2,HND PUBLIC ADMIN,1/1/1983,muazuabdullahizango@gmail.com,8065880163
SP/R/1272,,ISA,,ADAMU,M,EXECUTIVE,PERMANENT,25/07/2014,1/10/2017,HIGHER EXECUTIVE OFFICER (ADMINISTRATIVE),CONTISS,7,2,DIPLOMA IN BANKING AND FINANCE,2/2/1984,adamuakka01@gmail.com,8067199292
SP/R/1273,,ABDULLAHI,ABDULLAHI,YUSUF,M,RADIOGRAPHER,PERMANENT,23/07/2014,23/07/2014,RADIOGRAPHER,CONTISS,6,5,NATIONAL DIPLOMA IN X-RAY TECHNICIAN,5/10/1990,ayusufkiru1990@gmail.com,7061953925
SP/R/1275,,USMAN,ADAMU,ABDULMAJID,M,ENVIRONMENTAL HEALTH,PERMANENT,7/31/2014,10/1/2019,HEALTH ASSISTANT,CONTISS,6,1,DIPLOMA IN ENVIRONMENTAL HEALTH TECHNOLOGY,9/14/1989,,
SP/R/1282,,ABDULSALAM,IBRAHIM,MOHAMMED,M,ADMINISTRATIVE,PERMANENT,4/8/2014,1/10/2017,ADMINISTRATIVE OFFICER,CONTISS,8,2,B SC BUSINESS ADMINISTRATION,20/10/1983,dula95@yahoo.com,8030642002
SP/R/1284,,HALIMA,ALI,SHUWA,F,MEDICAL LABORATORY SCIENTIST,PERMANENT,4/8/2014,1/10/2017,SENIOR MEDICAL LAB SCIENTIST,CONTISS,8,5,B MLS CHEMICAL PATHOLOGY,25/10/1987,halimashuwa@gmail.com,8039485020
SP/R/1285,,ALIYU,MOHAMMED,BELLO,M,ADMINISTRATIVE,PERMANENT,4/8/2014,1/10/2017,ADMINISTRATIVE OFFICER,CONTISS,8,2,B TECH BUSINESS EDU/ACOOUNT PGDE,28/08/1981,aliyumtbello@yahoo.com,8033668366
SP/R/1286,,TUKUR,,ABDULJALAL,M,FARM OFFICER,PERMANENT,4/8/2014,10/1/2019,SENIOR FARM OFFICER ,CONTISS,9,3,B.AGRIC CROP SCIENCE,26/06/1974,abduljalaltukur@gmail.com,8032122004
SP/R/1289,,NAJA’ATU,,ABDULLAHI,F,HEALTH RECORD TECHNICIAN,PERMANENT,5/8/2014,1/10/2017,HEALTH INFORMATION TECHNICIAN I,CONTISS,7,2,DIPLOMA IN HEALTH INFORMATION TECHNICIAN,15/03/1989,,7036942165
SP/R/1290,,IDRISS,,ABUBAKAR,M,ZOO OFFICER,PERMANENT,25/08/2014,1/10/2017,ZOO OFFICER I,CONTISS,8,2,B SC ZOOLOGY,3/1/1988,idrisabubakar@gmail.com,8066228886
SP/R/1292,,IBRAHIM,SULEIMAN,LAWAN,M,ADMINISTRATIVE,PERMANENT,7/8/2014,1/10/2017,ADMINISTRATIVE OFFICER,CONTISS,8,2,B SC SOCIOLOGY,7/8/1985,ibrahimsuleiman30@gmail.com,7037757280
SP/R/1293,,UMAR,SAMINU,MUHAMMAD,M,SYSTEM ANALYST,PERMANENT,6/8/2014,1/10/2017,SYSTEM ANALYST I,CONTISS,8,2,HND IN COMPUTER SCIENCE,25/06/1986,umarsaminumuhammad@gmail.com,8037680408
SP/R/1294,,GANIYAT,LUBUOLA,ADEJOKE,F,MEDICAL LABORATORY SCIENTIST,PERMANENT,7/8/2014,1/10/2017,SENIOR MEDICAL LAB SCIENTIST,CONTISS,9,3,B.MLS BIO MEDICAL SCIENCE,30/01/1984,lubuoloaadejokeganiyat@gmail.com,8030495289
SP/R/1295,,AISHATU,USMAN,GUMEL,F,EXECUTIVE,PERMANENT,7/8/2014,1/10/2017,SENIOR EXECUTIVE OFFICER (ADMINISTRATIVE),CONTISS,8,2,HND PUBLIC ADMINISTRATION PGD,20/05/1984,eeeshagumel@gmail.com,8032777314
SP/R/1296,,MUHAMMAD,,USMAN,M,EXECUTIVE,PERMANENT,8/8/2014,1/10/2017,SENIOR EXECUTIVE OFFICER (ADMINISTRATIVE),CONTISS,8,2,MASTERS OF DEVELOPMENT STUDIES,28/01/1974,usmaniaa2@gmail.com,811960707
SP/R/1297,,HAMBALI,,GIMBA,M,ACCOUNTANT ,PERMANENT,7/8/2014,1/10/2017,ACCOUNTANT I,CONTISS,8,2,B SC ACCOUNTING,22/02/1986,hambaligimba@gmail.com,7035888435
SP/R/1298,,KABIRU,,GARBA,M,ICT TECHNICIAN,PERMANENT,8/12/2014,10/1/2019,SENIOR ICT TECHNICIAN,CONTISS,7,1,B.SC INFORMATION TECHNOLOGY,7/8/1989,kabirshehu@gmail.com,8037379657
SP/R/1300,,IBRAHIM,ABDULRAZAQ,USMAN,M,SYSTEM ANALYST ,PERMANENT,8/12/2014,10/1/2019,SYSTEM ANALYST II,CONTISS,7,1,BSC COMPUTER SCIENCE,1/25/1984,,
SP/R/1302,,BELLO,IBRAHIM,,M,EXECUTIVE,PERMANENT,13/08/2014,1/10/2017,EXECUTIVE OFFICER (ADMINISTRATIVE),CONTISS,6,2,DIPLOMA IN PUBLIC ADMINISTRATION,1/2/1990,belloibrahimadede@gmail.com,7067820783
SP/R/1304,,BAFFA,BALA,UMAR,M,CONFIDENTIAL SECRETARIAL,PERMANENT,3/8/2014,1/10/2017,CONFIDENTIAL SECRETARY I,CONTISS,8,2,HND COMPUTER SCIENCE,1/8/1982,baffanummah82@gmail.com,8068161176
SP/R/1310,,FATIMA,MODU,SHERIFF,F,ADMINISTRATIVE,PERMANENT,15/08/2014,1/10/2017,ADMINISTRATIVE OFFICER,CONTISS,8,2,B SC ECONOMICS,29/08/1989,suadams19@gmail.com,8053575840
SP/R/1311,,AUWAL,MOHAMMED,KARGO,M,PHARMACY TECHNICIAN,PERMANENT,18/08/2014,1/10/2017,HIGHER PHARMACY TECHNICIAN,CONTISS,7,2,DIPLOMA PHARMACY TECHNICIAN,02.02/1988,amkargo@yahoo.com,7033431070
SP/R/1312,,NASIRU,,YAHAYA,M,TECHNOLOGIST,PERMANENT,18/08/2014,1/10/2017,SENIOR  LABORATORY TECHNOLOGIST II,CONTISS,7,2,CERTIFICATE MEDICAL LAB TECHNICIAN,15/06/1986,nasiru1889@gmail.com,7064898089
SP/R/1317,,UMAR,GARBA,,M,SECRETARIAL,PERMANENT,22/08/2014,1/10/2017,CONFIDENTIAL SECRETARY III,CONTISS,6,2,DIPLOMA IN OFFICE TECHNOLOGY AND MANAGEMENT,1/9/1985,garbaumar23@gmail.com,7034903555
SP/R/1318,,DALHATU,KAMILU,,M,CONFIDENTIAL SECRETARIAL,PERMANENT,22/08/2014,1/10/2017,CONFIDENTIAL SECRETARY III,CONTISS,6,2,HND BUSINESS ADMINISTRATION,19/01/1993,dalhatukamilu@gmail.com,7066179433
SP/R/1319,,ABBA,KASHIM,MUSTAPHA,M,EXECUTIVE,PERMANENT,22/08/2014,1/10/2017,EXECUTIVE OFFICER (ADMINISTRATIVE),CONTISS,6,2,NCE POLITICAL SCEINCE,1/6/1985,kibnmustapha85@gmail.com,8055767757
SP/R/1323,,ZAYYANU,ISYAKU,,M,EXECUTIVE,PERMANENT,22/08/2014,1/10/2017,EXECUTIVE OFFICER (ADMINISTRATIVE),CONTISS,6,2,NCE ENGLISH/HAUSA,14/04/1978,isyakuzayya@gmail.com,7016685501
SP/R/1330,,HABIBU,MUSA,GEBBE,M,ACADEMIC TECHNOLOGIST,PERMANENT,26/08/2014,1/10/2017,TECHNOLOGIST I,CONTISS,8,2,B SC GEOGRAPHY,19/10/1984,habibumusagebbe@gmail.com,7066697070
SP/R/1335,,BATULA,AUWAL,KAMFUT,F,ADMINISTRATIVE,PERMANENT,1/9/2014,1/9/2019,ADMINISTRATIVE  OFFICER,CONTISS,8,3,B Sc. SOCIOLOGY ANTHROPOLOGY,21/08/1981,batula.auwal@gmail.com,8037053061
SP/R/1338,,USMAN,GARBA,DAWHA,M,EXECUTIVE,PERMANENT,2/9/2014,1/10/2017,HIGHER EXECUTIVE OFFICER (ADMINISTRATIVE),CONTISS,7,2,ADVANCE DIPLOMA PUBLIC ADMIN,6/6/1962,dusman.ud@gmail.com,8032879213
SP/R/1340,,SHUKURANA,YAHAYA,USMAN,M,NURSING officer,PERMANENT,2/9/2014,1/10/2017,SENIOR NURSING OFFICER,CONTISS,9,5,GENERAL NURSING CERTIFICATE,1/4/1984,jahunawa55@gmail.com,8069545555
SP/R/1341,,BABAGANA,MALA,KARAMMA,M,EXECUTIVE,PERMANENT,3/9/2014,1/10/2017,HIGHER EXECUTIVE OFFICER (ADMINISTRATIVE),CONTISS,7,2,B.Sc SOCIOLOGY EDUCATION,20/03/1984,babsonmala64@yahoo.com,7065691516
SP/R/1342,,ABDU,,USMAN,M,ADMINISTRATIVE,PERMANENT,4/9/2014,1/10/2017,ASSISTANT REGISTRAR,CONTISS,9,2,MASTERS IN INDUSTRIAL LABOUR & RELATION,31/12/1969,abduusman1969@gmail.com,7066339353
SP/R/1343,,SULAIMAN,MUSA,SULAIMAN,M,TECHNICIAN,PERMANENT,8/9/2014,1/10/2019,SENIOR ICT TECHNICIAN,CONTISS,7,1,ND ITERNATIONAL COMPUTING,14/08/1992,,8069444130
SP/R/1346,,FARUK,UMAR,SANI,M,SYSTEM ANALYST,PERMANENT,8/9/2014,1/10/2017,SYSTEM ANALYST I,CONTISS,8,2,B SC INFORMATION SYSTEM,3/6/1990,faruksani90@gmail.com,7037686904
SP/R/1349,,KANI,HAMZA,AMINU,M,LIBRARIAN,PERMANENT,8/9/2014,1/10/2017,LIBRARIAN II,CONTISS,8,2,B TECH. LIBRARY & INFORMATION TECHNOLOGY,31/05/1988,kanihamza@gmail.com,8036786927
SP/R/1358,,WANMA,TIDY,SABE,F,ADMINISTRATIVE,PERMANENT,17/09/2014,1/10/2018,ADMINISTRATIVE OFFICER,CONTISS,8,1,B. SC SOCIOLOGY & ANTHROPOLOGY,20/01/1987,sabezaure@gmail.com,7055700747
SP/R/1360,,BINTA,IBRAHIM,RABIU,F,PROCUREMENT,PERMANENT,17/09/2014,1/10/2017,SENIOR PROCUREMENT OFFICER,CONTISS,9,2,BACHELOR OF LAW,3/8/1973,bintrabiu75@gmail.com,8035989975
SP/R/1363,,HAPSAT,YAKUBU,H. RUBA,F,ADMINISTRATIVE,PERMANENT,22/09/2014,1/10/2017,ASSISTANT REGISTRAR,CONTISS,9,3,B. SC BUSINESS ADMINISTRATION,17/06/1967,hafsatruba@gmail.com,8037038293
SP/R/1367,,AMINU,MAHMOUD,RINGIM,M,ADMINISTRATIVE,PERMANENT,3/10/2014,3/10/2014,ASSISTANT REGISTRAR,CONTISS,9,7,MASTERS IN BUSSINESS ADMINISTRATION,1/6/1974,aminumahmoudringim@yahoo.com,7035153735
SP/R/1382,,SHAMSUDDEEN,MUHAMMED,ABUBAKAR,M,ENGINEER,PERMANENT,29/09/2014,1/10/2018,ENGINEER II (MECHANICAL),CONTISS,8,1,B ENG MECHANICAL ENGINEERING,2/7/1987,sabsabil012@gmail.com,8037534352
SP/R/1383,,HANSON,YELLOW,ETUKUDO,M,TECHNOLOGIST,PERMANENT,30/09/2014,1/10/2017,TECNOLOGIST I,CONTISS,8,2,HND MICROBIOLOGY/VIROLOGY,18/05/1970,hansonetukudoh@gmail.com,8067118375
SP/R/1388,,SADIQ,ABUBAKAR,HAMMAWA,M,ADMINISTRATIVE,PERMANENT,25/09/2014,1/10/2018,ADMINISTRATIVE OFFICER,CONTISS,8,1,BSC BISINESS ADMINISTRATION (BANKING & FINANCE),16/09/1989,damare001@gmail.com,8031140099
SP/R/1392,,NASIRU,,YUNUSA,M,HEALTH RECORD TECHNICIAN,PERMANENT,30/09/2014,30/09/2014,HEALTH TECHNICIAN,CONTISS,7,1,DIPLOMA IN HEALTH INFORMATION MANAGEMENT,28/12/1988,,8039715660
SP/R/1396,,SULEIMAN,,AMINU,M,QUANTITY SURVEYOR,PERMANENT,3/9/2014,1/10/2018,QUANTITY SURVEYOR I,CONTISS,8,1,"B. TECH, QUANTITY SURVEYING",2/2/1982,aminu256@yahoo.com,8036459033
SP/R/1400,,SAIDU,ABDULLAHI,YARO,M,TECHNOLOGIST,PERMANENT,16/10/2014,1/10/2016,PRINCIPAL LABORATORY TECHNOLOGIST,CONTISS,11,7,M.SC IMMINOLOGY,17/07/1966,sabdullahi2008@yahoo.com,8065652987
SP/R/1404,,SHAMSUDDEEN,,RABIU,M,ACCOUNTANT ,PERMANENT,23/10/2014,1/10/2018,HIGHER EXECUTIVE OFFICER (ACCOUNTS),CONTISS,7,1,HND ACCOUNTANCY,3/4/1992,shamsad019@gmail.com,8066507050
SP/R/1430,,SUNDAY,,YUSUF,M,SECURITY,PERMANENT,10/21/2014,1/10/2018,HIGHER SECURITY OFFICER,CONTISS,7,1,N.C.E ECONOMIC/GEOGRAPHY,12/8/1988,,7033129938
SP/R/1458,,MUSBAHU,SULEIMAN,,M,AGRICULTURAL SUPRITENDENT,PERMANENT,10/11/2014,1/10/2018,ASSISTANT FARM SUPRETENDENT,CONTISS,6,1,DIPLOMA IN AGRIC HOME ECONOMICS,2/3/1982,suleimanmisbahu711@gmail.com,7066835860
SP/R/1463,,AMINU,ADO,KWALAM,M,FIRE SUPRETENDENT,PERMANENT,5/1/2014,1/10/2018,FIRE OFFICER II,CONTISS,8,3,ADVANCE DIPLOMA PUBLIC ADMINISTRATION,15/05/1967,aminukwalam@gmail.com,7038777789
SP/R/1464,,SALMA,YUSUF,WAKILI,F,EXECUTIVE,PERMANENT,4/1/2014,1/10/2018,SENIOR EXECUTIVE OFFICER (ADMINISTRATIVE),CONTISS,8,4,B.SC PUBLIC ADMINISTRATION,1/6/1976,musbahuis01@gmail.com,8031989894
SP/R/1467,,ADO,MUHAMMAD,TAHIR,M,EXECUTIVE,PERMANENT,10/3/2015,1/1/2018,EXECUTIVE OFFICER (ADMINISTRATIVE),CONTISS,6,1,DIPLOMA IN LAW,14/01/1978,adamumuhammadtahir@gmail.com,7060799787
SP/R/1475,,POPOOLA,B.,ABDULWASIU,M,MEDICAL OFFICER,PERMANENT,26/11/2014,26/11/2014,MEDICAL OFFICER,CONTISS,9,12,BACHELOR OF MEDICINE BACHELOR OF SURGERY,10/6/1984,waga43@gmail.com,8038681305
SP/R/1478,,MUHAMMAD,INUWA,JIBRIL,M,ADMINISTRATIVE,PERMANENT,1/12/2014,1/10/2018,ADMINISTRATIVE OFFICER,CONTISS,8,2,BA HISTORY,17/07/1985,dandagosak@gmail.com,8037664553
SP/R/1479,,SHAMSU,AHMED,MUHAMMED,M,ADMINISTRATIVE,PERMANENT,1/12/2014,1/10/2018,ADMINISTRATIVE  OFFICER,CONTISS,8,1,MASTERS IN DEVELOPMENT STUDIES,25/01/1984,shamsugml@gmail.com,8037017434
SP/R/1482,,ABUBAKAR,,MIJINYAWA,M,ADMINISTRATIVE,PERMANENT,8/12/2014,1/10/2017,PRINCIPAL ASSISTANT REGISTRAR,CONTISS,13,2,MPPA,15/09/1976,abumijinyawa@gmail.com,8039299398
SP/R/1484,,DR USMAN,SHEHU,IBRAHIM,M,MEDICAL OFFICER,PERMANENT,6/1/2015,6/1/2015,MEDICAL OFFICER,CONTISS,9,12,MBBS,12/7/1983,uss150@yahoo.com,8069510731
SP/R/1487,,JADIDU,,SULE,M,ADMINISTRATIVE,PERMANENT,8/1/2015,1/10/2015,ASSISTANT REGISTRAR,CONTISS,9,4,MBA BUSININESS ADMINISTRATION/ B.Sc BUSINESS ADMINISTRATION,21/10/1975,jadidu.sule@fud.edu.ng,8036152758
SP/R/1490,,YUSUF,LAWAL,MUHAHHAD,M,ACCOUNTANT ,PERMANENT,21/01/2015,1/10/2018,ACCOUNTANT II,CONTISS,8,2,MBA BUSNINESS ADMIN,24/07/1984,myusuflawal@gmail.com,8031166988
SP/R/1492,,ABDULKARIM,,SALISU,M,PROCUREMENT,PERMANENT,19/01/2015,1/10/2018,SENIOR PROCUREMENT OFFICER,CONTISS,9,2,PGD MANAGEMENT,20/07/1978,aksalisu@gmail.com,8036062329
SP/R/1497,,ISMAILA,UMAR,ABDURRAHMAN,M,INVESTMENT,PERMANENT,10/2/2015,1/1/2018,INTRUCTOR I,CONTISS,12,5,B A BUSINESS,31/07/1972,mualim2001@gmail.com,8188319570
SP/R/1502,,ABUBAKAR,,RABIU,M,ACCOUNTANT ,PERMANENT,18/03/2015,1/10/2018,AUDITOR I,CONTISS,8,3,B Sc ACCOUNTANCY,4/2/1982,sadiqabu04@yahoo.com,8032161658
SP/R/1527,,ABDU,,GIMBA,M,ACCOUNTING,PERMANENT,18/06/2015,18/06/2015,BURSARY,CONTISS,CONSOLIDATED,,"B.Sc, ACCOUNTING",2/1/1960,abgimba@yahoo.com,8033445774
SP/R/1541,,SULEIMAN,UMAR,AHMAD,M,ICT TECHNICAL,PERMANENT,14/07/2015,1/10/2018,COMPUTER TECHNOLOGIST,CONTISS,8,1,"B.SC, COMPUTER SCIENCE",25/05/1984,umarshmad@yahoo.com,8035182511
SP/R/1549,,UKASHATU,,UMAR,M,EXECUTIVE,PERMANENT,29/07/2015,1/10/2015,HIGHER EXECUTIVE OFFICER (ACCOUNT),CONTISS,7,1,DIP. IN ACCT.,6/7/1905,UKASHATUMAR19@gmail.com,8069679647
SP/R/1551,,ALA,OLAYIWOLA,OJO,M,ADMINISTRATIVE,PERMANENT,29/07/2015,1/10/2018,ADMINISTRATIVE OFFICER,CONTISS,8,1,B.A HISTORY & INT’ STUDIES,8/7/1986,alaolayiwolaojo77@gmail.com,8104369889
SP/R/1552,,MUHAMMAD,,KWAIRANGA,M,ADMINISTRATIVE,PERMANENT,31/07/2015,1/10/2018,ADMINISTRATIVE OFFICER,CONTISS,8,1,B. TECH BUSINESS EDUCATION,28/03/1984,kwairangandoho@gmail.com,7060662824
SP/R/1559,,BASHIRU,IBRAHIM,DUTSE,M,ICT TECHNICAL,PERMANENT,4/8/2015,4/8/2015,"TECHNICAL OFFICER, ICT",CONTISS,6,4,NATIONAL DIPLOMA IN COMPUTER SCIENCE,1/8/1992,khalildutse@gmail.com,7039302148
SP/R/1564,,SULAIIMAN,SHEHU,UMAR,M,EXECUTIVE,PERMANENT,4/8/2015,1/10/2018,SENIOR EXECUTIVE OFFICER (ADMINISTRATIVE),CONTISS,8,1,"HND,MARKETING",1/6/1960,sulaimanshehuumar@gmail.com,8034598007
SP/R/1590,,IBRAHIM,SULEIMAN,YAHAYA,M,SYSTEM ANALYST,PERMANENT,17/08/2015,1/10/2018,SENIOR SYSTEM ANALYST,CONTISS,9,1,MSC. IN BUSINESS ADMINISTRATION,15/05/1983,iysuleiman@gmail.com,8033547414
SP/R/1592,,ALIYU,SA’AD,IBRAHIM,M,ADMINISTRATIVE LIBRARIAN,PERMANENT,18/08/2015,1/10/2018,LIBRARY OFFICER,CONTISS,6,1,DIPLOMA IN ISLAMIC EDUCATION,1/8/1992,aliyuibrahim050@gmail.com,8063747508
SP/R/1595,,MOHAMMED,,UMAR,M,ADMINISTRATIVE,PERMANENT,18/08/2015,1/10/2018,ADMINISTRATIVE OFFICER,CONTISS,8,1,BS.C ECONOMICS,25/08/1983,bapps2030@gmail.com,8031325950
SP/R/1599,,MUSA,,ZUBAIRU,M,EXECUTIVE,PERMANENT,19/08/2015,25/02/2016,EXECUTIVE OFFICER (ADMINISTRATIVE),CONTISS,6,1,DIPLOMA IN BUSINESS ADMINISTRATION,13/02/1994,,
SP/R/1611,,AMINU,MUHAMMAD,KOLEJO,M,TECHNOLOGIST,PERMANENT,8/27/2015,10/1/2019,ASSISTANT SCIENCE TECHNOLOGIST,CONTISS,6,1,ND SCIENCE LAB. TECHNOLOGY,10/18/1992,kolejo101@gmail.com,9030507024
SP/R/1614,,ABDULKADIR,ALIYU,GIREI,M,ADMINISTRATIVE,PERMANENT,18/08/2015,,ADMINISTRATIVE  OFFICER,CONTISS,8,1,BS.C BUSINESS MANAGEMENT,25/01/1979,gireiibnaliyu@gmail.com,8067827396
SP/R/1615,,ISA,ALHAJI,ALI,M,NURSING,PERMANENT,26/08/2015,1/10/2019,NURSING SUPERINTENDENT,CONTISS,8,1,CERTIFICATE IN GENERAL NURSING,30/08/1989,isaalhajiali@gmail.com,8068013589
SP/R/1617,,JIKA,,ABDUL-AZEEZ,M,ADMINISTRATIVE,PERMANENT,31/08/2015,1/10/2018,ADMINISTRATIVE OFFICER,CONTISS,8,1,BS.C PUBLIC ADMINISTRATION,23/08/1984,jikaabdulazeez1617@gmail.com,8060632168
SP/R/1631,,KABIRU,,ALIYU,M,DATA PROCESSING,PERMANENT,8/9/2015,1/10/2018,DATA PROCESSING OFFICER,CONTISS,7,1,DIPLOMA& ADVANCED DIPLOMA,13/02/1982,aliyusmiri@gmail.com,8081091025
SP/R/1651,,SARAH,,KIGBU,F,SECRETARIAL,PERMANENT,14/09/2015,1/10/2018,CONFIDENTIAL SECRETARY I,CONTISS,8,1,HND SECRETARIAL STUDIES,25/10/1982,kigbu.sarah@yahoo.com,8065345928
SP/R/1653,,SANI,,BILYA,M,TECHNOLOGIST,PERMANENT,15/09/2015,15/09/2015,SENIOR ASSISTANT TECHNOLOGIST,CONTISS,7,1,ND SCIENCE LAB. TECHNOLOGY,9/1/1991,sanibilya@gmail.com,8031154117
SP/R/1659,,ADAMU,MUHAMMAD,ADAMU,M,DATA PROCESSING,PERMANENT,28/09/2015,1/10/2018,DATA PROCESSING OFFICER,CONTISS,7,1,ITC. CISCO NETWORKING/IT ESSENTIALS,18/07/1985,babason25@gmail.com,8120872578
SP/R/1661,,MUSTAPHA,,SAGIR,M,ADMINISTRATIVE,PERMANENT,28/09/2015,9/28/2019,ADMINISTRATIVE  OFFICER,CONTISS,8,2,MASTER OF BUSINESS ADMINISTRATION,17/07/1987,sagmusty@gmail.com,8036578898
SP/R/1666,,HAMISU,SULEIMAN,GUMEL,M,INVESTMENT,PERMANENT,6/10/2015,6/10/2018,PRINCIPLE INVESTMENT OFFICER,CONTISS,11,3,M. TECHNOLOGY INDUSTRY & TECH EDUCATION,18/02/1967,hamisugumel@gmail.com,8061667570
SP/R/1667,,HAUWA,,GARBA,F,ADMINISTRATIVE,PERMANENT,19/10/2015,10/19/2019,ADMINISTRATIVE  OFFICER,CONTISS,8,1,BA.ENGLISH,28/12/1988,maijiddakazaure@yahoo.com,7064888553
SP/R/1670,,UMAR,,MUSTAPHA,M,ADMINISTRATIVE,PERMANENT,13/10/2015,13/10/2015,ADMINISTRATIVE  OFFICER,CONTISS,8,1,BSC.BUSINESS EDUCATION,16/02/1976,abdulmajidu@gmail.com,8130437476
SP/R/1677,,JAMILA,UMAR,BABAYI,F,ADMINISTRATIVE,PERMANENT,7/10/2015,7/10/2019,ADMINISTRATIVE  OFFICER,CONTISS,8,1,B.SC ECONOMICS,24/05/1988,jamilababayi@gmail.com,8165837878
SP/R/1680,,MOHAMMED,SALISU,GARBA,M,SECURITY,PERMANENT,2/1/2015,2/1/2015,HIGHER SECURITY OFFICER,CONTISS,7,5,DIPLOMA IN LAW,26/09/1969,mohammed4peace@gmail.com,8060301271
SP/R/1681,,YAKUBU,YUNUSA,ADAMU,M,ADMINISTRATIVE,PERMANENT,21/10/2015,10/21/2019,ADMINISTRATIVE  OFFICER,CONTISS,8,2,B.SC BUSINESS EDUCATION,13/01/1978,yunusa1311@gmail.com,8034512317
SP/R/1682,,AHMAD,JAURO,KAWU,M,EXECUTIVE,PERMANENT,5/1/2015,5/1/2019,SENIOR EXECUTIVE OFFICER (ADMINISTRATIVE),CONTISS,8,3,HND COOPERATIVE ECONOMICS & MGT,20/02/1980,ahmadjkawu@gmail.com,8036217543
SP/R/1683,,ZAINAB,N.,YUSUF,F,ADMINISTRATIVE,PERMANENT,3/4/2013,1/10/2019,ASSISTANT REGISTRAR,CONTISS,9,1,B.TECH ED MARKETING,14/09/1978,yusufzainab@gmail.com,8032946007
SP/R/1691,,AHMAD,SADIQ,FAROUK,M,SYSTEM ANALYST,PERMANENT,2/11/2015,2/11/2015,SYSTEM ANALYST II,CONTISS,7,3,B.SC INFORMATION TECHNOLOGY AND BUSINESS INFORMATION,10/8/1989,sadi.f@fud.edu.ng,8039647768
SP/R/1694,,NAZIRA,,MOHAMMED,F,ADMINISTRATIVE,PERMANENT,3/11/2015,3/11/2019,ADMINISTRATIVE OFFICER,CONTISS,8,1,B.ED SOCIOLOGY,20/09/1986,isanamadi@gmail.com,7066096554
SP/R/1695,,NAMADI,,ISA,M,ZOO OFFICER,PERMANENT,4/11/2015,4/11/2019,ZOO OFFICER I,CONTISS,8,2,B.SC ZOOLOGY,3/10/1985,isanamadi@gmail.com,7066096554
SP/R/1697,,IROGBABULEM,CHIAMAKA,PEACE,F,ADMINISTRATIVE,PERMANENT,9/11/2015,9/11/2015,ADMINISTRATIVE ASSISTANT,CONTISS,7,4,B.A HISTORY,24/06/1988,amakabenoo1@gmail.com,7064887678
SP/R/1698,,JAMILA,ABDULKARIM,SHITTU,F,ADMINISTRATIVE,PERMANENT,11/11/2015,11/11/2019,ADMINISTRATIVE OFFICER,CONTISS,8,1,B.SC BUSINESS ADMIN &BANKING AND FINACE,9/4/1988,jshittu04@gmail.com,8063534708
SP/R/1701,,SALIHU,BUHARI,RIBADU,M,ADMINISTRATIVE,PERMANENT,11/11/2015,11/11/2019,ADMINISTRATIVE OFFICER,CONTISS,8,1,B.SC MANAGEMENT TECH,4/1/1988,buharisalihu@yahoo.com,7030134912
SP/R/1706,,KINGDOM,MOSES,AMESSAKEME,M,EXECUTIVE,PERMANENT,18/11/2015,11/18/2019,ADMINISTRATIVE OFFICER,CONTISS,8,2,B.A. ENGLISH,4/9/1984,kingdomanesakeme@gmail.com,8081082631
SP/R/1707,,AHMED,,BABARU,M,ADMINISTRATIVE,PERMANENT,18/11/2015,11/18/2019,ADMINISTRATIVE OFFICER,CONTISS,8,1,B.SC SOCIOLOGY &ANTHROPLOLOGY,17/04/1989,ahmedbabaru1989@gmail.com,8062484904
SP/R/1708,,AYITONI,MASAHUD,LIKITA,M,ADMINISTRATIVE,PERMANENT,18/11/2015,11/18/2019,ADMINISTRATIVE OFFICER,CONTISS,8,2,B.SC POLOTICAL SCIENCE,3/22/1985,likitamasud@gmail.com,7068825082
SP/R/1710,,SAIDU,ISA,AUDU,M,EXECUTIVE ,PERMANENT,18/11/2015,11/18/2019,SENIOR EXECUTIVE OFFICER (ACCOUNT),CONTISS,8,2,HND ACCOUNTING,3/12/1981,isasaidu49@yahoo.com,8030756306
SP/R/1713,,MUSA,MUHAMMAD,AHMAD,M,LIBRARY,PERMANENT,20/11/2015,11/20/2019,HIGHER LIBRARY OFFICER,CONTISS,7,1,N.C.E LEGAL & ISLAMIC STUDIES,15/07/1980,kitabwalkellu@gmail.com,7031020268
SP/R/1716,,YAKUBU,ADAMU,YAKUBU,M,FARM OFFICER,PERMANENT,23/11/2015,11/23/2019,FARM OFFICER I,CONTISS,8,2,B.AGRIC. ANIMAL SCIENCE,1/4/1986,yayakubu2020@gmail.com,8035660064
SP/R/1718,,JAMILA,,MOHAMMED,F,ADMINISTRATIVE,PERMANENT,23/11/2015,23/11/2015,ADMINISTRATIVE OFFICER,CONTISS,8,4,M.SC EDUCATION AND TRAINING MGT,17/01/1986,mj.1711yakubuadamu330@gmail.comyahoo.com,8035280547
SP/R/1720,,MUHAMMED,KABIRU,HAMIDU,M,FARM OFFICER,PERMANENT,24/11/2015,24/11/2015,SENIOR FARM OFFICER,CONTISS,9,2,B.SC AGRICULTURE,21/09/1972,hamidu2406@gmail.com,8059084571
SP/R/1723,,ILHAM,MAHMOUD,IBRAHIM,F,SYSTEM ANALYST,PERMANENT,30/11/2015,11/30/2019,SYSTEM ANALYST I,CONTISS,8,2,B.SC COMPUTER SCIENCE,3/1/1988,ilham.mahmoud@fud.edu.ng,8038800639
SP/R/1724,,YAKUBU,MOHAMMED,AUWAL,M,ADMINISTRATIVE,PERMANENT,26/01/2015,1/26/2019,ADMINISTRATIVE OFFICER,CONTISS,8,1,B.SC GEOGRAPHY,25/01/1986,mohammedauwalyakubu@gmail.com,8039388229
SP/R/1726,,KABIRU,,SHEHU,M,LIBRARY,PERMANENT,1/12/2015,1/12/2015,LIBRARIAN II,CONTISS,8,1,B.A LIBRARY&POLITICAL SCIENCE,15/01/1980,shehukabiru@gmail.com,7038360155
SP/R/1727,,ALIYU,MUHAMMAD,BELLO,M,ENGINEER,PERMANENT,30/01/2015,1/30/2019,BUILDER I,CONTISS,8,2,B.TECH (HONS) BUILDING,31/03/1984,yelomilo@gmail.com,8060957702
SP/R/1731,,BASHIR,GARBA,SA’AD,M,ADMINISTRATIVE,PERMANENT,30/01/2015,1/30/2019,ADMINISTRATIVE OFFICER,CONTISS,8,1,B.A EDUCATION ECONOMICS,16/08/1988,gsbash477@gmail.com,7061020633
SP/R/1732,,AHMAD,YAKUBU,ADAMU,M,ADMINISTRATIVE,PERMANENT,1/12/2015,1/12/2019,ADMINISTRATIVE OFFICER,CONTISS,8,2,B.SC GEOGRAPHY,24/01/1989,aahmadyakubu@yahoo.com,8065567141
SP/R/1735,,DANLADI,ANDREW,AHMADU,M,TECHNOLOGIST,PERMANENT,1/12/2015,1/12/2019,SCIENCE LABORATORY TECHNOLOGIST I,CONTISS,8,2,HND,28/10/1985,danladiandrew@gmail.com,8103229259
SP/R/1739,,AKINFENWA,FUNMI,OLAYINKA,F,FARM OFFICER,PERMANENT,7/12/2015,7/12/2019,FARM OFFICER I,CONTISS,82,5,B.TECH AGRIC ECONOMICS & EXTENSION,8/4/1982,olayinka804@gmail.com,8063035480
SP/R/1740,,ADAMU,,IBRAHIM,M,ADMINISTRATIVE,PERMANENT,14/12/2015,12/14/2019,ADMINISTRATIVE OFFICER,CONTISS,8,2,MASTER OF BUSINESS ADMINISTRATION,28/05/1984,tabtakhong@gmail.com,8030645700
SP/R/1741,,MURTALA,,MUHAMMAD,M,ADMINISTRATIVE,PERMANENT,14/12/2015,12/14/2019,ADMINISTRATIVE OFFICER,CONTISS,8,4,B.SC BUSINESS EDUCATION,19/12/1985,murtalalkj@gmail.com,8032274010
SP/R/1742,,MUHAMMED,DANJUMA,MUSA,M,ADMINISTRATIVE,PERMANENT,14/12/2015,12/14/2019,ADMINISTRATIVE OFFICER,CONTISS,8,2,B.A ISLAMIC STUDIES,17/01/1972,modam818@yahoo.com,8033184691
SP/R/1747,,ADAMU,,BALA,M,ACCOUNTANT ,PERMANENT,12/12/2015,12/12/2019,INTERNAL AUDITOR I,CONTISS,8, ,B.SC ACCOUNTING,28/05/1984,deeballah2@gmail.com,7038940000
SP/R/1749,,ADAMA,MUHAMMAD,JA'O,F,EXECUTIVE,PERMANENT,12/15/2015,10/1/2019,ASSISTANT EXECUTIVE OFFICER,CONTISS,6,1,DIPLOMA IN SOCIAL ADMINISTRATION,10/25/1984,jaochango01@gmail.com,8035339003
SP/R/1750,,ABDULRAHMAN,MUHAMMAD,BARDE,M,FARM OFFICER,PERMANENT,16/12/2015,12/16/2019,FARM OFFICER I,CONTISS,8,1,B. AGRIC,1/10/1988,amdarde31@gmail.com,8069167172
SP/R/1752,,SHU’AIBU,,ADAMU,M,FARM OFFICER,PERMANENT,16/12/2015,16/12/2015,SENIOR FARM OFFICER,CONTISS,9,5,B. TECH AGRIC,21/06/1970,shaaibuadamu@yahoo.com,8036923584
SP/R/1753,,HADIZA,MURTALA,MUSA,F,TECHNOLOGIST,PERMANENT,4/1/2016,4/1/2019,TECHNOLOGIST II,CONTISS,7,1,N. D SCIENCE LAB TECHNOLOGY,17/01/1989,kmurtalamusa@gmail.com,8166157624
SP/R/1754,,YARO,,JINJIRI,M,DATA ANALYST,PERMANENT,1/2/2016,1/10/2019,DATA ANALYST I,CONTISS,7,1,HND COMPUTER SCIENCE,3/6/1986,yaroniceb@gmail.com,8064990376
SP/R/1761,,KAMAL,MUHAMMAD,HABIB,M,ADMINISTRATIVE,PERMANENT,28/08/2002,1/10/2017,DEPUTY REGISTRAR,CONTISS,14,2,M.P.P.A,19/07/1970,kamalhabib25@yahoo.com,8035953076
SP/R/1762,,MANSURAH,AHMED,BUHARI,F,ADMINISTRATIVE,PERMANENT,11/1/2016,11/1/2016,ADMINISTRATIVE OFFICER,CONTISS,8,2,B.A HISTORY,15/08/1989,ahmedmansurahbuhari@gmail.com,7030201306
SP/R/1764,,ABUBAKAR,ALIYU,IDRIS,M,ADMINISTRATIVE,PERMANENT,11/1/2016,11/1/2016,ADMINISTRATIVE OFFICER,CONTISS,8,1,BSC. POLITICAL SCIENCE AND CONFLICT RESOLUTION,10/8/1991,abuakram@gmail.com,8034599221
SP/R/1765,,ABDUL-RASHEED,,HASSAN,M,ADMINISTRATIVE,PERMANENT,11/1/2016,11/1/2016,ADMINISTRATIVE OFFICER,CONTISS,8,1,BSC. SOCIOLOGY,16/04/1974,abdhassa6@gmail.com,8069297486
SP/R/1771,,ADAMU,AHMED,IBRAHIM,M,FARM OFFICER,PERMANENT,26/01/2016,26/01/201,FARM OFFICER I,CONTISS,8,2,BSC ZOOLOGY/ B.ENG. CIVIL ENGINEERING,21/02/1982,fatimacoe82@gmail.com,8094077213
SP/R/1772,,JOHN,OLUYEMI,BENEDICT,M,ADMINISTRATIVE,PERMANENT,27/01/2016,1/27/2019,ADMINISTRATIVE  OFFICER,CONTISS,8,2,B.A. EDUCATION FRENCH LANGUAGE,12/24/1982,danielcb40@gmail.com,8064274805
SP/R/1782,,ABDULKADIR,SHEHU,AHMED,M,ACCOUNTANT ,PERMANENT,16/02/2016,2/16/2019,ACCOUNTANT I,CONTISS,8,2,BSC ACCOUNING,6/1/1987,abdulkadirahmad@yahoo.com,8037335232
SP/R/1786,,LAWAN,,AHMAD,M,EXECUTIVE,PERMANENT,1/2/2016,1/2/2019,HIGHER EXECUTIVE OFFICER (ADMINISTRATIVE),CONTISS,7,1,N.CE. COMPUTER SCIENCE,1/1/1986,lawan0778@gmail.com,8065969662
SP/R/1789,,MOHAMMED,NJIDDA,MAHMOOD,M,EXECUTIVE,PERMANENT,9/2/2016,9/2/2019,SENIOR EXECUTIVE OFFICE (ADMINISTRATIVE),CONTISS,8,2,HND BUSINESS ADMIN & MANAGEMENT,12/8/1976,mjiddah@gmail.com,8039187498
SP/R/1797,,WANKARI.,M,APAGU,M,EXECUTIVE,PERMANENT,9/2/2016,9/2/2019,SENIOR EXECUTIVE OFFICE (ADMINISTRATIVE),CONTISS,8,2,HND BAKING & FINANCE,10/2/1984,wanksfrank@yahoo.com,8068755252
SP/R/1802,,USMAN,AHMED,KAWU,M,PLANNING,PERMANENT,7/3/2016,7/3/2019,ACADEMIC PLANNING OFFICER ,CONTISS,8,2,B.TECH (HONS) GEOGRAPHY,15/01/1983,usmanahmad2004@yahoo.com,8130878099
SP/R/1807,,MARYAM,MUHAMMED,TUMBA,F,ADMINISTRATIVE,PERMANENT,7/3/2016,7/3/2019,ADMINISTRATIVE  OFFICER,CONTISS,8,2,B.Sc. BUSINESS MANAGEMENT ( BANKING & FINANCE),18/09/1988,nightmuhammad08@gmail.com,8036135161
SP/R/1822,,SHAMSU,,SALEH,M,SECURITY,PERMANENT,9/6/2016,10/1/2019,HIGHER SECURITY OFFICER,CONTISS,7,1,NIGERIA CERTIFICATE IN EDUCATION,11/9/1984,,8165367434
SP/R/1827,,MUHAMMAD,,ZAKAR,M,ADMINISTRATIVE LIBRARIAN,PERMANENT,1/2/2017,1/2/2017,ASSISTANT LIBRARIAN,CONTISS,7,4,B.A LIBRARY & INFORMATION SCIENCE / ECONOMICS,2/1/1984,muhdzakar@gmail.com,7030895909
SP/R/1830,,SADIQ,ALIYU,AHMAD,M,PROGRAMMER,PERMANENT,3/8/2016,3/8/2019,PROGRAMMER I,CONTISS,8,1,BSC. COMPUTER SCIENCE,7/1/1992,sadiqaliyu@gmail.com,7037852728
SP/R/1833,,AHMED,,KHALIL,M,EXECUTIVE,PERMANENT,1/7/2016,1/7/2019,HIGHER EXECUTIVE OFFICER (ADMINISTRATIVE),CONTISS,7,1,N.C.E BIOLOGY/ CHEMISTRY,10/9/1980,ahmadkhalilkano@gmail.com,8039290499
SP/R/1835,,ABDULSALAM,,UMAR,M,CONFIDENTIAL SECRETARIAL,CONTRACT,1/7/2016,1/7/2016,PRINCIPAL CONFIDENTIAL SECRETARY,CONTISS,11,3,HND SECRETARIAL STUDIES,17/04/1970,abdulsalami@yahoo.com,8034540296
SP/R/1835,,ABDULSALAM,,UMAR,M,CONFIDENTIAL SECRETARIAL,CONTRACT,1/7/2016,1/7/2016,PRINCIPAL CONFIDENTIAL SECRETARY,CONTISS,11,3,HND SECRETARIAL STUDIES,17/04/1970,abdulsalami@yahoo.com,8034540296
SP/R/1840,,KABIRU,,SALISU,M,EXECUTIVE,PERMANENT,12/10/2013,10/1/2019,HIGHER EXECUTIVE OFFICER,CONTISS,7,1,NIGERIA CERTIFICATE IN EDUCATION,5/14/1988,kabirusurajo@gmail.com,8185394882
SP/R/1844,,ABDULBASID,MUSA,ISAH,M,SECURITY,PERMANENT,9/5/2016,10/1/2019,HIGHER SECURITY OFFICER,CONTISS,7,1,NIGERIA CERTIFICATE IN EDUCATION,5/2/1986,,8101743439
SP/R/1869,,USMAN,SALIHU,SAKWA,M,ADMINISTRATIVE,PERMANENT,8/3/2017,8/3/2017,ADMINISTRATIVE ASSISTANT,CONTISS,7,4,MASTER OF PUBLIC POLICY AND ADMINISTRATION,25/12/1988,ussakwa@gmail.com,8039788761
SP/R/1870,,MUTARI,,ISYAKU,M,TECHNOLOGIST,PERMANENT,4/1/2017,4/1/2017,SENIOR ASSISTANT TECHNOLOGIST,CONTISS,6,4,DIPLOMA IN SCIENCE LAB. TECHNOLOGY,12/2/1992,mutariisyaku02@gmail.com,7033823681
SP/R/1871,,YUSIF,,ABDU,M,TECHNOLOGIST,PERMANENT,4/1/2017,3/1/2017,SCIENCE LABORATORY TECHNOLOGIST II,CONTISS,7,4,HIGHER NATIONAL DIPLOMA IN SCIENCE LAB. TECHNOLOGY CHEMISTRY OPTION,15/03/1985,abduyusif@gmail.com,8034628224
SP/R/1884,,ARC. ISMAILA,BILYAMINU,USMAN,M,ARCHITECT,PERMANENT,1/2/2017,1/2/2017,DIRECTOR  PPW&M,CONTISS,15,5,MSC. ARCHITECTURE,7/1/1967,ismailabusman@gmail.com,8033499341
SP/R/1886,,BASHIR,BARAKA,AHMED,F,ADMINISTRATIVE,PERMANENT,1/2/2017,1/2/2017,ADMINISTRATIVE ASSISTANT,CONTISS,7,4,B.A ENGLISH,26/02/1992,ummeebashirahmad@gmail.com,8066758357
SP/R/1895,,BUKAR,MALAM,USMAN,M,ADMINISTRATIVE,TENURED,15/02/2017,15/02/2017,REGISTRAR,CONTISS,CONSOLIDATED,CONSOLIDATED,"MA. HISTORY, B.A HISTORY",1/3/1958,bukarusman2013@gmail.com,8036295382
SP/R/1898,,ABBA,MUHD,MAKKI,M,ACCOUNTING,PERMANENT,3/3/2017,3/3/2017,ACCOUNTANT I,CONTISS,8,4,MASTER OF ACCOUNTING & FINANCIAL MANAGEMENT,25/12/1985,abbamuhdmakki@yahoo.com,8034488666
SP/R/1900,,MUHAMMAD,ALHAJI,BASHARI,M,EXECUTIVE,PERMANENT,3/3/2017,3/3/2017,EXECUTIVE OFFICER (ADMINISTRATIVE),CONTISS,6,2,NATIONAL DIPLOMA IN PUBLIC ADMINISTRATION,20/12/1991,bmalhaji2017@gmail.com,8062959808
SP/R/1902,,GAMBO,MUHAMMAD,FARUK,M,ENGINEER,PERMANENT,4/4/2017,4/4/2017,ENIGINEER II,CONTISS,7,4,B.TECH INDUSTRIAL & TECHNOLOGY EDUCATION,16/10/1980,gambofaruk66@gmail.com,7061390966
SP/R/1904,,SANUSI,IBRAHIM,YARO,M,ADMINISTRATIVE,PERMANENT,3/4/2017,3/4/2017,ADMINISTRATIVE ASSISTANT,CONTISS,7,4,B.Sc. BUSINESS ADMIN,20/06/1983,ssfree2007@yahoo.com,9036039692
SP/R/1909,,MUHAMMAD,YAKUBU,GIMBA,M,TECHNICAL,PERMANENT,15/03/2017,15/03/2017,TECHNICAL OFFICER (CARPENTRY),CONTISS,6,4,NCE TECHNICAL EDUCATION,22/05/1992,ymgimba99@gmail.com,7038173507
SP/R/2001,,SHEHU,ABUBAKAR,SADIQ,M,TECHNICAL,PERMANENT,15/03/2017,15/03/2017,HIGHER TECHNICAL OFFICER,CONTISS,7,4,HND ESTATE MANAGEMENT,6/3/1980,shehusadiq95@gmail.com,8036818395
SP/R/2004,,MUKHTAR,ABUBAKAR,BATURE,M,TECHNOLOGIST,PERMANENT,22/03/2017,22/03/2017,SCIENCE LABORATORY TECHNOLOGIST II,CONTISS,7,4,HND SCIENCE LAB. TECH,27/04/1981,mukhtey@gmail.com,7032763855
SP/R/2010,,KABIRU,ADO,WUDIL,M,TECHNOLOGIST,PERMANENT,29/03/2017,29/03/2017,SCIENCE LABORATORY TECHNOLOGIST II,CONTISS,7,4,HND MICROBIOLOGY/VIROLOGY,10/6/1982,kabiruadowudil@gmail.com,8065459020
SP/R/2023,,HASAN,BASHIR,GALADANCI,M,ACCOUNTANT ,PERMANENT,2/5/2017,2/5/2017,ACCOUNTANT II,CONTISS,7,3,B.Sc ACCOUNTING,4/3/1991,muhsingaladanci@gmail.com,8037969388
SP/R/2029,,AHMAD,,RABIU,M,ZOO OFFICER,PERMANENT,3/4/2017,3/4/2017,ZOO CURATOR GRADE III,CONTISS,7,4,B.SC ZOOLOGY,23/02/1990,ahmad.rabiu55@gmail.com,8037047757
SP/R/2030,,SALIHU,DAUDA,,M,TECHNICAL,PERMANENT,4/4/2017,4/4/2017,TECHNICAL OFFICER,CONTISS,6,1,ND PRINTING TECHNOLOGY,3/11/1987,salihubunkure25@gmail.com,8060021106
SP/R/2033,,USMAN,,DATTI,M,SYSTEM ANALYST,PERMANENT,7/4/2017,7/4/2017,SYSTEM ANALYST I,CONTISS,7,4,B.SC COMPUTER SCIENCE & INFORMATION TECHNOLOGY,6/1/1992,usmandatti@gmail.com,8036934391
SP/R/2035,,IBRAHIM,MUHAMMAD,DAWAKI,M,TECHNOLOGIST,PERMANENT,4/5/2017,4/5/2017,SENIOR TECHNOLOGIST,CONTISS,9,4,HND FISHERIES MANAGEMENT,18/02/1963,dawakimi29@gmail.com,8036173631
SP/R/2048,,UMAR,SALISU,UMAR,M,TECHNOLOGIST,PERMANENT,20/04/2017,20/04/2017,SCIENCE LABORATORY TECHNOLOGIST II,CONTISS,7,4,HND SCIENCE LAB. TECH (BIOCHEMISTRY),25/07/1987,umarsalisuu@gmail.com,7063353599
SP/R/2059,,UMAR,NASIR,MUHTAR,M,TECHNOLOGIST,PERMANENT,3/5/2017,3/5/2017,SCIENCE LABORATORY TECHNOLOGIST II,CONTISS,7,3,B.Sc MICROBIOLOGY,9/1/1990,umarmadaki@gmail.com,8032080968
SP/R/2060,,KHALID,ZUBAIRU,GAMBO,M,EXECUTIVE,PERMANENT,4/5/2017,4/5/2017,HIGHER EXECUTIVE OFFICER (ADMINISTRATIVE),CONTISS,8,2,MBA,0/02/1978,kgambolash@gmail.com,8030662622
SP/R/2066,,USMAN,UMAR,,M,LAND SURVEYOR,PERMANENT,1/5/2017,1/5/2017,LANDSCAPE OFFICER II,CONTISS,7,3,H.N.D GENERAL HORTICULTURE,21/12/1983,umarusmann@gmail.com,8031166060
SP/R/2069,,MUAZZAM,BASHIR,,M,SYSTEM ANALYST,PERMANENT,1/5/2017,1/5/2017,SYSTEM ANALYST I,CONTISS,8,3,M.Sc. COMPUTER INTELEGENT,4/8/1987,muazzam706@gmail.com,8067501730
SP/R/2075,,ABBA,AHMED,RABIU,M,PROGRAMMER ,PERMANENT,11/5/2017,11/5/2017,SYSTEM PROGRAMMER II,CONTISS,7,3,B.Sc COMPUTER SCIENCE,25/12/1990,aagarko225@yahoo.com,7032880044
SP/R/2085,,NUHU,USMAN,,M,EXECUTIVE,PERMANENT,2/6/2017,2/6/2017,EXECUTIVE OFFICER (ADMINISTRATIVE),CONTISS,6,3,DIPLOMA IN PUBLIC ADMINISTRATION,5/10/1985,nuhuusman23@gmail.com,8032875284
SP/R/2091,,BELLO,ALIYU,YUSUF,M,ENGINEER,PERMANENT,13/07/2017,13/07/2017,ENGINEER II,CONTISS,7,3,B.ENG.CIVIL,9/2/1988,engrbaliyu@gmail.com,8033396322
SP/R/2097,,MOHAMMED,KABIRU,ABUBAKAR,M,ADMINISTRATIVE,CONTRACT,3/7/2017,3/7/2017,SENIOR ASSISTANT REGISTRAR I,CONTISS,12,11,B.A (HONS) ENGLISH,26/04/1966,onuojoku05@yahoo.co.uk,8038444054
SP/R/2100,,MURTALA,LABARAN,YUSUF,M,INVESTMENT,PERMANENT,12/7/2017,12/7/2017,INVESTMENT OFFICER,CONTISS,8,3,"MASTER OF BUSINESS ADMIN,",9/4/1978,murtalalabaran24@yahoo.com,8035875019
SP/R/2102,,AISHA,IBRAHIM,ANAS,F,ADMINISTRATIVE,PERMANENT,21/08/2017,21/08/2017,SENIOR ASSISTANT REGISTRAR II,CONTISS,11,4,B.A HISTORY,17/03/1977,ianas330@gmail.com,8060673597
SP/R/2105,,ADAMU,YUSUF,ADAMU,M,TECHNICIAN,PERMANENT,7/9/2017,7/9/2017,ASSISTANT FORESTRY SUPRETENDENT,CONTISS,6,3,ND WILDLIFE & ECOTOURISM MANAGEMENT,14/05/1991,adamuyusuf038@gmail.com,8034144605
SP/R/2106,,IBRAHIM,SANI,,M,SECURITY,PERMANENT,11/9/2017,11/9/2017,SECURITY OFFICER,CONTISS,6,3,N.C.E,2/12/1985,ibrahimsaniprince@gmail.com,8020620906
SP/R/2107,,SADIYA,ABDULKADIR,TURA,F,SECURITY,PERMANENT,11/9/2017,11/9/2017,HIGHER  SECURITY OFFICER,CONTISS,7,3,B.SC CRIMINOLOGY & SECURITY STUDIES,30/08/1985,sadiahtura@gmail.com,7069080532
SP/R/2110,,MOHAMMED,RABIU,IJADUWA,M,STATISCIAN,PERMANENT,9/18/2019,9/18/2019,STATISTICIAN II,CONTISS,7,3,B.SC MATHEMATICS,2/2/1986,ijaduwa51izge@gmail.com,7035870384
SP/R/2122,,KADARIYA,IBRAHIM,ABDULLAHI,F,DATA ANALYST,SECONDMENT,3/1/2017,3/1/2017,DATA  ANALYST II,CONTISS,8,2,HND COMPUTER SCIENCE,27/12/1988,kadriyaibrahim@gmail.com,8137814937
SP/R/2123,,NAZIFI,YAHAYA,USAINI,M,TECHNOLOGIST,PERMANENT,25/10/2017,25/10/2017,FISHERIES OFFICER,CONTISS,7,2,B.AGRIC (HONS),3/2/1980,nyahayausaini@gmail.com,808932721
SP/R/2124,,YUSUF,SULEIMAN,GONI,M,TECHNICIAN,PERMANENT,23/10/2017,23/10/2017,ASSISTANT FISHERIES SUPRETENDENT,CONTISS,6,2,NATIONAL DIPLOMA  FISHERIES MANAGEMENT & TECHNOLOGY,10/3/1988,sulaimanalgoni000@gmail.com,8024511795
SP/R/2126,,SULAIMAN,HASSAN,,M,TECHNICIAN,PERMANENT,25/10/2017,25/10/2017,ASSISTANT FISHERIES SUPRETENDENT,CONTISS,6,2,ND FISHERIES & TECHNOLOGY,19/05/1994,sulaimanhussaini12@yahoo.com,8160895073
SP/R/2127,,MARYAM,ABUBAKAR,LAWAN,M,LIVESTOCK,PERMANENT,25/10/2017,1/10/2018,ASSISTANT LIVESTOCK  SUPRETENDENT,CONTISS,6,1,ND ANIMAL HEALTH & PRODUCTION,20/05//1988,maryamabubakarlawan54@gmail.com,8166751236
SP/R/2129,,ABDULLAHI,MUHD,ABDULLAHI,M,AGRICULTURAL SUPRITENDENT,PERMANENT,27/10/2017,27/10/2017,AGRICULTURAL SUPRITENDANT,CONTISS,7,2,B. AGRIC (HONS),14/12/1983,abbamosque@yahoo.com,7036895093
SP/R/2130,,ABUBAKAR,MUHD,WAZIRI,M,FISHERIES,PERMANENT,31/10/2017,31/10/2017,FISHERIES OFFICER II,CONTISS,7,2,B. FISHERIES (HONS),1/9/1989,waziriabubakar25@gmail.com,7036657700
SP/R/2131,,MUSBAHU,UMAR,MUHD,M,FISHERIES,PERMANENT,30/10/2017,30/10/2017,FISHERIES  OFFICER  II,CONTISS,7,2,B. AGRIC (HONS),16/08/1980,umarmusbahumuhd@gmail.com,7036111762
SP/R/2132,,MUSTAPHA,BUKAR,DIKWA,M,AGRICULTURAL SUPRITENDENT,PERMANENT,31/10/2017,31/10/2017,AGRIC SUPRETENDANT,CONTISS,7,2,HND AGRIC EXTENSION & MANAGEMENT,12/5/1988,musbaj@gmail.com,7030351775
SP/R/2139,,DR. ABDULRAHMAN,S,USMAN,M,MEDICAL OFFICER,PERMANENT,4/12/2017,4/12/2017,MEDICAL OFFICER,CONTISS,11,3,MBBS,1/10/1987,docasu2013@hotmail.com,7031969991
SP/R/2145,,GADDAFI,,HARUNA,M,TECHNOLOGIST,PERMANENT,15/02/2018,15/02/2018,SENIOR ASSISTANT SCIENCE LABORATORY TECHNOLOGIST,CONTISS,6,3,DIPLOMA IN MEDICAL LABORATORY TECHNICIAN,5/7/1993,gaddafiharunakyw@gmail.com,7063728786
SP/R/2148,,SAIFULLAHI,USMAN,KASIM,M,TECHNOLOGIST,PERMANENT,26/02/2018,26/02/2018,SCIENCE LABORATORY TECHNICIAN II,CONTISS,7,3,B.Sc. HUMAN ANATOMY,3/8/1990,saifullahiusmankasim@gmail.com,7065977820
SP/R/2161,,LAWAL,,MAGAJI,M,ADMINISTRATIVE,PERMANENT,1/6/2018,1/6/2018,ADMINISTRATIVE ASSISTANT,CONTISS,7,1,B.Sc ECONOMICS,18/08/1979,lawalmgkky@gmail.com,8036452591
SP/R/2193,,BELLO ,,HARUNA,M,SECURITY,PERMANENT,4/27/2018,10/1/2019,SECURITY OFFICER,CONTISS,6,1,NIGERIA CERTIFICATE IN EDUCATION,2/10/1996,,8030694828
SP/R/2198,,RABIU,,ZAKARI,M,TECHNOLOGIST,PERMANENT,30/05/2018,30/05/2018,PRINCIPAL TECHNOLOGIST,CONTISS,11,3,HND SCIENCE  LABORATORY TECHNOLOGIST,13/02/1972,rabiuzakari@gmail.com,8035558380
SP/R/2199,,UMAR,IBRAHIM,MUAZZAM,M,SYSTEM ANALYST,PERMANENT,1/6/2018,1/6/2018,SYSTEM ANALYST II,CONTISS,7,2,B.Sc COMPUTER SCIENCE,22/07/1987,muazzam@gmail.com,8166703245
SP/R/2200,,UMAR,,BALARABE,M,LIBRARIAN,PERMANENT,1/6/2018,1/6/2018,ASSISTANT LIBRARIAN,CONTISS,7,2,B.A LIBRARY AND INFORMATION SCIENCE,15/02/1988,chiromaumar3@gmail.com,8033553319
SP/R/2206,,BATURIYA,ABDU,GARKO,F,ADMINISTRATIVE,PERMANENT,1/6/2018,1/6/2018,ADMINISTRATIVE ASSISTANT,CONTISS,7,2,B.Ed. SOCIAL STUDIES,2/2/1971,fatimaabdugarko@gmail.com,8065530937
SP/R/2207,,HUSAINA,UMAR,NAABBA,M,ADMINISTRATIVE,PERMANENT,1/6/2018,1/6/2018,ADMINISTRATIVE OFFICER,CONTISS,8,1,B.A MASS COMMUNICATION,1/2/1979,hussynabba@yahoo.com,8036607071
SP/R/2209,,MAHMUD,,SHAHID,M,ADMINISTRATIVE,PERMANENT,4/6/2018,4/6/2018,ADMINISTRATIVE OFFICER,CONTISS,8,1,B.Sc SOCIOLOGY,28/10/1989,shahidmahud449@gmail.com,8037381727
SP/R/2210,,HAMIDU,MOHAMMED,JADA,M,ADMINISTRATIVE,PERMANENT,1/8/2018,1/8/2018,ADMINISTRATIVE OFFICER,CONTISS,8,1,B.ED ISLAMIC STUDIES,7/8/1985,hamid.jada@gmail.com,7038417827
SP/R/2225,,FATIMA,,ALIYU,F,ADMINISTRATIVE,PERMANENT,1/8/2018,1/8/2018,ADMINISTRATIVE OFFICER,CONTISS,8,1,MASTER OF HUMAN RESOURCES MANAGEMENT,14/09/1982,aliyufatima07@gmail.com,8036190255
SP/R/2227,,ADAMU,SULEIMAN,DUTSE,M,ADMINISTRATIVE,PERMANENT,1/6/2018,1/6/2018,ADMINISTRATIVE OFFICER,CONTISS,8,1,B.Sc BUSINESS ADMINISTRATION,15/09/1987,asdutse@gmail.com,8036558407
SP/R/2228,,ZUBAIRU,ISMAIL,YAZID,M,LEGAL ,PERMANENT,1/8/2018,1/8/2018,LEGAL OFFICER,CONTISS,8,1,BACHELOR OF LAW,17/07/1988,ismailyazid73@gmail.com,8069270667
SP/R/2229,,ABUBAKAR,,HAMIDU,M,ADMINISTRATIVE,PERMANENT,4/6/2018,4/6/2018,ADMINISTRATIVE ASSISTANT,CONTISS,7,2,B.Sc. BUSINESS ADMINISTRATION,16/04/1981,babmod@gmail.com,8060695519
SP/R/2232,,SARAH,,YUSUF,F,ADMINISTRATIVE,PERMANENT,1/6/2018,1/6/2018,ADMINISTRATIVE ASSISTANT,CONTISS,7,1,B.A ENGLISH EDUCATION,3/5/1985,sarahyusuf4@gmail.com,8122467525
SP/R/2233,,ABIGAIL,,TIMOTHY,F,ADMINISTRATIVE,PERMANENT,1/6/2018,1/6/2018,ADMINISTRATIVE ASSISTANT,CONTISS,7,1,B.Sc. ECONOMICS,22/01/1989,abigailtimothy45@gmail.com,8131858913
SP/R/2234,,KABIRU,IBRAHIM,GWARZO,M,ADMINISTRATIVE,PERMANENT,1/6/2018,1/6/2018,ADMINISTRATIVE ASSISTANT,CONTISS,7,2,B.Sc. GEOGRAPHY,10/3/1973,kabirgwarzo3@gmail.com,8035128831
SP/R/2237,,ENYI,WILLIAM,NELSON,M,ADMINISTRATIVE,PERMANENT,1/6/2018,1/6/2018,ADMINISTRATIVE ASSISTANT,CONTISS,7,1,B.Sc. SOCIOLOGY AND ANTHROPOLOGY,3/4/1985,enyiwilliamd1st@gmail.com,8065797183
SP/R/2238,,SANI,SABO,IDRIS,M,ADMINISTRATIVE,PERMANENT,1/8/2018,1/8/2018,ADMINISTRATIVE ASSISTANT,CONTISS,7,2,B.A ENGLISH,7/9/1987,abusiddiq555@gmail.com,8032137072
SP/R/2239,,AGADA,MIRIAM,ENECHEOJO,F,ADMINISTRATIVE,PERMANENT,1/6/2018,1/6/2018,ADMINISTRATIVE ASSISTANT,CONTISS,7,1,B.Sc. ECONOMICS,14/04/1995,agada.miriam@yahoo.com,8068051652
SP/R/2240,,GARBA,BUKAR,AJIYABO,M,ADMINISTRATIVE,PERMANENT,4/6/2018,4/6/2018,ADMINISTRATIVE ASSISTANT,CONTISS,7,1,B.Ed. ADULT EDUCATION,15/03/1987,ajiyabo05@yahoo.com,8037123681
SP/R/2241,,HUSSAINI,,YAKUBU,M,ADMINISTRATIVE,PERMANENT,2/8/2018,2/8/2018,ADMINISTRATIVE ASSISTANT,CONTISS,7,2,B.A ISLAMIC STUDIES,18/02/1984,hussainyakub232@gmail.com,7032421877
SP/R/2243,,FALALU,,GARBA,M,EXECUTIVE,PERMANENT,1/8/2018,1/8/2018,HIGHER EXECUTIVE OFFICER (ADMINISTRATIVE),CONTISS,7,2,HND  COOPERATIVE ECONOMICS & MANAGEMENT,8/1/1992,falalug6@yahoo.com,8031398333
SP/R/2244,,MUSBAHU,IBRAHIM,DANAMOU,M,ACCOUNTANT ,PERMANENT,1/6/2018,1/6/2018,ACCOUNTANT II,CONTISS,7,2,B.Sc. ACCOUNTING,17/04/1988,misbahu.imam@yahoo.com,8065533423
SP/R/2245,,ABDULSALAM,,ABDULJALAL,M,EXECUTIVE,PERMANENT,1/6/2018,1/6/2018,HIGHER EXECUTIVE OFFICER (ACCOUNT),CONTISS,7,1,HND ACCOUNTANCY,24/04/1983,abdulsalamabduljalal@gmail.com,8032665753
SP/R/2247,,MAIMUNA,ABDULMALIK,ABDULLAHI,F,LAND SURVEYOR,PERMANENT,1/8/2018,1/8/2018,LANDSCAPE OFFICER,CONTISS,7,2,B.Sc BOTANY,29/09/1993,kaltumealhajigarba@yahoo.com,8038995117
SP/R/2253,,ISMAIL,,SALEH,M,ADMINISTRATIVE,PERMANENT,1/6/2018,1/6/2018,ADMINISTRATIVE ASSISTANT,CONTISS,7,2,B.A ISLAMIC STUDIES,10/10/1980,abumuhammadrgm@gmail.com,8034545535
SP/R/2254,,ABBA,,ISMAIL,M,ADMINISTRATIVE,PERMANENT,3/8/2018,3/8/2018,ADMINISTRATIVE ASSISTANT,CONTISS,7,2,B.Sc. POLITICAL SCIENCE,6/4/1985,abbaismailbtl@gmail.com,7037794479
SP/R/2255,,SHUAIBU,IBRAHIM,SHUAIBU,M,ADMINISTRATIVE,PERMANENT,1/6/2018,1/6/2018,ADMINISTRATIVE ASSISTANT,CONTISS,7,2,B.Sc. GEOGRAPHY,17/02/1993,abba2010@rocketmail.com,8066438395
SP/R/2256,,RAMATU,DANYAYA,YUNUSA,F,ADMINISTRATIVE,PERMANENT,2/8/2018,2/8/2018,ADMINISTRATIVE ASSISTANT,CONTISS,7,2,B.A HISTORY,6/3/1991,danyayaramata@gmail.com,8039342758
SP/R/2257,,UMMI,BAITA,,F,ADMINISTRATIVE,PERMANENT,1/8/2018,1/8/2018,ADMINISTRATIVE ASSISTANT,CONTISS,7,2,B.A ENGLISH,31/12/1991,ummibaita15@gmail.com,8069642102
SP/R/2258,,HAFSAT,WADA,MUHAMMAD,F,ADMINISTRATIVE,PERMANENT,1/8/2018,1/8/2018,ADMINISTRATIVE ASSISTANT,CONTISS,7,2,B.Sc. ECONOMICS,14/02/1988,hafsatwadamuhammad5@gmail.com,7038990759
SP/R/2259,,MANSUR,SANI,YOLA,M,EXECUTIVE,PERMANENT,1/8/2018,1/8/2018,HIGHER EXECUTIVE OFFICER (ADMINISTRATIVE),CONTISS,7,2,HND BUSINESS ADMIN,25/01/1980,mansusyola@gmail.com,8032880118
SP/R/2261,,MUNTAKA,,ISA,M,EXECUTIVE,PERMANENT,1/8/2018,1/8/2018,HIGHER EXECUTIVE OFFICER (ADMINISTRATIVE),CONTISS,7,2,HND PUBLIC ADMIN,2/1/1983,muntakaisa81@gmail.com,7035902228
SP/R/2262,,MUBARAK,AMINU,MAHMUD,M,EXECUTIVE,PERMANENT,1/8/2018,1/8/2018,HIGHER EXECUTIVE OFFICER (ADMINISTRATIVE),CONTISS,7,2,HND PUBLIC ADMIN,29/01/1988,mubarakmahmud67@gmail.com,8036558484
SP/R/2263,,RUKAYYA,SANI,CHINDO,F,EXECUTIVE,PERMANENT,1/8/2018,1/8/2018,HIGHER EXECUTIVE OFFICER (ADMINISTRATIVE),CONTISS,7,2,HND COOPERATIVE ECONS  & MANAGEMENT,25/06/1984,rukayyasanichindo@gmail.com,8038332614
SP/R/2264,,AMINA,,UMAR,F,EXECUTIVE,PERMANENT,1/8/2018,1/8/2018,HIGHER EXECUTIVE OFFICER (ADMINISTRATIVE),CONTISS,6,2,NCE BUSINESS EDUCATION,3/1/1980,aminaumarkwami@gmail.com,8085548678
SP/R/2265,,UMAR,,GARBA,M,EXECUTIVE,PERMANENT,1/6/2018,1/6/2018,HIGHER EXECUTIVE OFFICER (ACCOUNT),CONTISS,7,2,PGD DEVELOPMENT STUDIES,10/3/1989,garbaumar47@yahoo.com,8063006319
SP/R/2266,,ABDULHAMID,,IBRAHIM,M,EXECUTIVE,PERMANENT,1/8/2018,1/8/2018,HIGHER EXECUTIVE OFFICER (ACCOUNT),CONTISS,7,2,PGD DEVELOPMENT STUDIES,28/01/1984,airingim@yahoo.com,7039435169
SP/R/2267,,SHEHU,MUNTAKA,SANI,M,ACCOUNTANT ,PERMANENT,1/8/2018,1/8/2018,HIGHER EXECUTIVE OFFICER (ACCOUNT),CONTISS,7,2,HND ACCOUNTANCY,10/10/1985,shehumuntaka@gmail.com,8032564264
SP/R/2268,,MUHAMMAD,,ABDU,M,ENGINEER,PERMANENT,1/6/2018,1/6/2018,PRINCIPAL ENGINEER,CONTISS,11,2,ELECTRICAL ELECTRONICS POWER,1/1/1965,mmkiyawa@yahoo.com,7061913536
SP/R/2269,,USMAN,ALIYU,MAGAJI,M,ENGINEER,PERMANENT,1/8/2018,1/8/2018,ENGINEER I,CONTISS,8,1,B.ENG ELECTRICAL ENGINEERING,27/08/1989,usman200520@gmail.com,8038381970
SP/R/2271,,MUHAMMAD,GAJIMI,BALUMI,M,ENGINEER,PERMANENT,1/8/2018,1/8/2018,CIVIL ENGINEER II,CONTISS,7,2,B.ENG CIVIL AND WATER RESOURCES ENGINEERING,14/12/1985,gbalumi@gmail.com,8030643163
SP/R/2272,,BELLO,MAHMOUD,GIDADO,M,ENGINEER,PERMANENT,1/8/2018,1/8/2018,CIVIL ENGINEER II,CONTISS,7,2,B. ENG CIVIL ENGINEERING,14/06/1984,baffamahmoud@gmail.com,8035912919
SP/R/2273,,HAUWA,ALEWA,,F,LIBRARIAN,PERMANENT,1/6/2018,1/6/2018,ASSISTANT LIBRARIAN,CONTISS,7,2,BLS LIBRARY SCIENCE,18/09/1992,hauwaalewa@yahoo.com,7062058471
SP/R/2274,,MAHMUD,MUHAMMAD,IDRIS,M,TECHNICAL,PERMANENT,1/8/2018,1/8/2018,FARM ENGINEER II,CONTISS,7,2,B. AGRICULTURE,25/12/1983,halfmeeq@gmail.com,8065946328
SP/R/2275,,ABBA,IBRAHIM,BUKAR,M,TECHNICAL,PERMANENT,1/6/2018,1/6/2018,FARM OFFICER,CONTISS,7,1,B.A AGRIC,4/4/1989,abbaibrahimbukar@gmail.com,8038373661
SP/R/2276,,HASSAN,MUHAMMED,INUWA,M,CONFIDENTIAL SECRETARIAL,PERMANENT,1/8/2018,1/8/2018,CONFIDENTIAL SECRETARY II,CONTISS,7,2,HND OFFICE TECHNOLOGY AND MANAGEMENT,15/02/1985,inuwah32@gmail.com,7037895477
SP/R/2277,,YUSUF,YAHAYA,IBRAHIM,M,ADMINISTRATIVE LIBRARIAN,PERMANENT,1/6/2018,1/6/2018,ASSISTANT LIBRARIAN,CONTISS,7,2,BLS LIBRARY SCIENCE,17/04/1993,unique5080@gmail.com,8030939993
SP/R/2279,,MURTALA,,LAWAL,M,SYSTEM ANALYST,PERMANENT,1/6/2018,1/10/2018,DATA ANALYST,CONTISS,11,1,MASTER OF MULTIMEDIA,18/01/1979,murtalakazaure@fud.edu.ng,8030584263
SP/R/2280,,MANNIR,AMINU,,M,SYSTEM ANALYST,PERMANENT,2/8/2018,2/8/2018,SYSTEM ANALYST II,CONTISS,7,2,B.Sc COMPUTER SCIENCE,15/08/1991,mannir.aminu@yahoo.com,8069096351
SP/R/2281,,AISHA,RABIU,UMAR,F,PROGRAMMER,PERMANENT,1/6/2018,1/6/2018,SYSTEM PROGRAMMER II,CONTISS,7,2,B.Sc INFORMATION SYSTEM,15/03/1990,aysharabe@gmail.com,8038940909
SP/R/2291,,UMMULKHAIR,AWWAL,IBRAHIM,F,ADMINISTRATIVE,PERMANENT,1/8/2018,1/8/2018,ADMINISTRATIVE ASSISTANT,CONTISS,7,2,B.A ENGLISH,4/9/1988,ummakhairiibrahim@yahoo.com,7032763767
SP/R/2292,,ABUBAKAR,ALHASSAN,ABUBAKAR,M,ADMINISTRATIVE,PERMANENT,1/6/2018,1/6/2018,ADMINISTRATIVE ASSISTANT,CONTISS,7,2,B.Sc. POLITICAL SCIENCE,20/04/1985,absadis1@gmail.com,7034349900
SP/R/2293,,MUHAMMAD,MUAWIYA,SAIDU,M,ADMINISTRATIVE,PERMANENT,2/8/2018,2/8/2018,ADMINISTRATIVE ASSISTANT,CONTISS,7,2,B.A EDUCATION HAUSA,29/04/1989,muhammadmuawisaidu@gmail.com,7034368651
SP/R/2294,,AHMAD,MUSA,,M,ADMINISTRATIVE,PERMANENT,1/8/2018,1/8/2018,ADMINISTRATIVE ASSISTANT,CONTISS,7,2,B.Ed. ECONOMICS,15/08/1979,ahmadadammusa@gamail.com,8062381177
SP/R/2296,,ABBA,MAGAJI,,M,EXECUTIVE,PERMANENT,1/8/2018,1/8/2018,EXECUTIVE OFFICER (ADMINISTRATIVE),CONTISS,6,2,NA,19/09/1993,abbamagaji981@gmail.com,7035232389
SP/R/2298,,RUKAYYATU,BELLO,YAHAYA,M,ACCOUNTANT ,PERMANENT,1/8/2018,1/8/2018,ACCOUNTANT II,CONTISS,7,2,B.Sc. ACCOUTNTING,29/08/1992,rukayyatuy62@gmail.com,8031387662
SP/R/2299,,NURADDEEN,YUSUF,ILIYASU,M,QUANTITY SURVEYOR,PERMANENT,1/6/2018,1/6/2018,QUANTITY SURVEYOR II,CONTISS,7,2,B.Tech QUANTITY SURVEYOR,25/10/1984,mnuraddeen84@gmail.com,8062510210
SP/R/2303,,FATIMAH,ISIAKA,MOHAMMAD,F,ADMINISTRATIVE,PERMANENT,1/8/2018,1/8/2018,ADMINISTRATIVE ASSISTANT,CONTISS,7,2,B.A Ed ISLAMIC STUDIES,24/07/1987,fatimaisyakumuhammad@yahoo.com,8069811993
SP/R/2304,,IBRAHIM,BALA,,M,ACCOUNTANT ,PERMANENT,1/6/2018,1/6/2018,ACCOUNTANT I,CONTISS,8,1,B.Sc ACCOUNTING,12/4/1972,ibrasuzee4@gmail.com,8038504077
SP/R/2305,,YUSUF,KABIRU,MAGAJI,M,EXECUTIVE,PERMANENT,1/8/2018,1/8/2018,HIGHER EXECUTIVE OFFICER (ADMINISTRATIVE),CONTISS,7,2,HND PUBLIC ADMINISTRATION,15/01/1982,yusifinho@gmail.com,8060289202
SP/R/2307,,MUSBAHU,IBRAHIM,SHUAIBU,M,ACCOUNTANT ,PERMANENT,1/8/2018,1/8/2018,ACCOUNTANT II,CONTISS,7,2,B.Sc ACCOUNTING,13/03/1989,musbahuis01@gmail.com,7037717821
SP/R/2309,,MUSTAPHA,BUKAR,ABDULLAHI,M,ACCOUNTANT ,PERMANENT,1/6/2018,1/6/2018,ACCOUNTANT II,CONTISS,7,2,B.Sc ACCOUNTANCY,5/6/1988,mustabukar13@yahoo.com,8029994477
SP/R/2310,,MUSA,YAKUBU,,M,ADMINISTRATIVE,PERMANENT,1/8/2018,1/8/2018,ADMINISTRATIVE ASSISTANT,CONTISS,7,2,B.Sc ECONOMICS,21/10/1985,musayakubu733@yahoo.com,8067750120
SP/R/2314,,USMAN,MUHTA,,M,CAMPUS PLANNER,PERMANENT,1/8/2018,1/8/2018,CAMPUS PLANNER,CONTISS,7,2,B.Sc URBAN AND REGIONAL PLANNING,6/6/1989,muftahulkhairroni1019@gmail.com,8031181309
SP/R/2315,,JATAU,HUSSAINI,,M,ENGINEER,PERMANENT,1/6/2018,1/6/2018,BUILDING OFFICER,CONTISS,8,1,M.TECH ED,31/12/1985,jatauhussaini3@gmail.com,7069681227
SP/R/2316,,IBRAHIM,BELLO,KATAGUM,M,ADMINISTRATIVE LIBRARIAN,PERMANENT,1/8/2018,1/8/2018,ASSISTANT LIBRARIAN,CONTISS,7,2,B.LIS LIBRARY AND INFORMATION SCIENCE,29/01/1988,ibellokatagum@gmail.com,8036082414
SP/R/2317,,IBRAHIM,BALA,BELLO,M,STORE OFFICER,PERMANENT,1/8/2018,1/8/2018,SENIOR STORE OFFICER,CONTISS,8,1,B.Sc BUSINESS ADMINISTRATION,13/10/1985,ibrahimbala99@gmail.com,8026933203
SP/R/2318,,NAZIFI,KABIRU,,M,FARM MANAGEMENT,PERMANENT,1/8/2018,1/8/2018,FARM OFFICER II,CONTISS,7,2,B.A AGRICULTURE,10/2/1988,nazifikabiru1@gmail.com,8036616988
SP/R/2319,,USMAN,ALI,AUDU,M,SYSTEM ANALYST,PERMANENT,1/8/2018,1/8/2018,SYSTEM ANALYST I,CONTISS,8,1,B.Sc GEOLOGY,26/12/1969,usmanaliaudu@gmail.com,8023667177
SP/R/2320,,MUKHTAR,ABDULLAHI,,M,LEGAL ,PERMANENT,1/8/2018,1/8/2018,LEGAL OFFICER,CONTISS,8,1,B.LLB LAW,23/09/1991,abdullahimukhtar@gmail.com,8034444266
SP/R/2321,,SADIYA,AHMED,MOHAMMED,M,SYSTEM ANALYST,PERMANENT,1/8/2018,1/8/2018,SYSTEM ANALYST II,CONTISS,7,2,B.Sc COMPUTING,28/08/1989,sadygumel@gmail.com,8033820876
SP/R/2322,,UMMISALAM,MUHAMMED,,M,SYSTEM ANALYST,PERMANENT,1/8/2018,1/8/2018,SYSTEM ANALYST II,CONTISS,7,2,B.Sc COMPUTER SCIENCE,24/06/1990,princessjummy1667@gmail.com,7033921877
SP/R/2323,,KHALID,BASHIR,BUGAJE,M,SYSTEM ANALYST,PERMANENT,8/1/2018,8/1/2018,SYSTEM ANALYST,CONTISS,8,1,B.Sc COMPUTER SCIENCE,19/07/1991,khalidbugaje@gmail.com,8067309199
SP/R/2324,,ALIYU,ADAMU,JAFAR,M,SYSTEM ANALYST,PERMANENT,1/8/2018,1/8/2018,SYSTEM ANALYST II,CONTISS,7,2,B.Sc. APPLIED BUSINESS COMPUTING,14/04/1990,itzhydar@gmail.com,8037505290
SP/R/2325,,UMMULKHAYRI,UMAR,BIRAI,F,SYSTEM ANALYST,PERMANENT,1/8/2018,1/8/2018,SYSTEM ANALYST II,CONTISS,7,2,B.Sc COMPUTER SCIENCE,15/09/1986,ummubirai2016@gmail.com,8036749300
SP/R/2327,,AMINU,MUSA,,M,COACHING,PERMANENT,1/8/2018,1/8/2018,SENIOR SPORT COACH,CONTISS,9,2,B.Sc Ed PHYSICAL AND HEALTH EDUCATION,7/6/1976,aminuten@gmail.com,8025593435
SP/R/2328,,MAIMUNAT,YUNUSA,SABO,F,SCIENTIFIC,PERMANENT,1/8/2018,1/8/2018,SCIENTIFIC OFFICER II,CONTISS,7,2,B.Sc BIOLOGICAL SCIENCE ZOOLOGY,27/08/1987,ummieyunusa@gmail.com,8039649627
SP/R/2330,,BASHIR,MOHAMMED,ALBISHIR,M,SYSTEM ANALYST,PERMANENT,1/8/2018,1/8/2018,SYSTEM ANALYST II,CONTISS,7,2,B.Sc INFORMATION TECHNOLOGY,28/08/1991,albishimohammed8@gmail.com,8123609800
SP/R/2331,,ADAMU,GAIMA KAFADI,DAVID,M,SCIENTIFIC,PERMANENT,1/8/2018,1/8/2018,SCIENTIFIC OFFICER II,CONTISS,7,2,B.Sc PURE AND APPLIED PHYSICS,12/8/1990,adamugaima@gmail.com,8033726237
SP/R/2332,,MUHAMMAD,MURTALA,AMINU,M,ENGINEER,PERMANENT,1/6/2018,1/6/2018,COMPUTER ENGINEER II,CONTISS,7,1,B.ENG COMPUTER ENGINEERING,19/09/1992,muhdmamin@gmail.com,8067691966
SP/R/2334,,ZAHRA,ZAKARIYA,,F,COUNSELING PSYCHOLOGY,PERMANENT,1/6/2018,1/6/2018,COUNSELING PSYCHOLOGIST II,CONTISS,7,2,B.Sc PSYCHOLOGY,8/1/1988,zahrazakariya@gmail.com,8065682495
SP/R/2337,,ANWAR,IBRAHIM,SANI,M,SCIENTIFIC,PERMANENT,1/8/2018,1/8/2018,LABORATORY SCIENTIST II,CONTISS,7,2,HND PHYSICS/ ELECTRONIC,10/10/1986,hanwar1986@gmail.com,8062311020
SP/R/2338,,HADIZA,KUBRA,USMAN,F,SCIENCE LABORATORY ,PERMANENT,1/8/2018,1/8/2018,SCIENCE LABORATORY II,CONTISS,7,2,B.Sc. HUMAN PHYSIOLOGY,20/01/1980,khadeeja1424@yahoo.com,8036547377
SP/R/2339,,RUKAIYYATU,HAMIDU,,F,ADMINISTRATIVE,PERMANENT,1/6/2018,1/6/2018,ADMINISTRATIVE ASSISTANT,CONTISS,7,1,B.Sc BIOLOGY EDUCATION,1/12/1969,rukaiyatuhamidu47@gmail.com,8065618247
SP/R/2340,,IDRIS,ABDULBAKI,,M,TECHNOLOGIST,PERMANENT,2/6/2018,2/6/2018,SCIENCE LABORATORY TECHNOLOGIST II,CONTISS,7,2,B.Sc BIOCHEMISTRY,29/04/1989,i.abdulbaki@fud.edu.ng,8033348757
SP/R/2341,,AMINU,HALADU,,M,SCIENTIFIC,PERMANENT,1/8/2018,1/8/2018,SCIENTIFIC OFFICER II,CONTISS,7,2,B.Sc GEOLOGY,28/08/1991,haladu.aminu@yahoo.com,8137535849
SP/R/2343,,BASHIR,IBRAHIM,,M,PROCUREMENT,PERMANENT,4/6/2018,4/6/2018,PROCUREMENT OFFICER I,CONTISS,8,1,B.Sc SOCIOLOGY,3/1/1981,iabashir@gmail.com,8032843755
SP/R/2344,,ASHIRU,ALHAJI,GARBA,M,SCIENTIFIC,PERMANENT,1/8/2018,1/8/2018,SCIENTIFICI OFFICER II,CONTISS,7,2,B.Ed BIOLOGY,12/8/1990,ashirugarbaandaza@gmail.com,8069323143
SP/R/2345,,HARUNA,YUSHAU,SHUAIBU,M,SCIENTIFIC,PERMANENT,1/8/2018,1/8/2018,LABORATORY SCIENTIST II,CONTISS,7,2,B.Sc EDUCATION/PHYSICS,31/10/1987,hyshuaibu@gmail.com,8037036429
SP/R/2346,,JIBRIL,ABDUL,,M,FIRE SUPRETENDENT,PERMANENT,4/6/2018,4/6/2018,FIRE OFFICER II,CONTISS,6,1,NCE ECONOMIC HISTORY,3/4/1993,jibrilabdul043@gmail.com,8036234309
SP/R/2347,,KALTUME,ALHAJI,GARBA,F,TECHNOLOGIST,PERMANENT,1/6/2018,1/6/2018,SCIENCE LABORATORY TECHNOLOGIST II,CONTISS,7,2,B.Sc CHEMISTRY,14/05/1984,kaltumealhajigarba@yahoo.com,8038995117
SP/R/2348,,AISHA,HUSSAINI,INUWA,F,SCIENTIFIC,PERMANENT,1/8/2018,1/8/2018,SCIENTIFIC OFFICER II,CONTISS,7,2,B.Sc CHEMISTRY,12/10/1992,ayshahussaini@yahoo.com,8034582809
SP/R/2356,,SAIFURRAHMAN,SUNUSI,MUHAMMAD,M,ADMINISTRATIVE,PERMANENT,29/08/2018,29/08/2018,ADMINISTRATIVE OFFICER,CONTISS,8,1,MBA,4/2/1980,saifusunusi@yahoo.com,8033495260
2358,,OJO,JACOB,OLANREWAJU,M,LIBRARIAN,PERMANENT,6/4/2018,6/4/2018,LIBRARIAN II,CONTISS,8,2,M.LS LIBRARY SCIENCE,3/7/1982,,
SP/R/2359,,HABIB,MOHAMMED,KARAGAMA,M,TECHNOLOGIST,PERMANENT,1/6/2018,1/6/2018,SCIENCE LABORATORY TECHNOLOGIST II,CONTISS,7,1,B.Sc BIOLO EDUCATION,5/9/1985,mkhabio8@gmail.com,8067145990
SP/R/2362,,ENECHE,JAMES,ADEGAHI,M,COUNSELING PSYCHOLOGY,PERMANENT,1/8/2018,1/8/2018,COUNSELING PSYCHOLOGIST I,CONTISS,8,1,B.Sc SOCIAL WORK AND ADMINISTRATION,6/6/1976,adegahieneche@gmail.com,8039725933
SP/R/2365,,MUHAMMAD,SANI,DANLADI,M,SYSTEM ANALYST,PERMANENT,1/8/2018,1/8/2018,SYSTEM ANALYST,CONTISS,7,2,B.ENG COMPUTER AND COMMUNICATIONS ENGINEERING,25/01/1990,mdsani@gmail.com,8034565206
SP/R/2366,,ABBA,IDRIS,HASSAN,M,EXECUTIVE,PERMANENT,6/14/2018,10/1/2019,EXECUTIVE OFFICER,CONTISS,6,1,NIGERIA CERTIFICATE IN EDUCATION,6/1/1994,abbaidrishassan@gmail.com,7030199534
SP/R/2369,,DAVID,,WOBIN,M,TECHNICAL OFFICER,CONTRACT,8/1/2019,8/1/2019,SENIOR TECHNICAL OFFICER,CONTISS,8,5,CADAVER STORAGE TECHNICS,2/18/1953,,7032055654
SP/R/2371,,AMINATU,MUHAMMAD,LAWAN,F,ADMINISTRATIVE,PERMANENT,1/8/2018,1/8/2018,ADMINISTRATIVE ASSISTANT,CONTISS,7,2,B.A ENGLISH,9/9/1996,amceey30@gmail.com,8033674088
SP/R/2372,,BASHIR,IBRAHIM,GWIWA,F,ADMINISTRATIVE LIBRARIAN,PERMANENT,1/8/2018,1/8/2018,ASSISTANT LIBRARIAN,CONTISS,7,2,BLS LIBRARY AND INFORMATION SCIENCE,14/06/1991,gwiwabashir@gmail.com,O8038588893
SP/R/2374,,BASHIR,MURTALA,SALIM,M,ADMINISTRATIVE,PERMANENT,1/8/2018,1/8/2018,ADMINISTRATIVE ASSISTANT,CONTISS,7,2,B.Sc POLITICAL SCIENCE,13/05/1993,bash93_k@yahoo.com,8066361956
SP/R/2376,,ISMAIL,SHUAIBU,ABDULLAHI,M,INFORMATION,PERMANENT,2/8/2018,2/8/2018,INFORMATION OFFICER II,CONTISS,7,2,B.A MASS COMMUNICATION,20/05/1980,ismailshuaibuabdullahi@gmail.com,8062592421
SP/R/2377,,IBRAHIM,HARUNA,PAMA,M,SYSTEM ANALYST,PERMANENT,1/8/2018,1/8/2018,SYSTEM ANALYST II,CONTISS,7,2,B.Sc BUSINESS INFORMATION SYSTEM,7/1/1985,ibrahimpama@yahoo.com,8166822132
SP/R/2378,,SALEH,IBRAHIM,ANBAKA,M,ADMINISTRATIVE,PERMANENT,2/8/2018,2/8/2018,ADMINISTRATIVE ASSISTANT,CONTISS,7,2,B.Sc SOCIOLOGY,12/12/1986,ibrahimsalehanbaka@gmail.com,7036917320
SP/R/2379,,GARBA,SHUAIBU,MOHAMMED,M,ACCOUNTING,PERMANENT,1/8/2018,1/8/2018,ACCOUNTANT II,CONTISS,7,2,B.Sc ACCOUNTING,10/3/1983,muhammadgarbashuaibu@gmail.com,7030131651
SP/R/2385,,YUSIF,,RABIU,M,CAMPUS PLANNER,PERMANENT,2/8/2018,2/8/2018,CAMPUS PLANNER II,CONTISS,7,2,BACHELOR OF URBAN AND REGIONAL PLANNING,2/2/1984,yusrab10@gmail.com,0S8034527659
SP/R/2386,,SULE,LAWAL,MANI,M,LIBRARIAN,PERMANENT,1/8/2018,1/8/2018,ASSISTANT LIBRARIAN,CONTISS,7,2,B.Sc LIBRARY SCIENCE,21/08/1984,dangurulawal2005@gmail.com,7030630714
SP/R/2387,,IBRAHIM,BELLO,GIMBA,M,ADMINISTRATIVE,PERMANENT,1/6/2018,1/6/2018,ADMINISTRATIVE ASSISTANT,CONTISS,7,1,B.Sc POLITICAL SCIENCE,15/03/1989,igimbason@gmail.com,8030712986
SP/R/2388,,MUHAMMAD,BELLO,KIYAWA,M,HEALTH RECORD TECHNICIAN,PERMANENT,1/8/2018,1/8/2018,HIGHER RECORDS TECHNICIAN,CONTISS,7,1,HND HEALTH INFORMATION MANAGEMENT,2/3/1988,muhdbellokiyawa@gmail.com,8065093162
SP/R/2389,,MUSTAPHA,BUKAR,SALEH,M,ADMINISTRATIVE,PERMANENT,1/8/2018,1/8/2018,ADMINISTRATIVE ASSISTANT,CONTISS,7,1,B.Sc GEOGRAPHY,4/5/1988,salehbukar505@gmail.com,8034242858
SP/R/2390,,HASSAN,AHMED,,M,MEDICAL LABORATORY,PERMANENT,1/8/2018,1/8/2018,MEDICAL LABORATORY TECHNICIAN,CONTISS,6,1,DIPLOMA MEDICAL TECHNICIAN,15/05/1988,fg.hassanahmed@gmail.com,8037878725
SP/R/2391,,BALA,MAGAJI,KIYAKO,M,PHARMACY TECHNICIAN,PERMANENT,1/8/2018,1/8/2018,PHARMARCY TECHNICIAN,CONTISS,6,1,DIPLOMA IN PHARMACY TECHNICIAN,3/4/1981,balamagajikiyako@gmail.com,7031518391
SP/R/2392,,RASHIDA,ABDULLAHI,,F,MEDICAL LABORATORY TECHNICIAN,PERMANENT,1/8/2018,1/8/2018,MEDICAL LABORATORY TECHNICIAN,CONTISS,6,1,DIPLOMA MEDICAL LAB TECHNICIAN,26/01/1993,khadijasmusa2018@gmail.com,8165430963
SP/R/2394,,IMAM,NURA,MEZAN,M,PHARMACY TECHNICIAN,PERMANENT,1/8/2018,1/8/2018,PHARMARCY TECHNICIAN,CONTISS,6,1,DIPLOMA IN PHARMACY TECHNICIAN,2/3/1988,nuramexan@gmail.com,8034932550
SP/R/2395,,MOHAMMED,,UMAR,M,SURVEYOR,PERMANENT,2/8/2018,2/8/2018,QUANTITY SURVEYOR II,CONTISS,7,1,B.TECH QUANTITY SURVEYING,8/8/1988,mohammedumarjnr@gmail.com,7030753336
SP/R/2397,,YAHAJJA,ABBA,GUMSU,F,ADMINISTRATIVE,PERMANENT,1/8/2018,1/8/2018,ADMINISTRATIVE ASSISTANT,CONTISS,7,1,B.Sc SOCIOLOGY AND ANTHROPOLOGY,5/12/1980,yahajjaabbagumsu@gmail.com,7030350376
SP/R/2398,,AHMAD,ABDULLAHI,IBRAHIM,M,SYSTEM ANALYST,PERMANENT,6/8/2018,6/8/2018,SYSTEM ANALYST I,CONTISS,8,1,B.Sc BUSINESS INFORMATION SYSTEM,24/04/1988,ahmad200123@gmail.com,8132986204
SP/R/2399,,ADAM,,BUNU,M,ARCHITECTURE,PERMANENT,2/8/2018,2/8/2018,ARCHITECTURE II,CONTISS,7,1,B.TECH ARCHITECTURE,30/03/1986,adambunu235@gmail.com,8037686848
SP/R/2409,,SANI,,MUHAMMAD,M,TECHNOLOGIST,SABBATICAL,1/11/2019,1/11/2019,CHIEF TECHNOLOGIST,CONTISS,13,8,FINAL DIPLOMA CERTIFICATE IN S.L.T,20/08/1966,sanimuhdbichi@yahoo.com,8037868309
SP/R/2419,,DANMARI,ISA,IDRIS,M,SECURITY,CONTRACT,11/1/2019,11/1/2019,CHIEF SECURITY OFFICER,CONTISS,13,9,M.Sc SOCIOLOGY,20/06/1962,isadanmari4040@gmail.com,8039257253
SP/R/2419,,DANMARI,ISA,IDRIS,M,SECURITY,CONTRACT,11/1/2019,11/1/2019,CHIEF SECURITY OFFICER,CONTISS,13,9,M.Sc SOCIOLOGY,20/06/1962,isadanmari4040@gmail.com,8039257253
SP/R/2420,,CAPT. KABIR,MUHAMMAD,WALI (RTD),M,SECURITY,CONTRACT,14/01/2019,14/01/2019,ASSISTANT CHIEF SECURITY OFFICER,CONTISS,12,11,PGD MANAGEMENT,22/08/1960,kabirmuhdwali@gmail.com,8054382799
SP/R/2420,,CAPT. KABIR,MUHAMMAD,WALI (RTD),M,SECURITY,CONTRACT,14/01/2019,14/01/2019,ASSISTANT CHIEF SECURITY OFFICER,CONTISS,12,11,PGD MANAGEMENT,22/08/1960,kabirmuhdwali@gmail.com,8054382799
SP/R/2421,,MOHAMMED,MAHMOUD,HASSAN,M,ADMINISTRATIVE,PERMANENT,6/2/2019,6/2/2019,ADAMINISTRATIVE OFFICER,CONTISS,8,1,MASTER OF PUBLIC POLICY & ADMINISTRATION,12/1/1987,mohammedmahmoudhassan224@gmail.com,8066476028
SP/R/2423,,MUHAMMAD,ABUBAKAR,,M,ADMINISTRATIVE,PERMANENT,5/1/2019,5/1/2019,ADMINISTRATIVE ASSISTANT,CONTISS,7,2,B.ED ENGLISH,1/5/1984,amsadeeq98@gmail.com,8030637542
SP/R/2425,,MUHAMMED,BABA,SABO,M,ADMINISTRATIVE,CONTRACT,5/3/2019,5/3/2019,PRINCIPAL ASSISTANT REGISTRAR,CONTISS,13,2,M. Ed (Psychology),26/02/1959,mbsabo@gmail.com,8032843688
SP/R/2436,,SANI,ABASHE,ALHAJI,M,TECHNOLOGIST,PERMANENT,12/7/2019,12/7/2019,PRINCIPAL LABORATORY TECHNOLOGIST,CONTISS,11,3,HND SCIECE LABORATORY TECHNOLOGIST,5/7/1972,saniabashe305@gmail.com,7030922709
SP/R/2446,,NASIRU,,SABO,M,PHARMACY TECHNICIAN,PERMANENT,10/3/2019,10/3/2019,PHARMARCY TECHNICIAN,CONTISS,6,2,DIPLOMA PHARMACY TECHNICIAN,7/15/1991,nasirusabo50@gmail.com,7064307850
SP/R/2448,,DR. SAJIDA,MUHAMMED,BASHIR,F,MEDICAL OFFICER,PERMANENT,10/17/2019,10/17/2019,MEDICAL OFFICER,CONTISS,11,2,MBBS (SURGERY),6/11/1991,sajidamohammad@yahoo.com,7066069981
SP/R/2455,,ABDULMAJID,BELLO,ABUBAKAR,M,DATA PROCESSING OFFICER,PERMANENT,11/8/2019,11/8/2019,DATA PROCESSING OFFICER,CONTISS,6,1,ND COMPUTER SCIENCE,1/26/1991,,
SP/R/2457,,NAFIU,IDRIS,GINSAU,M,                                                                                                                                    SCIENTIFIC,PERMANENT,11/8/2019,11/8/2019,SCIENTIFIC OFFICER II,CONTISS,7,1,B. AGRICULTURE (AGRIC ECONOMIC & EXTENSION),9/12/1992,nafiuidrisginsau@gmail.com,8166161664
SP/R/2458,,HAJJA GANA,SHUAIBU,LAMINU,F,SCIENTIFIC,PERMANENT,11/11/2019,11/11/2019,SCIENTIFIC OFFICER II,CONTISS,7,1,B.Sc BIOCHEMISTRY,10/9/1990,hajjaganashuaibu@gmail.com,8067099690
SP/R/2468,,AUWAL,YAU,YUNUS,M,TECHNOLOGIST,PERMANENT,1/10/2019,1/10/2019,SENIOR ASSISTANT SCIENCE LABORATORY TECHNOLOGIST,CONTISS,6,1,NATIONAL DIPLOMA  SCIENCE LABORATORY TECHNOLOGY,6/15/1993,,
SP/R/2476,,DAHIRU,,KABIRU,M,ADMINISTRATIVE,PERMANENT,12/11/2019,12/11/2019,ADMINISTRATIVE OFFICER,CONTISS,8,1,MASTER PF PUBLIC POLICY & ADMINISTRATION,1/10/1988,attaheergimba@gmail.com,7064321591
SP/R/2477,,SALISU,YUSUF,BAKO,M,PROGRAMMER,PERMANENT,11/12/2019,11/12/2019,SYSTEM PROGRAMMER II,CONTISS,7,1,B.Sc COMPUTER SCIENCE,11/25/1991,sybako03@gmail.com,8038070373
SP/R/2478,,ABUBAKAR,,ABDULLAHI,M,SECURITY,PERMANENT,11/12/2019,11/12/2019,HIGHER SECURITY OFFICER,CONTISS,7,1,B.SC CRIMINOLOGY & SECURITY STUDIES,2/12/1988,css120009@gmail.com,8028485429
SP/R/2480,,TALATU,ABBA,SAMBO,F,STORE OFFICER,PERMANENT,11/13/2019,11/13/2019,HIGHER STORE OFFICER,CONTISS,7,1,HND BUSINESS ADMINISTRATION,7/2/1976,zainababbasambo,8030776440
SP/R/2481,,KAMILU,AHMED,ELWAN,M,SYSTEM ANALYST,PERMANENT,12/11/2019,12/11/2019,SYSTEM ANALYST II,CONTISS,7,1,B.Sc INFORMATION SYSTEM,27/101987,elwankamilu@gmail.com,7067955961
SP/R/2482,,MUKHTAR,IBRAHIM,HAMZA,M,EXECUTIVE,PERMANENT,11/10/2019,11/10/2019,HIGHER EXECUTIVE OFFICER,CONTISS,7,1,PGD DEVELOPMENT STUDIES/HND BUSINESS ADMINISTRATION,4/8/1985,ibrahimmukhtarhamza@gmail.com,8023736484
SP/R/2483,,UMAR,,YAHAYA,M,SYSTEM ANALYST,PERMANENT,11/10/2019,11/10/2019,SYSTEM ANALYST I,CONTISS,8,1,M.SC SYSTEM PROCESS ENGINEERING,8/21/1989,umarbnyahaya@yahoo.com,8038006313
SP/R/2484,,MUHAMMAD,ISA,ADAMU,M,ENGINEER,PERMANENT,11/20/2019,11/20/2019,ENGINEER I,CONTISS,8,1,M.SC MECHANICAL ENGINERRINHG,12/24/1987,adamuisa2020@gmail.com,8035476608
SP/R/2485,,MUHAMMAD,INUWA,ISMAIL,M,LIBRARIAN,PERMANENT,11/10/2019,11/10/2019,ASSISTANT LIBRARIAN,CONTISS,7,1,B. LIBRARY & INFORMATION SCIENCE,7/2/1976,jalifamisma@gmail.com,8099662055
SP/R/2486,,HASSAN,MUSA,MUHAMMAD KUL-KUL,M,TECHNICAL,PERMANENT,11/9/2019,11/9/2019,HIGHER TECHNICAL OFFICER,CONTISS,7,1,HND ELECTRIC ENGINEERING,4/4/1986,,9032896816
SP/R/2487,,UMAR,IDRIS,MUSA,M,EXECUTIVE,PERMANENT,11/20/2019,11/20/2019,HIGHER EXECUTIVE OFFICER (ACCOUNT),CONTISS,7,1,MASTER OF DEVELOPMENT STUDIES,4/22/1984,umaronmail@gmail.com,7064895478
SP/R/2496,,MUHAMMAD,,JUNAIDU,M,TECHNOLOGIST,PERMANENT,12/11/2019,12/11/2019,SCIENCE LABRATORY TECHNOLOGIST II,CONTISS,7,1,HND MEDICAL LABORATORY TECHNOLOGIST,1/19/1985,muhammadjanaidu@gmail.com,8064443505
SP/R/2504,,BILKISU,,SAFIYANU,F,HEALTH,PERMANENT,1/9/2020,1/9/2020,HEALTH ASSISTANT,CONTISS,6,1,DIPLOMA IN ENVIRONMENTAL HEALTH,7/25/1995,,
SP/R/2560,,JAMILA,UMAR,MOHAMMED,M,ADMINISTRATIVE,PERMANENT,11/9/2019,11/9/2019,ADMINISTRATIVE ASSISTANT,CONTISS,7,1,B.ED ADMINISTRATION AND PLANNING,3/28/1980,jamilaumar360@gmail.com,8065198982
SP/R/2564,,YAHAYA,,ABDULLAHI,M,HEALTH SUPERINTENDENT,PERMANENT,12/9/2019,12/9/2019,HIGHER HEALTH SUPERINTENDENT,CONTISS,7,1,B.SC ENVORONMENTAL MANAGEMENT,12/03/10986,yahayalawyace@gmail.com,88162136656
SP/R/2566,,ADAMU,,LAWAN,M,ADMINISTRATIVE,PERMANENT,8/16/1982,11/9/2019,ADMINISTRATIVE OFFICER,CONTISS,8,1,M.Sc SOCIOLOGY,8/16/1982,yidaual@gmail.com,8066929356
SP/R/2567,,DAHIRU,,ZUBAIRU,M,EXECUTIVE,PERMANENT,11/20/2019,11/20/2019,EXECUTIVE OFFICER (ACCOUNT),CONTISS,6,1,ND STATISTICS,5/4/1996,,8068153926
SP/R/2568,,BASHIR,,SANUSI,M,ACCOUNTANT ,PERMANENT,12/17/2019,12/17/2019,ACCOUNTANT II,CONTISS,7,1,B.SC ACCOUNTING AND FINANCE,12/8/1996,polochucho64@gmail.com,8066060022
SP/R/2570,,SAMIR,RUFAI,HANGA,M,SYSTEM ANALYST,PERMANENT,12/17/2019,12/17/2019,SYSTEM ANALYST II,CONTISS,7,1,M.SC PROJECT MANAGEMENT/ B.SC B.SC INFORMATION & MANAGEMENT,12/7/1990,,
SP/R/2571,,JUNAIDU,,MOHAMMED,M,ADMINISTRATIVE ,PERMANENT,11/8/2019,11/8/2019,ADMINISTRATIVE OFFICER,CONTISS,8,1,MASTER OF PUBLIC POLICY & ADMINISTRATION/ B.SC POLITICAL SCIENCE,4/30/1991,junaiduwuky@yahoo.com,8069534389
2572,,AISHA,,LAWAN,F,EXECUTIVE OFFICE,PERMANENT,12/12/2019,12/12/2019,EXECUTIVE OFFICER,CONTSS,6,1,NATINAL DIPLOMA IN BUSINESS ADMINISTRATIN,1/26/1974,,
SP/R/2574,,ISHAQ,IBRAHIM,YA'U,M,EXECUTIVE,PERMANENT,11/18/2019,11/18/2019,EXECUTIVE OFFICER,CONTISS,6,1,ND COMPUTER SCIENCE,12/1/1992,currencyishaq@gmail.com,8064531970
SP/R/2575,,LAWAL,,MUKHTAR,M,TECHNICIAN,PERMANENT,11/8/2019,11/8/2019,MEDICAL LABORATORY TECHNICIAN,CONTISS,6,2,ND MEDICAL LABORATORY TECHNICIAN,10/14/1991,lawalmukhtar22@gmail.com,8039209565
SP/R/2576,,ZAHRADDEEN,,DAUDA,M,TECHNICIAN,PERMANENT,11/9/2019,11/9/2019,MEDICAL LABORATORY TECHNICIAN,CONTISS,6,1,ND MEDICAL LABORATORY TECHNICIAN,12/12/1992,zahraddeendauda3946@gmail.com,8039469792
2581,,KODUN,,MOHAMMED,M,INFORMATION OFFICER,PERMANENT,12/24/2019,12/24/2019,INFORMATION OFFICER II,CONTISS,7,1,POST GRADUATE DIPLOMA IN DEVELOPMENT STUDIES/ B.A JOURNALISM AND MASS COMMUNICATION,29/03/19991,,
2598,,GRACE,ANIEFIOK,SILAS, ,ADMINISTRATIVE,PERMANENT,11/20/2019,20/22/2019,ADMINISTRATIVE ASSISTANT,CONTISS,7,1,B.SC BANKING FINANCE,11/13/1992,,
SP/R/2602,,USMAN,MUHAMMAD,GARBA,M, EXECUTIVE,PERMANENT,11/20/2019,11/20/2019,HIGHER EXECUTIVE OFFICER (ACCOUNT),CONTISS,7,1,HND STATISTICS,2/10/1989,usmangarba1@gmail.com,7037858387
SP/R/2606,,KAMAL,,MUHAMMED,M,TECHNOLOGIST,PERMANENT,11/20/2019,11/20/2019,SENIOR ASSISTANT LABORATORY TECHNOLOGIST,CONTISS,6,1,ND SCIENCE LAB. TECHNOLOGY,3/4/1991,muhammadalkalikamal@gmail.com,8064923841
SP/R/2610,,MUHAMMAD,YAU,GHALI,M,LABORATORY TECHNICIAN,PERMANENT,11/12/2019,11/12/2019,MEDICAL LABORATORY TECHNICIAN,CONTISS,6,1,ND MEDICAL LABORATORY TECHNOLOGY,9/17/1991,,8096660604
SP/R/2612,,UMAR,IBRAHIM,MITRA,M,ENGINEER,PERMANENT,11/8/2019,11/8/2019,ENGINEER (ELECTRICAL) II,CONTISS,7,1,B. ENGINEERING,3/2/1994,umaribrahim3195@gmail.com,7031958656
SP/R/2613,,MUSTAPHA,IBRAHEEM,MAIGARI,M,SCIENTIFIC,PERMANENT,11/11/2019,11/11/2019,SCIENTIFIC OFFICER II,CONTISS,7,1,B.Sc GEOGRAPHY,2/12/1986,maitown@yahoo.com,8069756793
SP/R/2614,,USMAN,,ABUBAKAR,M,ADMINISTRATIVE,PERMANENT,11/11/2019,11/11/2019,ADMINISTRATIVE ASSISTANT,CONTISS,7,1,B.SC SOCIOLOGY,4/15/1994,abbakar360@yahoo.com,8065365231
SP/R/2619,,ETUKODOH,HELEN,HANSON,F,TECHNOLOGIST,PERMANENT,11/20/2019,11/20/2019,SCIENCE LABORATORY TECHNOLOGIST,CONTISS,7,1,HND MICROBIOLOGY/VIROLOGY,6/3/1981,,7069019567
2626,,MAHMUD,,BELLO,M,TECHNOLOGIST,PERMANENT,12/20/2019,12/20/2019,SENIOR ASSISTANT SCIENCE LABORATORY TECHNOLOGIST,CONTISS,6,1,NATIONAL DIPLOMA IN SCIENCE LABORATORY TECHNOLOGY,1/1/1993,,
SP/R/2643,,GARBA,,SHEHU,M,HEALTH ASSISTANT,PERMANENT,1/2/2020,1/2/2020,HEALTH ASSISTANT,CONTISS,6,1,DIPLOMA ENVIRONMENTAL HEALTH,12/20/1996,,
SP/R/2658,,AMINU,,NURADDEEN,M,ADMINISTRATIVE,PERMANENT,12/12/2019,12/12/2019,ADMINISTRATIVE ASSISTANT,CONTISS,7,1,B.A HISTORY,1/1/1990,,
SP/R/2663,,ISMAIL,ABDULLAHI,BABADIYA,M,EXECUTIVE ,PERMANENT,12/11/2019,12/11/2019,ACCOUNTANT II,CONTISS,7,1,ND ACCOUNTING,4/17/1986,,
SP/R/2664,,AUWALU,DAUDA,GAMBO,M,EXECUTIVE,PERMANENT,11/9/2019,11/9/2019,EXECUTIVE OFFICER (ACCOUNT),CONTISS,6,1,ND ACCOUNTING,1/2/1992,auwalugd@yahoo.com,8167529771
SP/R/2665,,MUSA,ISA,MUSA,M,STORE OFFICER,PERMANENT,11/9/2019,11/9/2019,HIGHER STORE OFFICER,CONTISS,7,1,HND PURCHASING AND SUPPLY,11/4/1987,musaisah001@yahoo.com,8033363690
SP/R/2666,,ABUBAKAR,ABDULRAHMAN,DANLAMI,M,STORE OFFICER,PERMANENT,11/9/2019,11/9/2019,HIGHER STORE OFFICER,CONTISS,7,1,HND PURCHASING AND SUPPLY,8/14/1986,danlamiabdulrahman@gmail.com,8133339293
SP/R/2667,,ABUBAKAR,MUHAMMAD,ABDULLAHI,M,TECHNOLOGIST,PERMANENT,11/9/2019,11/9/2019,SENIOR SCIENCE LABORATORY TECHNOLOGIST,CONTISS,6,1,ND SCIENCE LAB. TECHNOLOGY,6/15/1990,abubakarmaipillars@gmail.com,9036514268
SP/R/2559,,SURAJO,ABDUL,GIMBA,M,LIBRARIAN,PERMANENT,12/11/2019,12/11/2019,ASSISTANT LIBRARIAN,CONTISS,7,1,B.SC LIBRARY AND INFORMATION SCIENCE,4/27/1990,surajo.gimba@yahoo.com,7039761033
SP/R/2678,,ABUBAKAR,ADAMU,IBRAHIM,M,LABORATORY TECHNICIAN,PERMANENT,12/11/2019,12/11/2019,MEDICAL LABORATORY TECHNICIAN,CONTISS,6,1,ND MEDICAL LABORATORY TECHNOLOGY,1/1/1994,abubakarwarwade@gmail.com,8066136281
SP/R/2679,,ALASAN,,AMINU,M,LABORATORY TECHNICIAN,PERMANENT,12/11/2019,12/11/2019,MDICAL LABORATORY TECHNICIAN,CONTISS,6,1,ND MEDICAL LABORATORY TECHNICIAN,12/31/1995,alasanrng@gmail.com,8060956013
SP/R/2683,,ABDULKARIM,,LAWAL,M,MEDICAL LAB TECHNICIAN,PERMANENT,12/17/2019,12/17/2019,MEDICAL LABORATORY TECHNICIAN,CONTISS,6,2,ND  MEDICAL LAB TECHNICIAN,6/23/1995,,
2684,,OJOMO,KOLAPO,BANKOLI,M,INVESTMENT,PERMANENT,12/17/2019,12/17/2019,ASSISTANT INVESTMENT OFFICER,CONTISS,7,1,HIGHER NATIONAL DIPLOMA IN  BUSINESS ADMINISTRATION,12/14/1984,,
SP/R/2685,,ADUDU,FAITH,OSEMENKHIAN,M,SCIENTIFIC,PERMANENT,12/17/2019,12/17/2019,SCIENTIFIC OFFICER II,CONTISS,7,1,B.SC GEOPHYSICS,1/25/1985,,
2687,,SADIYA,UMAR,JOJE,F,SCIENTIFIC OFFICER,PERMANENT,12/17/2019,12/17/2019,SCIENTIFIC OFFICER II,CONTISS,7,1,B.SC ZOOLOGY,10/15/1994,,
2688,,ABUBAKAR,AMINU,IMAM,M,PROGRAMMER,PERMANENT,12/17/2019,12/17/2019,SYSTMEM PROGRAMMER II,CONTISS,7,1,B.SC COMPUTER SCIENCE,10/18/1988,,
SP/R/2689,,AMINU,GARBA,AHMED,M,ACCOUNTANT,PERMANENT,12/16/2019,12/16/2019,ACOUNTANAT II,CONTISS,7,1,B.A ACCOUNTING AND FINANCE,10/13/1993,,
SP/R/2690,,ZAHRADDEEN,ABUBAKAR,MUHAMMAD,M,ADMINISTRATIVE,PERMANENT,12/16/2019,12/16/2019,ADMINISTRATIVE ASSISTANT,CONTISS,7,1,B.SC ECONOMICS,9/16/1990,,
SP/R/2691,,SALIHU,SALIHU,ILYASU,M,INVESTMENT,PERMANENT,12/17/2019,12/17/2019,ASSISTANT INVESTMENT OFFICER,CONTISS,7,1,B.SC MARKETTING,1/12/1988,,
SP/R/2692,,ABDURRASHID,ABDU,HARO,M,HEALTH OFFICER,PERMANENT,12/17/2019,12/17/2019,ENVIRONMENTAL HEALTH OFFICER II,CONTISS,7,1,B.Sc BIOLOGY ,8/24/1991,aharoos04@gmail.com,8064577367
SP/R/2693,,ASSO,,EMMANUEL,M, ARCHITECHT,PERMANENT,12/17/2019,12/17/2019,ARCHITECHT II,CONTISS,7,1,HND ARCHITECTURE,11/7/1975,mremmanuelass.ae@gmail.com,8065385110
2696,,YUSHAU,,YAHAYA,M,SCIENTIFIC,PERMANENT,12/17/2019,12/17/2019,SCIENTIFIC OFFICER II,CONTISS,7,1,B.SC PHYSICS,15/05.1992,,
SP/R/2697,,ALIYU,SALIM,MUSAWA,M,PROGRAMMER,PERMANENT,12/17/2019,12/17/2019,SYSTEM PROGRAMMER II,CONTISS,7,1,B.SC COMPUTER SCIENCE,12/5/1991,,
SP/R/2699,,MUHAMMAD,BULAMA,TIJJANI,M,SCIENTIFIC,PERMANENT,12/17/2019,12/17/2019,SCIENTIFIC OFFICER II,CONTISS,7,1,B.SC CHEMISTRY,4/23/1994,,
SP/R/2700,,MUBARAK,,ABDULKADIR,M,ADMINISTRATIVE,PERMANENT,12/17/2019,12/17/2019,ADMINISTRATIVE ASSISTANT,CONTISS,7,1,B.Sc POLITICAL SCIENCE,4/24/1992,mubarakabdulkadir39@gmail.com,9030986061
2701,,AMINU,,BALA,M,SCIENTIFIC,PERMANENT,12/17/2019,12/17/2019,SCIENTIFIC OFFICER II,CONTISS,7,1,B.SC CHEMISTRY,5/3/1992,,
SP/R/2702,,JAIRU,,MAMMAN,M,SCIENTIFIC,PERMANENT,12/17/2019,12/17/2019,SCIENTIFIC OFFCIER II,CONTISS,7,1,B.SC ED EDUCATION BIOLOGY,5/3/1990,,
SP/R/2703,,NURADDEEN,SAADU,BALA,M,BUILDING,PERMANENT,12/16/2019,12/16/2019,BUILDER II,CONTISS,7,1,B.SC BUILDING,8/14/1991,,
SP/R/2704,,AHMED,ALHAJI,ZANNA,M,INVESTMENT,PERMANENT,12/17/2019,12/17/2019,ASSISTANT INVESTMENT OFFICER ,CONTISS,7,1,B.SC BUSINESS ADMINISTRATION,12/31/1989,,
SP/R/2705,,ALHAJI,,BAYARO,M,EXECUTIVE,PERMANENT,12/19/2019,12/19/2019,EXECUTIVE OFFICER,CONTISS,6,1,ND PUBLIC ADMINISTRATION/ ADVANCE DIPLOMA IN PUBLIC ADMINISTRATION,3/11/1976,,
SP/R/2708,,SHATTIMA,MUSTAPHA,KARUBE,M,MEDICAL LAB. TECHNICIAN,PERMANENT,,,MEDICAL LABORATORY TECHNICIAN,CONTISS,6,1,ND SCIENCE LAB. TECHNOLOGY,1/14/1992,,8032724357
SP/R/2722,,ISYAKU,,HARUNA,M,ENGINEEER,PERMANENT,12/17/2019,12/17/2019,ENGINEER II,CONTISS,7,1,B. ENG ELECTRICAL ENGINEERING,6/27/1992,,
SP/R/2723,,ABDULLAHI,,BABANGIDA,M,TECHNICAL,PERMANENT,12/31/2019,12/31/2019,HIGHER TECHNICAL OFFICER,CONTISS,7,1,HND QUANTITY  SURVEYING,1/1/1992,,
SP/R/2727,,USAINI,,AHMAD,M,PROGRAMMER,PERMANENT,12/17/2019,12/17/2019,SYSTEM PROGRAMMER II,CONTISS,7,1,B.SC COMPUTER SCIENCE,10/10/1991,,
SP/R/2736,,YUSUF,,ALIYU,M,ENGINEER,PERMANENT,12/17/2019,12/17/2019,ENGINEER II,CONTISS,7,1,B. ENG ELECTRICAL,4/7/1989,,
SP/R/2738,,SULEIMAN,,MOHAMMED,M,SYSTEM ANALYST,PERMANENT,12/20/2019,12/20/2019,SYSTEM ANALYST II,CONTISS,7,1,B.SC COMPUTER SCIENCE,7/23/1992,,
SP/R/2739,,KABIRU,,RABIU,M,SECURITY,PERMANENT,B.SC SOCIOLOGY,12/17/2019,SENIOR SECURITY OFFICER,CONTISS,7,1,MASTER IN CRIME MANGEMENT PREVENTION AND CONTROL/ B.SC SOCIOLOGY,3/5/1985,,
SP/R/2740,,ABDULLAHI,MUSTAPHA,UMAR,M,PROGRAMMER,PERMANENT,12/23/2019,12/23/2019,SYSTEM PROGRAMMER II,CONTISS,7,1,B.SC COMPUTER SCIENCE,3/3/1992,,
SP/R/2747,,ABDULWAHAB,MUHAMMAD,SURAJO,M,ACCOUNTANT ,PERMANENT,12/17/2019,12/17/2019,ACCOUNTANT II,CONTISS,7,1,B.SC ACCOUNTING,10/6/1991,sahik00667@gmail.com,7066463334
SP/R/2748,,ABDULLAHI,,USMAN,M,TECHNICAL,PERMANENT,12/17/2019,12/17/2019,TECHNICAL OFFICER,CONTISS,6,1,DIPLOMA IN WELDING AND FABRICATION,8/3/1992,,8021087211
SP/R/2749,,KABIRU,,BASIRU,M,TECHNICAL,PERMANENT,12/31/2019,12/31/2019,HIGHER TECHNICAL OFFICER,CONTISS,7,1,HND ELECTRIACAL ENGINEERING AND TECNOLOGY,5/19/1990,,
SP/R/2760,,BALA,,MUAZU,M,ACCOUNTANTANT,PERMANENT,17//12/2019,12/17/2019,ACCOUNTANT II,CONTISS,7,1,B.SC ACCOUNTING,3/3/1990,,
SP/R/2761,,FATIMA,MOHAMMED,SANDA,F,ADMINISTRATIVE,PERMANENT,12/18/2019,10/1/2017,SENIOR ASSISTANT REGISTRAR II,CONTISS,11,3,MASTERS IN COMMERCIAL LAW/PGD IN ISLAMIC BANKING AND INSURANCE/BLLB LAW,9/26/1973,,
SP/R/2763,,AISHA,SAGI,MUHAMMAD,F,NURSING SURPRITENDENT,PERMANENT,12/18/2019,12/18/2019,NURSING SUPRITENDENT II,CONTISS,6,1,NATIONAL DIPLOMA GENERAL NURSING,8/11/1990,,
SP/R/2766,,AHMAD,,YAKUBU,M,SECURITY,PERMANENT,12/24/2019,12/24/2019,HIGHER SECURITY OFFICER,CONTISS,7,5,B.SC CRIMINOLOGY AND SECURITY STUDIES,2/2/1982,,
SP/R/2771,,AMINU,MUHAMMAD,ABDULLAHI,M,ADMINISTRATIVE,PERMANENT,12/19/2019,12/19/2019,ADMINISTRATIVE ASSISTANT,CONTISS,7,1,B.A ENGLISH,1/1/1994,,
SP/R/2772,,YAKUBU,,HAFIZ,M,ARCHITECT,PERMANENT,12/23/2019,12/23/2019,ARCHITECT II,CONTISS,7,1,B.SC  ARCHITECTURE,11/3/1993,,
SP/R/2785,,HASAN,ABDULKADIR,MAINA,M,ADMINITRATIVE,PERMANENT,12/30/2019,12/30/2019,ADMINISRTATIVE ASSISTANT,CONTISS,7,1,B.SC POLITICAL SCIENCE,11/3/1989,,
SP/R/2786,,BASIRU,,GARBA,M,ADMINISTRATIVE,PERMANENT,12/24/2019,12/24/2019,ADMINISTRATIVE ASSISTANT,CONTISS,7,1,B.SC POLITICAL SCIENCE,11/26/1993,,
SP/R/2788,,ABDULYASSAR,AMINU,IBRAHIM,M,LIBRARY OFFICER,PERMANENT,12/24/2019,12/24/2019,ASSISTANT LIBRARY OFFICER II,CONTISS,7,1,B.SC LIBRARY AND INFORMATION SCIENCES,1/21/1990,,
SP/R/2789,,MUSA,,ISYAKU,M,ACCOUNTANT,PERMANENT,12/19/2019,12/19/2019,ACCOUNTANT II,CONTISS,7,1,B.SC ACCOUNTING,9/2/1985,,
SP/R/2794,,AISHAT,,DANMUSA,F,SECRETARIATE,PERMANENT,12/31/2019,12/31/2019,CONFIDENTIAL SECRETARY  II,CONTISS,7,1,PGD ECONOMIC & DEVELOPMENT STUDIES/HND OFFICE TECHNOLOGY & MANAGEMENT,8/5/1988,,
2795,,MOHAMMED,,SULE,M,EXECUTIVE,PERMANENT,12/23/2019,12/23/2019,EXECUTIVE OFFICER AUDIT,CONTISS,6,1,ADVANCED DIPLOM IN PIBPLIC ACCOUNTING & AUDITING,6/2/1996,,
SP/R/2796,,HALIMA,ABDULLAHI,BELLO,M,INVESTMENT,PERMANENT,12/24/2019,12/24/2019,INVESTMENT OFFICER II,CONTISS,7,1,B.SC ECONOMICS,3/6/1994,,
SP/R/2798,,NAZIFI,,USMAN,M,EXECUTIVE (ACCOUNT),PERMANENT,12/22/2019,12/22/2019,EXECUTIVE OFFICER,CONTISS,6,1,ND ADVANCED DIPLOMA IN ACCOUNTING/ ND PUBLIC ACCOUNTING & AUDIT,1/1/1992,,
2799,,ALIYU,,YUSIF,M,EXECUTIVE UADIT,PERMANENT,12/17/2019,12/17/2019,EXECUTIVE OFFICER UADIT,CONTISS,6,1,NATIONAL DIPLOMA ACCOUNTING,4/4/1990,,
2801,,UMAR,,ABDULKADIR,M,ADMINISTRATIVE,PERMANENT,12/24/2019,12/24/2019,ADMINISTRATIVE ASSISTANT,CONTISS,7,1,B.A ED ENGLISH,7/16/1981,,
2802,,MARYAM,JAMILA,MUHAMMAD,F,ADMINISTRATIVE,PERMANENT,1/6/2020,1/6/2020,ADMINISTRATIVE ASSISTANT,CONTISS,7,1,B.SC ED CHEMISTRY,7/12/1990,,
SP/R/2804,,UKASHATU,,AMINU,M,TECHNICAL,PERMANENT,12/23/2019,12/23/2019,HIGHER TECHNICAL OFFICER,CONTISS,7,1,HIGHER NATIONAL DIPLOAMA IN MECHANICAL ENGINEERING,4/11/1990,,
2807,,ABUBAKAR,YAHAYA,MUHAMMAD,M,CONFIDENTIAL SECRETARY,PERMANENT,1/10/2020,1/10/2020,CONFIDENTIAL SECRETARY III,CONTISS,6,1,NATIONAL DIPLOMA IN OFFICE TECHNOLOGY & MANAGEMENT,3/15/1988,,
SP/R/2809,,DR. IBRAHIM,,MIKAIL,M,MEDICAL,PERMANENT,12/24/2019,12/24/2019,PRINCIPAL MEDICAL OFFICER,CONTISS,13,2,MBBS,3/5/1982,,
2810,,FATIMA,MUSTAPHA,GANA,F,ACCOUNTANT,PERMANENT,12/24/2019,12/24/2019,ACOUNTANT II,CONTISS,7,1,B.SC ACCOUNTING,8/14/1993,,
SP/R/2812,,JAAFAR,,MUSA,M,ADMINISTRATIVE,PERMANENT,1/6/2020,1/6/2020,ADMINITRATIVE ASSISTANT,CONTISS,7,1,B.SC PUBLIC ADMINISTRATIN,3/13/1988,,
SP/R/2813,,ABDULJALAL,ABDU,HASSAN,M,ADMINISTRATIVE,PERMANENT,12/30/2019,12/30/2019,ADMINISTRATIVE ASSISTANT,CONTISS,7,1,B.A HISTORY AN DINTERNATIONAL RELATION,8/26/1994,,
2815,,IBRAHIM,MOHAMMED,ADAMU,M,EXECUTIVE,PERMANENT,12/31/2019,12/31/2019,HIGHER EXECUTIVE OFFICER,CONTISS,7,1,HIGHER NATIONAL DIPLOMA IN PUBLIC ADMINISTRATION,5/5/1989,imalam550@gmail.com,8135563380
SP/R/2816,,NASIRU,ADAMU,WUDIL,M,ADMINISTRATIVE,PERMANENT,12/30/2019,12/30/2019,HIGHER EXECUTIVE OFFICER (ACCOUNT),CONTISS,7,1,HND ACCOUNTANCY,2/2/1980,,
2817,,SADIQ,ABUBAKAR,BELLO,M,FARM OFFICER,PERMANENT,12/31/2019,12/31/2019,FARM OFFICER II,CONTISS,7,1,B. AGRICULTURE (AGRICULTURAL ECONOMICS & EXTENSION),13/10/19889,,
SP/R/2818,,KHADIJA,SANI,A,F,ADMINISTRATIVE,PERMANENT,1/2/2020,1/2/2020,ADMNISTRATIVE ASSSITANT,CONTISS,7,1,B.SC PUBLIC ADMINISTRATION,9/12/1990,,
2819,,RIBADO,,GARBA,M,ADMINISTRATIVE,PERMANENT,12/31/2019,12/31/2019,ADMINISTRATIVE ASSISTANT,CONTISS,7,1,B.A ARABIC,8/22/1990,,
SP/R/2820,,ABDULLAHI,,ALIYU,M,EXECUTIVE ACCOUNT,PERMANENT,12/31/2019,12/31/2019,HIGHER EXECUTIVE OFFICER,CONTISS,7,1,HND ACCOUNTANCY,1/11/1991,,
2821,,ZAHRAU,MUHAMMAD,KIRU,F,FARM OFFICER,PERMANENT,12/30/2019,12/30/2019,FARM OFFICER II,CONTISS,7,1,B.A AGRICUTURE (ANIMAL SCIENCE),1/2/1992,,
SP/R/2822,,NUYRA,,RABIU,M,INVSTMENT,PERMANENT,1/2/2020,1/2/2020,INVESTMENT OFFICER II,CONTISS,7,1,B.SC ECONOMICS,2/11/1984,,
SP/R/2823,,NUHU,BASHIR,SANUSI,M,ADMINISTRATIVE,PERMANENT,1/6/2020,1/6/2020,ADMINISTRATIVE ASSISTANT,CONTISS,7,1,B.SC BUSINESS ADMINISTRATION,2/22/1988,,
SP/R/2824,,HADIZA,BASHIR,ADO,F,SECURITY,PERMANENT,1/7/2020,1/7/2020,SENIOR SECURITY OFFICE,CONTISS,8,1,MASTER OF CRIME MANAGEMENT AND PREVENTION/ B.SC CRIMINOLOGY & SECURITY STIUDIES,5/23/1994,,
2825,,DANMAOGRO,IYABO,ASIA’U,F,TECHNOLOGIST,PERMANENT,1/2/2020,1/2/2020,TECHNOLOGIST II,CONTISS,7,1,B.SC CHEMISTRY,10/1/1977,,
SP/R/2830,,MUHAMMAD,MUTTAKA,SALEH,M,HEALTH RECORD TECHNICIAN,PERMANENT,1/2/2020,1/2/2020,HEALTH RECORD TECHNICIAN,CONTISS,6,1,ND  HEALTH INFORMATION TECHNICIAN,6/6/1994,,
SP/R/2831,,IBRAHIM,,YUSHAU,M,ADMINIISTRATIVE,PERMANENT,1/2/2020,1/2/2020,ADMINISTRATIVE ASSISTANT,CONTISS,7,1,B.ED ISLAMIC STUDIES,2/5/1981,,
SP/R/2832,,ABUBAKAR,ADAMU,YAKUBU,M,MEDICAL LAB TECHNICIAN,PERMANENT,1/2/2020,2/2/2020,MEDICAL LABORATORY TECHNICIAN,CONTISS,6,1,ND  MEDICAL LAB TECHNICIAN,3/12/1994,,
2834,,ABDULLAHI,UMAR,FAROUQ,M,ADMINISTRATIVE,PERMANENT,12/31/2019,12/31/2019,ADMINISTRATIVE ASSISTANT,CONTISS,7,1,B.SC ED ECONOMICS,11/6/1994,,
SP/R/2835,,UMAIMAH,SALEH,HASSAN,F,ENVIRONMENTAL HEALTH,PERMANENT,1/2/2020,2/2/2020,ENVIRONMENTAL HEALTH OFFICER II,CONTISS,7,1,POST GRADUATE DIPLOMA IN ENVIRONMENTAL AND PUBLIC HEALTH/ B.SC BIOCHEMISTRY,10/17/1985,,
2838,,ABDULLAHI,FAROUK,MUHHAMED,M,SCIENTIFIC,PERMANENT,12/31/2019,12/31/2019,SCIENTFIC OFFICER II,CONTISS,7,1,B.SC AGRICULTURAL EXTENSION,5/5/1987,,
2840,,ABDULLAHI,,GARBA,M,SCIENTIFIC,PERMANENT,1/2/2020,1/2/2020,SCIENTIFIC OFFICER II,CONTISS,7,1,B.SC GEOGRAPHY,7/27/1988,,
SP/R/2843,,ASHIRU,YAHAYA,MUHAMMAD,M,INVESTMENT,PERMANENT,1/6/2020,1/6/2020,INVESTMENT OFFICER II,CONTISS,7,1,B.SC ECONOMICS,1/2/1990,,
2847,,LAWAN,MUHAMMED,HUHAMMED,M,INFORMATION,PERMANENT,1/7/2020,1/7/2020,INFORMATION OFFICER II,CONTISS,7,1,B.SC MASS COMMUNICATION,9/5/1991,,
SP/R/2849,,IBRAHIM,ABDULKARIM,JAURO,M,TECHNICAL,PERMANENT,1/8/2020,1/8/2020,TECHNICAL OFFICER III ICT,CONTSS,6,1,HND COMPUTER ENGINEERING TECHNOLOGY,5/1/2000,,
2854,,MURTAL,SANI,IBRAHIM,M,ACCOUNTANT,PERMANENT,1/6/2020,06/01/202,ACCOUNTANT II,CONTISS,7,1,MASTERS IN BUSINESS ADMINISTRATION/B.SC ACCOUNTING,2/28/1979,,
2855,,OKORO,SUNDAY,OSAYI,M,TECHNOLOGIST,PERMANENT,1/6/2020,1/6/2020,CHIEF TECHNOLOGIST,CONTISS,13,9,MSC MCRO BIOLOGY/ PGD BIOLOGICAL SCIENCE/ HND SCIENCE LABORATORY TECHNOLOGY,5/24/1963,,
SP/R/2856,,NUHU,,HARISU,M,TECHNICAL ICT,PERMANENT,1/7/2020,1/7/2020,TECHNICAL OFFICE II ICT,CONTISS,7,1,B.SC COMPUTER SCIENCE,12/13/1989,,
SP/R/2857,,UMAR,,MUSTAPHA,M,TECHNICAL ICT,PERMANENT,1/7/2020,1/7/2020,TECHNICAL OFFICER II ICT,CONTISS,7,1,HND COMPUTER SCIENCE,3/17/1994,,
SP/R/2859,,BABAGANA,,ADAMU,M,ADMINISTRATIVE,PERMANENT,1/7/2020,1/7/2020,ADMINISTRATIVE OFFICER,CONTISS,7,1,B.SC ED BIOLOGY,8/3/1987,,
SP/R/2862,,YAKUBU,,USMAN,M,INVESTMENT,PERMANENT,1/9/2020,1/9/2020,INVESTMENT OFFICER II,CONTISS,7,1,B.SC ECONOMICS,10/21/1987,,
SP/R/2863,,MUSTAPHA,IMAM,MOHD,M,EXECUTIVE,PERMANENT,1/10/2020,1/10/2020,HIGHER EXECUTIVE OFFICER,CONTISS,7,1,HND BUSINESS ADMINISTRATION & MANAGEMENT,1/16/1982,,
SP/R/2865,,AHMAD,ALIYU,JANYAU,M,ACCOUNTANT,PERMANENT,1/8/2020,1/8/2020,ACCOUNTANT II,CONTISS,7,1,PGD ACCONUTING AND FINANCE/ B.SC ACCOUNTANT,9/30/1992,,
SP/R/2866,,ANAS,,DAHIRU,M,INVESTMENT,PERMANENT,1/9/2020,1/9/2020,INVESTMENT OFFICER II,CONTISS,7,1,B.SC ECONOMICS,5/5/1992,,
SP/R/2869,,ABDULLAHI,,MUHAMMAD,M,TECHNOLOGIST,PERMANENT,1/10/2020,1/10/2020,SENIOR ASSISTANT SCIENCE TECHNOLOGIST,CONTISS,6,1,ND SCIENCE LABORATORY TECHNOLOGY,1/1/1982,,
SP/R/2875,,HADIZA,IBRAHIM,ALIYU,F,TECHNOLOGY,PERMANENT,1/16/2020,1/16/2020,TECHNOLOGIST II,CONTISS,7,1,B.SC INDUSTRIAL CHEMISTRY,9/21/1984,,
SP/R/2876,,SHUAIBU,IBRAHIM,DANYARO,M,INVESTIMENT,PERMANENT,1/10/2020,1/10/2020,ASSISTANT  INVESTMENT OFFICER,CONTISS,7,1,B.SC FOOD SCIENCE AND TSCHNOOGY,1/10/1989,,
SP/R/2881,,MAHMUD,SANI,MUHAMMAD,M,PROGRAMMER,PERMANENT,1/14/2019,1/14/2019,SYSTEM PROGRAMMER I,CONTISS,8,1,BSC INFORMATION TECHNOLOGY,9/25/1987,,
2882,,BAFFA,BABA,DANHAYA,M,ADMINISTRATIVE,PERMANENT,1/14/2020,1/14/2020,ADMINISTRATIVE ASSISTANT,CONTISS,7,1,B.A ED ENGLISH,5/16/1989,,
SP/R/2884,,ABDULHAMEED,SHEHU,BELLO,M,ADMINISTRATIVE,PERMANENT,1/15/2020,1/15/2020,ADMINISTRATIVE ASSISTANT,CONTISS,7,1,B.SC POLITICAL SCIENCE AND CONFLICT RESOLUTION,8/11/1995,,
SP/R/2885,,HARUNA,,ABDULKADIR,M,ADMINISTRATIVE,PERMANENT,1/15/2020,1/15/2020,ADMINISTRATIVE ASSISTANT,CONTISS,7,1,B.SC ED GEOGRAPHY,11/29/1991,,
SP/R/2890,,HABIBU,,HUSSAINI,M,TECHNOLOGIST,PERMANENT,1/22/2020,1/22/2020,TECHNOLOGIST II,CONTISS,7,1,B.SC CHEMISTRY,1/1/1993,,
SP/R/2924,,BASHIR,,MUKHTAR,M,INVESTMENT,PERMANENT,23/06/2020,23/06/2020,INVESTMENT OFFICER,CONTISS,8,1,MASTERS IN DEVELOPMENT STUDIES,1/1/1984,bashmukhtar1984@gmail.com,8065548532
SP/R/2925,,BELLO,ANNUR,DAHIRU,M,SCIENTIFIC,PERMANENT,23/06/2020,23/06/2020,SCIENTIFIC OFFICER,CONTISS,7,1,BS.C ENVIRONMENTAL MANAGEMENT &TOXICOLOGY,28/01/1989,shehudahiruhja@gmail.com,8030609161
SP/R/3028,,UMAR,,YAHAYA,M,TECHNOLOGIST,PERMANENT,23/06/2020,23/06/2020,TECHNOLOGIST II,CONTISS,7,1,B.Sc ENVIRONMENTAL MANAGEMENT AND TOXICOLOGY,22/01/1992,umaryahayaumar@gmail.com,8109548051
SP/R/3029,,MARYAM,,ISMAIL,F,TECHNOLOGIST,PERMANENT,23/06/2020,23/06/2020,LABORATORY TECHNOLOGIST,CONTISS,7,1,B.SC GEOGRAPHY,22/09/1984,maryamnuhubaba@gmail.com,8139115879
SP/R/3032,,AUWAL,WADA,IBRAHIM,M,PHARMACY TECHNICIAN,PERMANENT,23/06/2020,23/06/2020,PHARMARCY TECHNICIAN,CONTISS,6,1,PHARMACY CERTIFICATE,10/4/1994,wadaauwal10@gmail.com,8035663192
SP/R/3033,,ZAINAB,HUSSAINI,BABARU,F,LEGAL ,PERMANENT,23/06/2020,23/06/2020,LEGAL OFFICER,CONTISS,8,1,B.L & L.L.B (HON) LAW,7/1/1992,zainabhussaini@gmail.com,7035237830
SP/R/3035,,IBRAHIM,ABDULHADI,UBA,M,ADMINISTRATION,PERMANENT,23/06/2020,23/06/2020,ADMINISTRATIVE ASSISTANT,CONTISS,7,1,B.SC POLITICAL SCIENCE,21/08/1991,abdulhadiubaibrahim@gmail.com,8105557023
SP/R/3036,,HYELLAYUDA,,WAZIRI,F,ADMINISTRATIVE,PERMANENT,23/06/2020,23/06/2020,ADMINISTRATIVE ASSISTANT,CONTISS,7,1,B.SC HISTORY (SECOND CLASS),28/04/1990,bitrusbalami2001,8060524658
SP/R/3037,,UMMASALAMA,AMINU,UMAR,F,LEGAL ,PERMANENT,23/06/2020,23/06/2020,LEGAL OFFICER,CONTISS,8,1,B.L & L.L.B (HON) LAW,20/09/1994,ummasalama.aminu@yahoo.com,7066182426
SP/R/3038,,ABASIHIYA,MOHAMMED,ALJUMAT,F,INVESTMENT,PERMANENT,26/06/2020,26/06/2020,ASSISTANT INVESTMENT OFFICER,CONTISS,7,1,B.SC BUSINESS ADMINISTRATION,22/07/1996,abashiyamohammed8080@gmail.com,8068916067
SP/R/3040,,HAJARA,,BALA,F,EXECUTIVE (ACCOUNT),PERMANENT,23/06/2020,23/06/2020,EXECUTIVE OFFICER (ACCOUNT),CONTISS,6,1,ND ACCOUNTING,3/7/1989,mallammusbahu.@gmail.com,7035888853
SP/R/3041,,ADAMU,LAWAN,TALBA,M,EXECUTIVE (ACCOUNT),PERMANENT,23/06/2020,23/06/2020,HIGHER EXECUTIVE OFFICER (ACCOUNT),CONTISS,7,1,HND ACCOUNTING,5/2/1981,adamutalba1980@gmail.com,8032394292
SP/R/3042,,MUHAMMAD,SAAD,SHUAIB,M,EXECUTIVE (ACCOUNT),PERMANENT,23/06/2020,23/06/2020,EXECUTIVE OFFICER (ACCOUNT),CONTISS,7,1,HND BAKING & FINANCE,6/7/1984,msshuaib1127@gmail.com,8033363217
SP/R/3045,,JABIR,TUKUR,ABDULLAHI,M,SYSTEM ANALYST,PERMANENT,23/06/2020,23/06/2020,SYSTEM ANALYST I,CONTISS,8,1,M. SC COMPUTER SCIENCE,20/05/1985,jtabdullahi299@gmail.com,8038591062
SP/R/3046,,ZAHARADDEEN ,KARAMI,LAWAL,M,SYSTEM ANALYST,PERMANENT,23/06/2020,23/06/2020,SYSTEM ANALYTS I,CONTISS,8,1,MSC COMPUTER SCIENCE,1/10/1988,deenklawa113@gmail.com,7063509556
SP/R/3052,,IBRAHIM. ,NASIR,MUHTAR,M,SYSTEM ANALYST,PERMANENT,11/24/2020,11/24/2020,SYSTEM ANALYST II,CONTISS,7,1,B.SC COMPUTER SCIENCE,3/21/1996,khaleeibrahim364@gmail.com,8108984861
SP/R/3053,,ADAM,ZAKARIYYA,ABDUL'AZIZ,M,ENGINEER,PERMANENT,23/06/2020,23/06/2020,ENGINEER II,CONTISS,7,1,B.ENG ELECTRICAL ENGINEERING,10/10/1988,adamuzakariyya12@gmail.com,7061832026
SP/R/3054,,ABUBAKAR,,HUSSAINI,M,LAND SURVEYOR,PERMANENT,23/06/2020,23/06/2020,LAND SURVEYOR II,CONTISS,7,1,B.TECH LAND SURVEYING,10/10/1988,kabak05.ah@gmail.com,8031380139
SP/R/3055,,ABUBAKAR,,SHEHU,M,EXECUTIVE,PERMANENT,26/06/2020,26/06/2020,SENIOR EXECUTIVE OFFICER (ACCOUNT),CONTISS,8,1,MASTER OF BANKING AND FINANCE,22/08/2020,sh.abubakar1987@gmail.com,8060763481
SP/R/3057,,BARA'ATU,HAMZA,AHMAD,F,INFORMATION,PERMANENT,11/2/2020,11/2/2020,INFORMATION OFFICER II,CONTISS,7,1,B.A. LIBRARY & INFORMATION SCIENCE/POLITICAL SCIENCE,7/7/1990,baraatuham2ahmad04@gmail.com,8160057500
SP/R/3061,,AMINU,HUSSENI,IBRAHIM,M,AUDIT,PERMANENT,23/06/2020,23/06/2020,INTERNAL AUDITOR II,CONTISS,7,1,B.SC ACCOUNTING & AUDITING,1/6/1988,aminuibrahim8484@gmail.com,7065182181
SP/R/3062,,ABUBAKAR,ABUBAKAR,GALLA,M,ADMINISTRATION,PERMANENT,23/06/2020,23/06/2020,ADMINISTRATIVE ASSISTANT,CONTISS,7,1,B.SC SOCIOLOGY,4/3/1993,gallah82@yahoo.com,7061820061
SP/R/3063,,MUSTAPHA,ABDULLAHI,ZAHRADEEN,M,SYSTEM ANALYST,PERMANENT,23/06/2020,23/06/2020,SYSTEM ANALYST II,CONTISS,7,1,B.SC COMPUTER SCIENCE,3/4/1994,mazahradeen@gmail.com,8035043288
SP/R/3064,,JABIR,SHUAIBU,LADAN,M, INVESTMENT OFFICER,PERMANENT,23/06/2020,23/06/2020,ASSISTANT INVESTMENT OFFICER,CONTISS,7,1,B.SC ECONOMICS,15/10/1990,jabir.ladan@yahoo.com,8032609505
SP/R/3065,,BILKIISU,MUKTHAR,LAWAL,F,LEGAL ,PERMANENT,23/06/2020,23/06/2020,LEGAL OFFICER,CONTISS,8,1,B.L & L.L.B (HON) LAW,17/08/1987,bilkisumukthear86@gmail.com,8031824271
SP/R/3066,,SAADATU,MUKTHAR,LAWAL,F,PROGRAMMER,PERMANENT,23/06/2020,23/06/2020,PROGRAMMER II,CONTISS,7,1,B.SC COMPUTER SCIENCE/ECONOMICS,15/04/1993,hameedamuthtar@gmail.com,8064397545
SP/R/3067,,ABDULLAHI,UMAR,MUHAMMAD,M,LEGAL ,PERMANENT,23/06/2020,23/06/2020,LEGAL OFFICER,CONTISS,8,1,BARRISTER OF LAW CERTIFICATE (B.L),10/10/1988,umarmuhammad@gmail.com,7039074048
SP/R/3068,,YEKINI,LUKUMAN,ABOLORE,M,ENGINEER,PERMANENT,23/06/2020,23/06/2020,ELECTRICAL ENGINEER I ,CONTISS,8,1,B. ENG ELETRICAL ENGINEERING,11/10/1978,mallamkuku@yahoo.com,8066109867
SP/R/3069,,ABUBAKAR,SADIQ,MUHAMMAD,M,PROGRAMMER,PERMANENT,7/10/2020,7/10/2020,PROGRAMME ANALYST I,CONTISS,8,1,MASTERS DISASTER RISK MANAGEMENT,20/11/1994,mabubkrsadeeq@gmail.com,8037551552
SP/R/3085,,NGOMO,MBA KEYBIR,MOHAMMED ,M,COACHING,PERMANENT,23/06/2020,23/06/2020,SPORTS COACH II,CONTISS,7,1,B.ED PHYSICAL & HEALTH EDUCATION,1/1/1979,keybirm@gmail.com,8023815414
SP/R/3086,,ISAQ,ALIYU,ISAQ,M,ADMINISTRATIVE,PERMANENT,10/6/2020,10/6/2020,ADMINISTRATIVE  ASSISTANT,CONTISS,7,1,B.SC POLITICAL SCIENCE,,,
SP/R/3086,,ISAQ ,ALIYU,ISAQ,M,ADMINISTRATIVE,PERMANENT,10/6/2020,10/6/2020,ADMNISTRATIVE ASSISTANT,CONTISS,7,1,B.SC POLITICAL SCIENCE,1/21/1991,,
SP/R/3101,,SHAHID ,MUSTAPHA,AMINU,M,TECHNOLOGIST,PERMANENT,1/13/2020,1/13/2020,TECHNOLOGIST II,CONTISS,7,2,HND MICROBIOLOGY,4/6/1984,,8038822800
SP/R/3102,,SHAMSIYYA,BASHIR,KARAYE,F,ADMINISTRATIVE,PERMANENT,11/9/2020,11/9/2020,ADMINISTRATIVE OFFICER,CONTISS,8,1,MASTERS OF DEVELOPMENT STUDIES/ B.A. ED ENGLISH,10/26/1990,shamieybashir@gmail.com,
SP/R/3102,,SHAMSIYYA ,BASHIR,KARAYE,F,ADMINISTRATIVE ,PERMANENT,1/13/2020,1/13/2020,ADMINISTRATIVE  OFFICER,CONTISS,8,1,M. DEV. STUDIES,10/26/1990,,
SP/R/3103,,ISMAILA,KOLADE,BAMIGBADE,M,ADMINISTRATIVE,PERMANENT,11/9/2020,11/9/2020,ADMNISTRATIVE ASSISTANT,CONTISS,7,1,M.SC GEOGRAPHY & PLANNING,11/7/1978,ismailbamigbade@gmail.com,8149605252
SP/R/3103,,ISMAILA ,KOLADE,BAMIBADE,M,ADMINISTRATIVE ,PERMANENT,1/13/2020,1/13/2020,ADMINISTRATIVE ASSISTANT,CONTISS,7,2,M.SC. GEOGRAPHY,11/7/1988,,
SP/R/3104,,ALIYU ,ASHIRU,SHUAIBU,M,ADMINISTRATIVE ,PERMANENT,11/5/2020,11/5/2020,ADMINISTRATIVE ASSISTANT,CONTISS,7,2,B.A ISLAMIC STUDIES,11/9/1983,aashirushuaibu@gmail.com,8033723068
SP/R/3105,,IBRAHIM,MUHD,LAWAL,M,ADMINISTRATIVE ,PERMANENT,1/13/2020,1/13/2020,ADMINISTRATIVE ASSISTANT,CONTISS,7,2,"PGD INDUSTRIAL LABOUR REL., B.SC. SOCiology ",12/30/1981,ibraheemoss@yahoo.com,8036790114
SP/R/3106,,ALHERI ,MUSA,GAMBO,F,ADMINISTRATIVE ,PERMANENT,11/4/2020,11/4/2020,ADMINISTRATIVE  OFFICER,CONTISS,8,2,MASTERS IN PUBLIC POLICY & ADMINISTRATION,6/6/1992,alheriggambo@gmail.com,8060771626
SP/R/3107,,SADIQ,SALISU,GARBA,M,SECURITY,PERMANENT,11/16/2020,11/16/2020,HIGHER SECURITY OFFICER,CONTISS,7,2,M.SC DEFENCE & STRATEGIC STUDIES,7/14/1995,sadeeq.garba.sg@gmail.com,8138575306
SP/R/3108,,AMINU,BAITA,SALIHI,M,EXECUTIVE (ADMINISTRATION),PERMANENT,1/13/2020,1/13/2020,HIGHER EXECUTIVE OFFICER,CONTISS,7,3,HND PUBLIC ADMINISTRATION,4/4/1984,baitaaminu@gmail.com,8065348380
SP/R/3109,,JAMILA ,AHMED,PATE,F,COUNSELING PSYCHOLOGY,PERMANENT,1/13/2020,1/13/2020,COUNSELLING PSYCHOLOGY II,CONTISS,8,1,PG.D IN GUIDANCE & CONSE.,5/17/1970,,
SP/R/3110,,SULEIMAN ,WAKKIL,USMAN,M,TECHNOLOGIST,PERMANENT,11/23/2020,11/23/2020,TECHNOLOGIST II,CONTISS,7,2,HND FISHERIES TECHNOLOGY,4/4/1988,wakilusmanchibok@gmail.com,"08035331661, 08060940331"
SP/R/3110,,SULEIMAN ,WAKIL,USMAN,M,TECHNOLOGIST,PERMANENT,1/13/2020,1/13/2020,TECHNOLOGIST II,CONTISS,7,2,HND FISHERIES,4/4/1988,,
SP/R/3111,,ABDULZEEZ ,,AHMED,M,ADMINISTRATIVE,PERMANENT,1/13/2020,1/13/2020,ADMINISTRATIVE ASSISTANT,CONTISS,7,2,B.SC. ECONOMICS,6/26/1991,,
SP/R/3116,,TAFSIR,USMAN,KHAN,M,SYSTEM ANALYST,PERMANENT,1/13/2020,1/13/2020,SYSTEM ANALYST II,CONTISS,7,2,B.SC. INFOR. TECH,10/10/1990,tafsirkhanjallo@gmail.com,8036120992
SP/R/3117,,ABDULRAZAQ,MUKHTAR,YAHAYA,M,TECHNOLOGIST,PERMANENT,11/16/2020,11/16/2020,ASSISTANT LABORATORY TECHNOLOGIST,CONTISS,6,1,ND. SCI. LAB. TEC,6/13/1987,,8068213147
SP/R/3117,,ABDULRAQ ,ABDULRAZAQ,YAHAYA,M,TECHNOLOGIST,PERMANENT,1/13/2020,1/13/2020,ASSISTANT LABORATORY TECHNICIAN,CONTISS,6,1,ND. SCI. LAB. TEC,6/30/1987,,
SP/R/3118,,NAJIB ,NAJIB,DABO,M,TECHNOLOGIST,PERMANENT,1/13/2020,1/13/2020,ASSISTANT LABORATORY TECHNICIAN,CONTISS,6,1,ND SCI LABORATORY TECH. ,12/5/1999,,
SP/R/3119,,IBRAHIM. ,MOHD,ABDULLAHI,M,ENVIRONMENTAL HEALTH,PERMANENT,1/13/2020,1/13/2020,ENVIRONMENTAL OFFICER,CONTISS,8,1,M.SC. ENV. MANAGEMENT,12/6/1980,ibnkak@gmail.com,
SP/R/3120,,MUHAMMAD ,ALI,MUTAH,M,HIGHER EDUCATION OFFICER,PERMANENT,1/13/2020,1/13/2020,HIGHER EDUCATION OFFICER,CONTISS,7,2,B.SC. EDUC ( AGRI.),9/19/1983,,
SP/R/3121,,FADIMATU ,AMINU,IBRAHIM,F,HIGHER EDUCATION OFFICER,PERMANENT,1/13/2020,1/13/2020,HIGHER EDUCATION OFFICER,CONTISS,7,2,B.SC. EDUC. (BIOLOGY),9/10/1994,fadimatuibrahimaminu@gmail.com,8037111452
SP/R/3122,,ALIYU ,USMAN,BASHIR,M,HIGHER EDUCATION OFFICER,PERMANENT,1/13/2020,1/13/2020,HIGHER EDUCATION OFFICER,CONTISS,7,2,B.SC. MATHEMATICS,10/23/1992,,
SP/R/3123,,HAMZA ,BALARABE,AHMED,M,H.T.O (ELECT),PERMANENT,1/13/2020,1/13/2020,HIGHER TECHNICAL OFFICER  (ELECTRICAL),CONTISS,7,2,HND (ELECT),9/19/1987,,
SP/R/3124,,MUHAMMAD ,,MUSTAPHA,M,ENGINEER,PERMANENT,1/13/2020,1/13/2020,ENGINEER I,CONTISS,8,1,M.SC. CIVIL (ENGR.),4/2/1975,muhammusty75@gmail.com,8022599526
SP/R/3125,,DAUDA ,,ELIJAH,M,LIBRARIAN,PERMANENT,1/13/2020,1/13/2020, ASSISTANT LIBRARIAN,CONTISS,7,2,B.L. SC,6/26/1993,,
SP/R/3125,,DAVID,,ELIJAH,M,LIBRARIAN,PERMANENT,11/18/2020,11/18/2020,ASSISTANT LIBRARIAN II,CONTISS,7,2,BLIS. LIBRARY & INFO. SCIENCE,6/26/1993,davidelijah00@gmail.com,8167592432
SP/R/3130,,AMINU ,,JA'AFAR,M,SYSTEM ANALYST,PERMANENT,11/23/2020,11/23/2020,SYSTEM ANALYST II,CONTISS,7,2,B.SC COMPUTER SCIENCE,7/29/1983,dandumeone@gmail.com,8039256651
SP/R/3319,,IBRAHIM. ,MUHAMMAD,ABDULLAHI,M,ENVIRONMENTAL HEALTH,PERMANENT,11/4/2020,11/4/2020,ENVIRONMENTAL HEALTH OFFICER,CONTISS,8,12,M.SC ENVIRONMENTAL,7/9/1990,ibnkak@gmail.com,7014449887
SP/R/3056,,MUHAMMAD,HALIRU,BABANGIDA,M,CONFIDENTIAL SECRETARY,PERMANENT,10/7/2020,10/7/2020,SENIOR CONFIDENTIAL SECRETARY,CONTISS,9,3,HND OFFICE TECHNOLOGY AND MANAGEMENT,9/11/1984,mhbabangida@gmail.com,8125227566
SP/R/2897,,AMINU,AHMAD,ABDULLAHI,M,LIBBRARIAN,PERMANENT,3/16/2020,3/16/2020,LIBRARIAN I,CONTISS,9,6,BSC LIBRARY AND INFORMATION SCIENCE/HAUSA,7/1/1979,ahmadabbati79@gmail.com,8034381928
SP/R/2735,,ALICE,YISA,ADISHETU,F,SCIENCE LABORATORY ,PERMANENT,1/9/2020,1/9/2020,SCIENCE  LABORATORY TECHNOLOGIST II,CONTISS,7,1,HND IN BIOCHEMISTRY,6/8/1990,aliceyisa52@gmail.com,7060471642
SP/R/2565,,DEBORA,RUTH,EKELE,F,STORE OFFICER,PERMANENT,11/12/2019,12/11/2019,HIGHER STORE OFFICER,CONTISS,7,2,HND  BUSINESS ADMINISTRATION  MANAGEMENT,9/8/1986,ruthakele@gmail.com,8135559349
SP/R/2559,,SURAJO,ABDUL,GIMBA,M,LIBRARIAN,PERMANENT,12/12/2019,12/12/2019,ASSISTANT LIBRARIAN,CONTISS,7,2,POST GRADUATE DIPLOMA  INFORMATION MANAGEMENNT,4/2/1990,,7039761033
SP/R/2500,,UMAR,HALILU,JADA,M,ADMINISTRATIVE,PERMANENT,12/11/2019,12/11/2019,ADMINISTRATIVE ASSISTANT,CONTISS,7,2,B.SC SOCIOLOGY,2/2/1989,haliluumarjada@gmail.com,8066312393
SP/R/1766,,SAHABO,,ADAMU,M,EXECUTIVE,PERMANENT,1/12/2016,10/1/2019,HIGHER EXECUTIVE OFFICER,CONTISS,7,2,NCE ISLASMIC STUDIES,2/13/1981,,70643545216
SP/R/1588,,MU'AZU ,,SHU'AIBU,M,EXECUTIVE,PERMANENT,8/17/2015,10/1/2019,HIGHER EXECUTIVE OFFICER,CONTISS,7,2,HND  ACCOUNTANCY,2/2/1988,,
SP/R/557,,NASIRU ,,ABDULLAHI,M,EXECUTIVE,PERMANENT,1/7/2013,10/1/2019,HIGHER EXECUTIVE OFFICER,CONTISS,7,1,NCE  ARABIC AND ISLAMIC STUDIES,6/1/1983,,7064884979
SP/R/2607,,HASSAN,,LAWAN,M,FORESTRY SUPERITENDANT,PERMANENT,12/5/2019,12/5/2019,ASSISTANT FORESTRY SUPERITENDEANT,CONTISS,6,2,ND ANIMAL HEALTH AND PRODUCTION,2/19/1988,hassanlawal12@gmail.com,7031528997
SP/R/2637,,NURA ,BAFFA,SANI,M,MEDICAL LAB TECHNICIAN,PERMANENT,11/20/2019,11/20/2019,MEDICAL LABORATORY TECHNICIAN,CONTISS,6,2,MEDICAL LABORATORY TECHNICIAN,4/12/1989,,8030596759
SP/R/2706,,BINTA,RUFAI,MUSA,F,INVESTMENT ,PERMANENT,12/16/2019,12/16/2019,INVESTMENT OFFICER I ,CONTISS,8,2,M.SC BANKING & FINANCE,6/6/1982,mubasaum@gmail.com,8033513178
SP/R/238,,NURA,,YAKUBU,M,SECURITY,PERMANENT,5/23/2012,10/1/2018,HIGHER SECURITY OFFICER,CONTISS,7,1,NCE ENGLISH EDUCATION,2/13/1976,,
SP/R/3131,,ALKASIM,,BUHARI,M,FARM OFFICER,PERMANENT,3/4/2021,3/4/2021,FARM OFFICER II,CONTISS,7,2,B.AGRIC (HONS),8/10/1995,buharialkasim01@gmail.com,7067681270
SP/R/3129,,IDRIS,AHMAM,MUSA,M,INFORMATION OFFICER,PERMANENT,3/4/2021,3/4/2021,INFORMATION OFFICER II,CONTISS,7,2,B.A ENGLISH,1/6/1989,edrees4374@gmail.com ,07033085932 07056817707
SP/R/1105,,IBRAHIM,,ADAMU,M,EXECUTIVE,PERMANENT,4/29/2014,10/1/2017,HIGHER EXECUTIVE OFFICER (ACCOUNT),CONTISS,7,2,NATIONAL DIPLOMA  IN ACCOUNTANCY,5/19/1987,ibrahimadamu917@yahoo.com,8030667585
